S02200006275696C642F64736B666A73646C6B666A736C6B666A736B6C666A2E733139CF
S3152000000000BFDFF814D002F0B4FD00F093FB02F03D
S31520000010C2BDFEE700BF000000C0012080B487B04B
S3152000002000AFF860384680E80E0007F11003FA1C8E
S315200000301068516803C3FB681A4607F1100393E85A
S31520000040030082E80300F8681C37BD465DF8047B90
S31520000050704780B588B000AF03463960FB71012335
S315200000603B7501237B750823BB75FB793B733B6886
S315200000703B6107F1170207F10C0303CB10605160B7
S3152000008007F114031A460449044801F0B5FC00BFE1
S315200000902037BD4680BD00BFAB22002070900020D7
S315200000A080B582B000AF3B4683E803003B78062B41
S315200000B041D801A252F823F0D5000020E300002009
S315200000C0F1000020FF0000200D0100202901002062
S315200000D01B0100201A4B1A461A491B4801F08CFCBA
S315200000E029E01A4B1A461749174801F085FC22E0E9
S315200000F0174B1A461349144801F07EFC1BE0154B9A
S315200001001A461049104801F077FC14E0124B1A46A3
S315200001100C490D4801F070FC0DE0104B1A460949B8
S31520000120094801F069FC06E00D4B1A4605490648C8
S3152000013001F062FC00BF00BF0837BD4680BD00BF8E
S315200001404489002083240020E89000205489002040
S3152000015064890020748900208089002090890020ED
S315200001609C89002080B582B000AF3B4683E803001F
S315200001703B78062B3CD801A252F823F099010020A7
S31520000180A5010020B1010020BD010020C9010020E9
S31520000190E3010020D501002000221749174801F06D
S315200001A02BFC25E000221649144801F025FC1FE00F
S315200001B000221449114801F01FFC19E000221249BF
S315200001C00E4801F019FC13E0002210490B4801F0FB
S315200001D013FC0DE07B681A460D49084801F00CFC1B
S315200001E006E07B681A460B49044801F005FC00BF6F
S315200001F000BF0837BD4680BD150A0020409000206C
S31520000200710A0020F109002079090020B509002093
S31520000210C90700208907002080B588B000AF786024
S31520000220396007F114031A461249134801F0E4FB1A
S31520000230124B1A461249134801F0DEFB07F10C0057
S3152000024007F114030ECBFFF7E9FE07F10C0393E841
S315200002500300FFF725FF7B68DB68002B05D107F13C
S315200002600C0393E80300FFF77DFF00BF2037BD4650
S3152000027080BD00BFE121002070900020A8890020C9
S3152000028083240020E890002080B584B000AF7860F9
S3152000029039603B682C3B482B00F2078201A252F8BA
S315200002A023F000BF050400209D0500202304002024
S315200002B0AB06002085040020A1040020BD040020F8
S315200002C0D9040020F5040020110500202D0500206A
S315200002D0490500206505002081050020AB06002089
S315200002E0AB060020AB060020AB060020AB060020A4
S315200002F0AB060020AB060020AB060020AB06002094
S31520000300AB060020AB060020AB060020AB06002083
S31520000310AB060020AB060020AB060020AB06002073
S31520000320AB060020AB060020AB060020AB06002063
S31520000330AB060020AB060020AB060020AB06002053
S31520000340AB060020AB060020AB060020AB06002043
S31520000350AB060020AB060020AB060020AB06002033
S31520000360AB060020AB060020AB060020AB06002023
S31520000370AB060020AB060020AB060020AB06002013
S315200003805F040020AB06002071040020AB0600208D
S31520000390AB060020AB060020AB060020AB060020F3
S315200003A0B9050020AB06002041040020AB06002042
S315200003B0AB060020C9030020AB060020AB060020B8
S315200003C0E70300204106002000210020FFF741FE20
S315200003D07B68DB68002B00F05D8100228C498D480C
S315200003E001F00AFB56E100210120FFF732FE7B686F
S315200003F0DB68002B00F0508100228749854801F0F8
S31520000400FBFA49E100210320FFF723FE7B68DB6826
S31520000410002B00F04381002280497E4801F0ECFA4F
S315200004203CE100210420FFF714FE7B68DB68002BEB
S3152000043000F0368100227A49764801F0DDFA2FE174
S3152000044000210220FFF705FE7B68DB68002B00F009
S315200004502981002273496F4801F0CEFA22E17B6898
S315200004600122DA60704B1A467049714801F0C4FACD
S315200004707B680022DA606F4B1A466C496C4801F0A3
S31520000480BBFA12E17B689B683A68D1B27A6813445A
S315200004900A461A747B689B685A1C7B689A6004E13A
S315200004A07B689B683A68D1B27A6813440A461A7404
S315200004B07B689B685A1C7B689A60F6E07B689B6821
S315200004C03A68D1B27A6813440A461A747B689B68E4
S315200004D05A1C7B689A60E8E07B689B683A68D1B2D0
S315200004E07A6813440A461A747B689B685A1C7B6890
S315200004F09A60DAE07B689B683A68D1B27A681344DE
S315200005000A461A747B689B685A1C7B689A60CCE002
S315200005107B689B683A68D1B27A6813440A461A7493
S315200005207B689B685A1C7B689A60BEE07B689B68E8
S315200005303A68D1B27A6813440A461A747B689B6873
S315200005405A1C7B689A60B0E07B689B683A68D1B297
S315200005507A6813440A461A747B689B685A1C7B681F
S315200005609A60A2E07B689B683A68D1B27A681344A5
S315200005700A461A747B689B685A1C7B689A6094E0CA
S315200005807B689B683A68D1B27A6813440A461A7423
S315200005907B689B685A1C7B689A6086E07B689B68B0
S315200005A03A68D1B27A6813440A461A747B689B6803
S315200005B05A1C7B689A6078E07B689B687A6813444B
S315200005C000221A747B681033184607F081FBB86046
S315200005D07B6800229A60BB68052B11DCBB6813F18F
S315200005E0050F0DDBB9680620FFF733FD7B68DB6856
S315200005F0002B59D0BA681049064801F0FDF953E09E
S315200006000E4B1A4609490A4801F0F6F94DE000BF9B
S31520000610150A002040900020710A00207909002048
S31520000620B5090020F1090020BC8900208324002080
S31520000630E8900020E0890020C9070020008A0020D9
S315200006407B689B687A68134400221A747B6810338F
S31520000650184607F03DFBF8607B6800229A60FB682D
S31520000660F02B10DCFB683B2B0DDDF9680520FFF72E
S31520000670F0FC7B68DB68002B17D0FA680C490D4824
S3152000068001F0BAF911E00C4B1A460C490C4801F05E
S31520000690B3F90AE000BF08E000BF06E000BF04E0AF
S315200006A000BF02E000BF00E000BF1037BD4680BD9E
S315200006B089070020409000201C8A002083240020E7
S315200006C0E890002080B584B002AF786039600022BF
S315200006D00F49104801F090F900220F490F4801F008
S315200006E08BF900220E490F4801F086F901220E49A6
S315200006F0084801F081F9002300930C4B0C4A002195
S31520000700002001F0DBF800BF0837BD4680BD00BFE2
S31520000710712600205C900020991F002070900020F8
S31520000720DD230020E8900020C1260020410E002075
S315200007300090002080B500AF02220B490B4801F043
S315200007404FFB00220A490B4801F04AFB01220A49C5
S315200007500A4801F045FB002209490A4801F0A6FB98
S315200007600023184680BD00BF412700205C90002052
S315200007700F250020E89000205920002070900020AE
S31520000780C506002000A0002080B59CB000AF786090
S3152000079039607B683A68DA6007F10C003B68074AE3
S315200007A0642107F05FFB07F10C031A46044905484C
S315200007B001F022F900BF7037BD4680BD408B002076
S315200007C083240020E890002080B59CB000AF78609C
S315200007D039607B683A681A6107F10C003B68074A62
S315200007E0642107F03FFB07F10C031A46044905482C
S315200007F001F002F900BF7037BD4680BD548B002042
S3152000080083240020E890002080B588B002AF78606D
S3152000081039607B685B69002B03D17B6801229A6172
S315200008208AE0474A3B6852F823207B681B691344B9
S315200008300A33444A52F82330434A82FB0312921069
S31520000840DB17D31A1A464149414801F0D5F8414AE7
S315200008503B6813441B787B617B693F4A03FB02F2AA
S315200008607B68DB6892FBF3F33B617B693B4A03FBC6
S3152000087002F27B68DB6892FBF3F3FB6000223849C7
S31520000880334801F0B9F800230093354B304A3969D3
S31520000890F86801F013F83B681E2B0BDD7B680022FD
S315200008A05A61002300932F4B7A680021386901F0A2
S315200008B005F809E03B6959003B68013300932A4B50
S315200008C07A68386900F0FAFF7B68DB68274A92FB72
S315200008D0F3F3DA0F13445B10BB6000230093244B21
S315200008E0244AB968002000F0E9FF7B69012B08DD66
S315200008F0BB685900002300931D4B1E4AB86800F0C0
S31520000900DDFF7B69032B17DDBB685800BA681346E9
S315200009105B00991800230093154B164A00F0CEFF72
S31520000920BA6813465B009818BB68990000230093A9
S315200009300F4B104A00F0C2FF1837BD4680BD00BFDE
S315200009403C8A0020BC8A002067666666E10E00208D
S3152000095000900020208B0020C0C62D0054EA2A00DB
S315200009603D0F0020150A002009080020808D5B001D
S31520000970E32600205C90002080B582B000AF78602E
S3152000098039607B689B680E2B04DC7B689B685A1C4D
S315200009907B689A607B689B681A460449044801F084
S315200009A02BF800BF0837BD4680BD00BFFD0E0020D6
S315200009B00090002080B582B000AF786039607B68F7
S315200009C09B68002B04DD7B689B685A1E7B689A60B7
S315200009D07B689B681A460449044801F00DF800BF5D
S315200009E00837BD4680BD00BFFD0E002000900020C8
S315200009F080B582B000AF7860396000220349044890
S31520000A0000F0FAFF00BF0837BD4680BD5F0F00200B
S31520000A100090002080B584B002AF78603960012252
S31520000A201049114800F0E8FF7B685B69002B14D160
S31520000A307B689B69002B10D07B6801225A610223B8
S31520000A401A467B68DB6892FBF3F100230093074B81
S31520000A507A68002000F032FF00E000BF0837BD466C
S31520000A6080BD00BFC12600205C9000200908002020
S31520000A7080B582B000AF7860396001220649074808
S31520000A8000F0BAFF7B6800225A617B6801229A61D6
S31520000A9000BF0837BD4680BDC12600205C900020DF
S31520000AA080B59CB000AF7860396007F10C003B68D8
S31520000AB07A68642107F0D6F907F10C031A4604492F
S31520000AC0044800F099FF00BF7037BD4680BD00BFC7
S31520000AD083240020E890002080B584B000AF7860A1
S31520000AE039607B680C33184601F084F8F8600022E0
S31520000AF00D490E4800F080FF0346002B0FD1FB68FE
S31520000B000B4A93420CDD0B4B1A460B490B4800F05F
S31520000B1073FF78220A490B4800F06EFF00E000BF01
S31520000B201037BD4680BD00BFA12600205C90002066
S31520000B303F0D0300648B002083240020E8900020D2
S31520000B40890700204090002080B584B000AF7860EF
S31520000B5039607B680C33184601F04CF8F8600022A7
S31520000B600E490F4800F048FF0346002B12D1FB68C0
S31520000B700C4A93420FDD7B6801229A600A4B1A4683
S31520000B800A490B4800F038FF01220A49044800F0C0
S31520000B9033FF00E000BF1037BD4680BDA1260020F0
S31520000BA05C9000209F860100808B002083240020FB
S31520000BB0E89000200127002080B483B000AF786041
S31520000BC07B68114A82FB03125213DB17D31A4FF4A8
S31520000BD07A7202FB03F17A680B4B83FB02035813EC
S31520000BE0D317C31A094800FB03F3D31A084A82FB1A
S31520000BF003025211DB17D31A0B4418460C37BD4695
S31520000C005DF8047B704700BF89B5F814A086010003
S31520000C101F85EB5180B487B000AFF860B9607A6069
S31520000C2000237B611CE07B699B00FA6813441B68E8
S31520000C307A68D31A42F21072934201DD002314E03F
S31520000C407B699B00FA6813441A687B68D31A42F2C0
S31520000C501072934201DD002307E07B6901337B613B
S31520000C607A69BB689A42DEDB012318461C37BD46EB
S31520000C705DF8047B704780B485B000AF78600023B0
S31520000C80FB600023BB600AE0BB689B007A681344C4
S31520000C901B68FA681344FB60BB680133BB60BB6802
S31520000CA0022BF1DDFB68054A82FB0312DB17D31A00
S31520000CB018461437BD465DF8047B70475655555582
S31520000CC080B588B002AF786039607B680C331846EF
S31520000CD000F090FF78617B6942F20F72934240F3F5
S31520000CE08B8000224749484800F086FE0346002BA9
S31520000CF020D000224549444800F07EFE7B689B6850
S31520000D00002B7BD07B680C33184600F073FFF8600D
S31520000D10F868FFF751FF034619463D48FFF7C0FE26
S31520000D207B6800229A603B4B1A463B493B4800F0C1
S31520000D3063FE64E07B681B69002B03D07B6800227E
S31520000D401A6107E07869FFF737FF034619463448EA
S31520000D50FFF7A6FE7B6803F118007B685B697A695A
S31520000D601946FFF757FF0346002B29D07B685A699F
S31520000D707B680632796943F822107B685B695A1CC6
S31520000D807B685A617B685B69022B1FDD7B681833A1
S31520000D901846FFF770FF0346224A92FBF3F33B61A6
S31520000DA03B69B3F5967F07DC3B691D2B04DD3A6969
S31520000DB01D491E4800F020FE7B6800225A6105E08E
S31520000DC07B687A699A617B6801225A617B680C3359
S31520000DD0184600F0F1FE00230093154B7A68002197
S31520000DE0144800F06BFD00230093134B7A68002112
S31520000DF0124800F063FD02E000BF00E000BF183794
S31520000E00BD4680BDA12600205C9000200127002041
S31520000E10A08B0020B48B002083240020E8900020A3
S31520000E20D08B0020808D5B00890700204090002019
S31520000E30490B0020A0860100D90A0020400D03009E
S31520000E4080B584B002AF786039607B68DB68002BA0
S31520000E5014D07B689B68002B10D17B685B6983F07C
S31520000E6001027B685A617B685B69DAB27B689B69A1
S31520000E70DBB20A4912FB03F3DBB20B707B681869FD
S31520000E807B681B69590000230093054B7A6800F0A4
S31520000E9015FD00BF0837BD4680BD00BF1C7400404D
S31520000EA0410E002080B483B000AF786039607B6843
S31520000EB05B6983F001027B685A617B685B69DAB201
S31520000EC07B689B69DBB2054912FB03F3DBB20B702F
S31520000ED000BF0C37BD465DF8047B70471C7400408C
S31520000EE080B483B000AF786039607B683A681A6155
S31520000EF000BF0C37BD465DF8047B704780B59CB0BB
S31520000F0000AF786039607B683A689A6107F10C0017
S31520000F103B68074A642106F0A5FF07F10C031A4631
S31520000F200449054800F068FD00BF7037BD4680BD06
S31520000F30E88B002083240020E890002080B483B032
S31520000F4000AF786039607B68DB6883F001027B68DC
S31520000F50DA6000BF0C37BD465DF8047B704780B56C
S31520000F609CB000AF786039607B689B6883F0010293
S31520000F707B689A607B689B68002B07D007F10C037F
S31520000F800B4A6421184606F06DFF06E007F10C03B4
S31520000F90084A6421184606F065FF07F10C031A4635
S31520000FA00549064800F028FD00BF7037BD4680BDC4
S31520000FB0F88B0020008C002083240020E89000205D
S31520000FC080B483B000AF0346FB71FB7903F01F03A7
S31520000FD0012202FA03F1064A97F907305B0942F823
S31520000FE0231000BF0C37BD465DF8047B704700BF59
S31520000FF000E100E080B483B000AF03463960FB71A6
S3152000100097F90730002B0BDA3B68DAB20C49FB79EB
S3152000101003F00F03043B1201D2B20B441A7609E007
S315200010203B68DAB2074997F907301201D2B20B446E
S3152000103083F8002300BF0C37BD465DF8047B70475C
S3152000104000ED00E000E100E080B582B000AF7860FE
S315200010500EE07B681B780D2B07D07B685A1C7A60C4
S315200010601B78184600F05EF902E07B6801337B604E
S315200010707B681B78002BECD100BF00BF0837BD462C
S3152000108080BD80B586B000AF786000237B617B6829
S3152000109003F00F027B69591C796110498A5C183369
S315200010A03B4403F80C2C7B681B097B607B68002B78
S315200010B0EDD10AE07B69013B7B6107F10C027B697C
S315200010C013441B78184600F02DF97B69002BF1D1CB
S315200010D000BF00BF1837BD4680BD00BF0895002061
S315200010E080B59EB000AF78607B68002B02DA4FF0A7
S315200010F0FF3300E001233B677B683A6F02FB03F373
S315200011007B6000237B6779681C4B83FB01239A1045
S31520001110CB17D21A13469B0013445B00CA1A7B6F67
S31520001120591C796716498A5C78333B4403F86C2C42
S315200011307B68124A82FB03129210DB17D31A7B605C
S315200011407B68002BDFD13B6F002B0EDA2D2000F0C1
S31520001150E9F80AE07B6F013B7B6707F10C027B6FA6
S3152000116013441B78184600F0DDF87B6F002BF1D175
S3152000117000BF00BF7837BD4680BD00BF6766666684
S315200011800895002080B483B000AF10237B607B6875
S3152000119083F3118800BF00BF0C37BD465DF8047B82
S315200011A0704780B483B000AF30237B607B6883F3C5
S315200011B0118800BF00BF0C37BD465DF8047B704721
S315200011C080B584B000AF78600B48FFF73DFF0B4B2E
S315200011D01B68002B02D1094B094A1A60074B1B6872
S315200011E0FB60064B1A687B681344044A1360FB684D
S315200011F018461037BD4680BD088C002078A00020F8
S31520001200FC23012080B485B000AF786039603B684C
S3152000121003F5F95310337A6813607B681B68BB604B
S315200012200023FB6009E0FB689A00BB6813441A465A
S3152000123000231360FB680133FB60FB68332BF2DD70
S31520001240BB686FF016021A60BB6804331A46032384
S315200012501360BB6884331A464FF08073136000BF57
S315200012601437BD465DF8047B704780B485B000AF67
S31520001270786039607B681B688033FB60FB683A685E
S315200012801A6000BF1437BD465DF8047B704780B5F1
S3152000129084B000AF1C4804F001FA3B1D184604F048
S315200012A049FB40F24733BB803B1D1946164804F0E4
S315200012B0D5FA164B164A1A6002216FF00100FFF785
S315200012C099FE144B144A1A6000216FF00400FFF7B0
S315200012D091FE124B124A1A6002213220FFF78AFE33
S315200012E03220FFF76DFE0021074804F06DFB012137
S315200012F0054804F036FC01220221034805F005FCCE
S3152000130000BF1037BD4680BD000C004038C001200C
S315200013109D2700202CC001209927002008C10120EC
S31520001320AB16002080B582B000AF0346FB71FB7977
S315200013309BB21946074806F0E2F900BF802105480E
S3152000134006F0CCFB0346002BF8D000BF00BF0837C1
S31520001350BD4680BD0010014080B500AF124804F0A4
S315200013604FFB03461A46114B1A60114B01221A6095
S31520001370104B00221A60104B1B68002B06D00E4B18
S315200013801B680E4A1268002110469847084B002217
S315200013901A60084B1B68002B01D000F05DFA054B44
S315200013A000221A6080BD00BF000C0040C42301202B
S315200013B0BC230120C0230120D0230120DC230120CF
S315200013C080B500AF124804F01BFB03461A46114BAA
S315200013D01A60114B01221A60104B00221A60104B22
S315200013E05B68002B06D00E4B5B680E4A52680121C3
S315200013F010469847084B00221A60084B1B68002BA2
S3152000140001D000F029FA054B00221A6080BD00BFEA
S31520001410000C0040C4230120BC230120C02301204E
S31520001420D0230120DC23012080B500AF124804F030
S31520001430E7FA03461A46114B1A60114B01221A602D
S31520001440104B00221A60104B9B68002B06D00E4BC7
S315200014509B680E4A9268022110469847084B002244
S315200014601A60084B1B68002B01D000F0F5F9054BDC
S3152000147000221A6080BD00BF000C0040C42301205A
S31520001480BC230120C0230120D0230120DC230120FE
S3152000149080B485B000AF786039600023FB603B687C
S315200014A01B68BB6004E0BB68FB60BB681B68BB6055
S315200014B0BB68002B05D0BB689A687B689B689A42FC
S315200014C0F1DD7B68BA681A60FB68002B03D13B68A4
S315200014D07A681A6002E0FB687A681A6000BF1437DF
S315200014E0BD465DF8047B704780B485B000AF786058
S315200014F039600023FB603B681B68BB6004E0BB6867
S31520001500FB60BB681B68BB60BB68002B05D0BB6853
S315200015105A687B685B689A42F1DD7B68BA681A6014
S31520001520FB68002B03D13B687A681A6002E0FB68EF
S315200015307A681A6000BF1437BD465DF8047B704791
S3152000154080B584B000AF78607B681B68FB60FB6861
S31520001550002B04D0FB681A687B681A600CE00948E7
S31520001560FFF772FD00220221074803F012F907480F
S31520001570FFF76AFD30BFFDE7FB6818461037BD460A
S3152000158080BD00BF208C0020000402402C8C00204F
S3152000159080B584B000AF78607B681B68FB60FB6811
S315200015A0002B04D0FB681A687B681A600CE0094897
S315200015B0FFF74AFD00220221074803F0EAF8074810
S315200015C0FFF742FD30BFFDE7FB6818461037BD46E2
S315200015D080BD00BF208C002000040240388C0020F3
S315200015E080B483B000AF786039603B681A687B6846
S315200015F01A603B687A681A6000BF0C37BD465DF8F2
S31520001600047B704780B483B000AF786039603B6854
S315200016101A687B689A603B687A681A6000BF0C3744
S31520001620BD465DF8047B704780B485B000AF786016
S315200016307B681B68FB60FB689A687B681A60FB689E
S3152000164018461437BD465DF8047B704780B485B0D4
S3152000165000AF786039600023FB603B681B68BB6085
S3152000166004E0BB68FB60BB681B68BB60BB68002BE3
S3152000167003D0BA687B689A42F3D1BB68002B0DD0A1
S31520001680FB68002B04D0BB681A68FB681A6003E06D
S31520001690BB681A683B681A60012300E000231846DD
S315200016A01437BD465DF8047B704780B582B000AF25
S315200016B002211E4805F0B3FA1C4804F0A1F903469E
S315200016C07B6007E01A48FFF73BFF03461949184697
S315200016D0FFF7DEFE164B1B68002B06D0144B1B684B
S315200016E05A687B68D31A002BECDD114B1B68002B44
S315200016F016D00E4804F084F903463B600C4B1B6859
S315200017005B683A689A4204DD002202210A4803F007
S3152000171040F8074B1B685B681946044804F0AFFC89
S3152000172000F09AF800BF0837BD4680BD000C004087
S31520001730B8230120B4230120000402400346024AB4
S31520001740136010DFF74600BFCC2301200346054A6D
S315200017501360054B5B68044A43F080535360F74699
S3152000176000BF00BFCC23012000ED00E080B582B091
S3152000177000AF7860094B5B68C3F30803002B03D1E5
S315200017807868FFF7DBFF02E07868FFF7DFFFFFF7F7
S3152000179008FD00BF0837BD4680BD00BF00ED00E054
S315200017A090B585B000AF234B1C682348FFF7C8FED1
S315200017B00346E360E368BB60FFF7F3FCBB68D868C9
S315200017C0BB681969BB685B691A4600F015F9FFF713
S315200017D0D9FC1A49B868FFF703FF194B1B689B68A9
S315200017E0DB687B60144B1B68002B0AD07B68002BC0
S315200017F0D9D0114B1B689A687B689B68D31A002B3B
S31520001800D1DD0F48FFF710FF03460E491846FFF7B4
S31520001810F9FE0B4B1B68FB6003E0FB681B691B682A
S31520001820FB60FB681B69002BF7D1F868FFF79EFF6A
S31520001830B9E700BF28950020B42301201C9500207D
S31520001840249500202095002080B500AF00F004F8F4
S31520001850FFF7A7FC30BFFBE780B582B000AF144B83
S315200018601B68DB687B60134B1B68002B1BD0124B5D
S315200018701B68002B17D07B68002B07D00D4B1B68ED
S315200018809A687B689B68D31A002B0CDA0A48FFF704
S31520001890CBFE034606491846FFF7B4FE044B1B68E9
S315200018A01846FFF763FF00BF0837BD4680BD00BF5F
S315200018B024950020B42301202095002080B588B0EF
S315200018C000AFF860B9607A603B60EFF312833B614A
S315200018D03B691B09012B14BF01230023DBB2FB77D5
S315200018E0FFF750FC3A48FFF753FEB861BB697A68A8
S315200018F0DA60BB693A681A61BB69BA6A5A61354BC4
S315200019001B68002B04D1344B1B68DB685B6801E045
S31520001910324B1B68FA681A44BB695A60BB695A681D
S31520001920BB68002B01DDBB6801E06FF000431A4461
S31520001930BB699A602A4804F063F803467B61BB6959
S315200019405A687B69D31A002B16DD2649B869FFF73A
S31520001950CBFD244B1B685B687A699A4204DD002222
S315200019600221214802F015FF1E4B1B685B681946B1
S315200019701B4804F084FB21E01C49B869FFF788FD69
S31520001980FB7F002B1AD01A4B1B68002B16D0174B47
S315200019901B689A68174B1B68DB689B68D31A002B59
S315200019A00CDA1348FFF740FE034612491846FFF7A4
S315200019B029FE104B1B681846FFF7D8FEFB7F002B2D
S315200019C001D0FFF7EEFBBB6918462037BD4680BD28
S315200019D01C950020BC23012028950020C42301202B
S315200019E0000C0040B823012000040240B42301204B
S315200019F0209500202495002080B588B000AFF8609F
S31520001A00B9607A60EFF312833B613B691B09012BB6
S31520001A1014BF01230023DBB2FB76FFF7B3FBFB6881
S31520001A201B68FB61FB69002B37D003E0FB691B6950
S31520001A301B68FB61FB691B69002BF7D1304B1B68C8
S31520001A40FA699A4202D0FB7E002B07D1FB7E002B3F
S31520001A5001D0FFF7A6FB4FF0FF334DE0FB685B6834
S31520001A60002B03D0FB685B6800221A61244B1A689E
S31520001A70FB685A60224B1B68FA681A61F869FFF7FF
S31520001A8075FE1F4B1B68DB68002B06D1FB7E002BE7
S31520001A9001D0FFF786FB00232EE0194B1A68FB685E
S31520001AA01A60FB7E002B05D0FB685B68012B01D0FA
S31520001AB0FFF777FBBB687968F86898477861FFF786
S31520001AC061FBFB6800221A60FB685B68FB61FB69AF
S31520001AD0002B0BD0FB69012B08D0FB6800225A6033
S31520001AE0FB6900221A61F869FFF740FEFB7E002B96
S31520001AF001D0FFF756FB7B6918462037BD4680BDCF
S31520001B002895002080B586B000AF7860EFF3128369
S31520001B10FB60FB681B09012B14BF01230023DBB2EA
S31520001B20FB74FFF72FFB1F497868FFF78FFD0346ED
S31520001B30002B06D11C497868FFF788FD0346002B49
S31520001B4004D01A497868FFF74BFD21E0184B1B6833
S31520001B507B611AE0174B1B687A699A4212D07B691F
S31520001B60DB687A689A420DD17B691A697B68DB68E3
S31520001B709A4207D17B690022DA600C497868FFF720
S31520001B802FFD05E07B699B687B617B69002BE1D19A
S31520001B90FB7C002B01D0FFF704FB00BF1837BD46A6
S31520001BA080BD00BFB8230120B42301201C9500204E
S31520001BB0249500202895002080B485B000AF786059
S31520001BC0EFF31283FB60FB681B09012B04D0074B44
S31520001BD01B68DB685B6801E0054B1B687A6813604D
S31520001BE000BF1437BD465DF8047B7047289500205A
S31520001BF0C423012080B485B000AF7860EFF3128350
S31520001C00FB60FB681B09012B04D0084B1B68DB68B3
S31520001C105B6801E0064B1B687A6812689B1A1846B7
S31520001C201437BD465DF8047B704700BF2895002019
S31520001C30C423012080B584B000AFEFF312837B600C
S31520001C407B681B09012B14BF01230023DBB2FB7326
S31520001C50FFF798FA0C4803F0D3FE0346BB60FB7BE4
S31520001C60002B01D0FFF79DFAFB7B002B04D0074BFE
S31520001C701B68DB685B6801E0054B1B68BA68D31AF2
S31520001C8018461037BD4680BD000C00402895002020
S31520001C90C423012080B582B000AF00237B6012E010
S31520001CA07B685A1C13465B001344DB00444A991890
S31520001CB043487A6813465B001344DB0003441960EB
S31520001CC07B6801337B607B681C2BE9DD3C4B002263
S31520001CD0C3F8B82200237B6013E07B685A1C1346A6
S31520001CE09B0013449B00374A991836487A68134656
S31520001CF09B0013449B000344083319607B6801331F
S31520001D007B607B68022BE8DD2E4B00225A64002381
S31520001D107B6030E02B497A6813469B0013449B0076
S31520001D200B4404337A681A607A6813469B0013447E
S31520001D309B00244A1A447B685B0323490B441946BB
S31520001D401046FFF75FFA7A6813469B0013449B0000
S31520001D501C4A13441D491846FFF787FA19497A6821
S31520001D6013469B0013449B000B44103300221A6039
S31520001D707B6801337B607B68032BCBDD144B4FF0F4
S31520001D80FF325A60124B00229A60114B00221A61D0
S31520001D900F4B0022DA600F48FFF756F90E48FFF77F
S31520001DA053F90E48FFF750F90A48FFF74DF909484D
S31520001DB0FFF74AF9FFF76BFA00BF0837BD4680BD2B
S31520001DC07CA000204CA30020A0A30020A117002067
S31520001DD0A0230120448C0020488C0020548C002015
S31520001DE080B586B000AFF860B9601346FB71FB7909
S31520001DF0022B41D8EFF312833B613B691B09012B70
S31520001E0014BF01230023DBB2FB75FFF7BBF9FB7977
S31520001E10022B0ED0022B10DC002B02D0012B04D07B
S31520001E200BE0174B174A1A6014E0174B174A1A6033
S31520001E3010E0174B174A1A600CE01748FFF704F911
S31520001E4000220221154802F0A4FC1548FFF7FCF8F1
S31520001E5030BFFDE7FB791349FA6841F82320FB7967
S31520001E601149BA6841F82320FB6801225A60FB7D9C
S31520001E70002B01D0FFF795F900BF1837BD4680BD6E
S31520001E80D4C001205913002090C00120C113002086
S31520001E909CC0012029140020208C00200004024030
S31520001EA06C8C0020DC230120D023012080B586B055
S31520001EB002AFF860B9607A60FFF764F9FFF7EAFECF
S31520001EC0BB68002B16D00F4803F09AFD03461A462E
S31520001ED00D4B1A600D4B01221A607B680093BB687C
S31520001EE0FA6800210020FFF7E9FC084B00221A605F
S31520001EF0FFF7B2FCFFF7A8FC002318461037BD46B3
S31520001F0080BD00BF000C0040C4230120BC2301205B
S31520001F1080B483B000AF0346FB71FB7903F01F0347
S31520001F20012202FA03F1064A97F907305B0942F8C3
S31520001F30231000BF0C37BD465DF8047B704700BFF9
S31520001F4000E100E080B483B000AF03463960FB7146
S31520001F5097F90730002B0BDA3B68DAB20C49FB798C
S31520001F6003F00F03043B1201D2B20B441A7609E0A8
S31520001F703B68DAB2074997F907301201D2B20B440F
S31520001F8083F8002300BF0C37BD465DF8047B7047FD
S31520001F9000ED00E000E100E080B586B000AF78609B
S31520001FA039607B6800229A617B689A697B685A61EE
S31520001FB07B685A697B68DA612248FFF745F807F1A2
S31520001FC00C03184600F0AAFF0023BB740023FB7401
S31520001FD000233B7500237B750023BB750023FB750F
S31520001FE00023BB730023FB7302233B7403237B7400
S31520001FF00723BB8107F10C031946134800F0FAFDAD
S315200020000346002B02D11148FFF71EF807F10C03F7
S3152000201019460F4800F0EEFD0346002B02D10D486D
S31520002020FFF712F802211420FFF78CFF1420FFF788
S315200020306FFF01220221044801F0AEFB00BF1837D2
S31520002040BD4680BD8C8C002000640040B48C0020EE
S3152000205000680040CC8C0020B0B58AB002AF786012
S3152000206039607B689B685A49184601F0B3FB0346E2
S31520002070012B02D05748FEF7E7FF7B68DB69072B69
S3152000208000F39E807B689B6807F1080200211846B2
S3152000209001F088F9BB681B09DBB27A68526903F044
S315200020A07F03D8B2796813469B0013445B00134420
S315200020B00B44203302461A70BB68DBB27A68526939
S315200020C003F00F03D8B2796813469B0013445B00D4
S315200020D013440B44213302461A70BB7C7A6852693A
S315200020E003F00F03D8B2796813469B0013445B00B4
S315200020F013440B44223302461A700023FB7715E063
S31520002100FB7F7A685269F97F20333B4413F80D4CE4
S31520002110786813469B0013445B00134403440B4426
S31520002120233322461A70FB7F0133FB777B685A697B
S31520002130796813469B0013445B0013440B442233F7
S315200021401B78FA7F9A42DBD37B68DB68002B25D08D
S315200021507B68DC687B681D697B685A6979681346E9
S315200021609B0013445B0013440B4420331B78190156
S315200021707B685A69786813469B0013445B001344B6
S31520002180034421331B780B4400932B46224600211F
S315200021900020FFF793FB104B01221A607B685B69D6
S315200021A001335A4203F0070302F0070258BF534295
S315200021B07A6853617B68DB695A1C7B68DA6102E0C6
S315200021C00648FEF741FF00BF2037BD46B0BD00BF21
S315200021D003000012E48C0020C02301200C8D002077
S315200021E090B484B000AF786039607B68DB69002BDF
S315200021F055DD7B689A69796813469B0013445B001A
S3152000220013440B4420331A783B681A707B689A690A
S31520002210796813469B0013445B0013440B44213317
S315200022201A783B685A707B689A69796813469B00CE
S3152000223013445B0013440B4422331A783B689A708C
S315200022400023FB7313E07B689A69F87BF97B7C6833
S3152000225013469B0013445B00134423440344233357
S315200022601A783B680B44DA70FB7B0133FB733B68BF
S315200022709B78FA7B9A42E6D37B689B6901335A4264
S3152000228003F0070302F0070258BF53427A689361AE
S315200022907B68DB695A1E7B68DA61002300E0012334
S315200022A018461037BD4690BC704780B58AB000AF3F
S315200022B0786039607B689B683B620023FB77234B01
S315200022C03B623B681B781B013A6852781344BB601B
S315200022D000237B7400233B743B689B78082B02D930
S315200022E03B6808229A703B689B78BB74002387F86A
S315200022F027300FE097F8272097F8273039680A44C7
S31520002300D27828333B4403F8152C97F8273001332D
S3152000231087F827303B689B7897F827209A42E9D39D
S3152000232007F108031946386A00F0BCFE0346FB771E
S31520002330FB7F042B04D10648FEF786FE012300E02E
S31520002340002318462837BD4680BD00BF00680040E0
S315200023502C8D002080B483B000AF0346FB71FB793F
S3152000236003F01F03012202FA03F1064A97F9073008
S315200023705B0942F8231000BF0C37BD465DF8047B8D
S31520002380704700BF00E100E080B483B000AF034691
S315200023903960FB7197F90730002B0BDA3B68DAB20C
S315200023A00C49FB7903F00F03043B1201D2B20B4414
S315200023B01A7609E03B68DAB2074997F90730120125
S315200023C0D2B20B4483F8002300BF0C37BD465DF81C
S315200023D0047B704700ED00E000E100E080B582B0AC
S315200023E000AF786039607B6800229A617B689A69C1
S315200023F07B685A617B685A697B68DA61012240F200
S3152000240025510A4805F022FB002240F22771074891
S3152000241005F01CFB02212520FFF7B6FF2520FFF73C
S3152000242099FF00BF0837BD4680BD00BF00100140A0
S3152000243080B483B000AF78600B46FB707B68DB69A5
S31520002440B3F5806F17DA7B685B697A681344FA788C
S3152000245083F820207B685B6901335A42C3F3090362
S31520002460C2F3090258BF53427A6853617B68DB691D
S315200024705A1C7B68DA6100BF0C37BD465DF8047BC9
S31520002480704780B582B000AF786039607B68DB69C1
S31520002490002B18D17B689B68012240F227711846D1
S315200024A005F0D4FA0FE03B681B780A2B03D10D21E7
S315200024B07868FFF7BDFF3B685A1C3A601B781946BF
S315200024C07868FFF7B5FF3B681B78002BEBD100BF80
S315200024D000BF0837BD4680BD80B582B000AF7860AA
S315200024E039607B68DB69002B07D17B689B680122FA
S315200024F040F22771184605F0A9FA3B68DBB2194667
S315200025007868FFF795FF00BF0837BD4680BD80B5C8
S3152000251086B002AF786039607B689B6820211846B8
S3152000252005F0DCFA0346012B18D17B689B68184618
S3152000253005F0F7F80346FB607B68DB68002B0DD0BF
S315200025407B68DA687B681969FB6800930B46002173
S315200025500020FFF7B3F9234B01221A607B689B68A2
S315200025608021184605F0BAFA0346012B34D17B6840
S31520002570DB69002B28DD7B6898687B689B697A6815
S31520002580134493F82030194605F0B9F87B689B6907
S3152000259001335A42C3F30903C2F3090258BF534217
S315200025A07A6893617B68DB695A1E7B68DA617B688F
S315200025B0DB69002B10D17B689B68002240F22771D3
S315200025C0184605F043FA07E07B689B68002240F234
S315200025D02771184605F03AFA002318461037BD46EB
S315200025E080BD00BFC023012080B483B000AF034666
S315200025F0FB71FB7903F01F03012202FA03F1064A5D
S3152000260097F907305B0942F8231000BF0C37BD4607
S315200026105DF8047B704700BF00E100E080B483B022
S3152000262000AF03463960FB7197F90730002B0BDAB0
S315200026303B68DAB20C49FB7903F00F03043B120125
S31520002640D2B20B441A7609E03B68DAB2074997F909
S3152000265007301201D2B20B4483F8002300BF0C3797
S31520002660BD465DF8047B704700ED00E000E100E028
S3152000267080B582B000AF786039600022012107481A
S3152000268002F087F802211720FFF7C8FF1720FFF76F
S31520002690ABFF00BF0837BD4680BD00BF0004024027
S315200026A080B582B000AF786039607B689B688021F6
S315200026B0184602F002F8034618460837BD4680BD84
S315200026C080B582B000AF786039607B689B683A68D5
S315200026D0D2B20121184602F05CF800BF0837BD4689
S315200026E080BD80B582B000AF786039607B689B681A
S315200026F00121184602F074F800BF0837BD4680BD98
S3152000270080B584B000AF7860396007F108031846B9
S3152000271001F0DAFD8023BB6000233B733B68002B6E
S3152000272001D0082300E00C237B730123BB7307F140
S315200027300803184601F056FD00BF1037BD4680BD80
S3152000274080B584B002AF78603960802001F00EFE3B
S315200027500346012B14D1802001F022FE7B68DB6822
S31520002760002B10D07B68DA687B681B6900210091FA
S3152000277000210020FFF7A2F8054B01221A6002E093
S315200027800448FEF761FC002318460837BD4680BD85
S31520002790C0230120408D0020314900E03149EFF36C
S315200027A0088020ED108A7246EFF3118320E9FC0F92
S315200027B02D4FD7F80080C8F800001EE00846FEF727
S315200027C043FC2A48FEF740FC2948FEF73DFCD8F892
S315200027D00400FEF785FC2748FEF736FCD8F80000F3
S315200027E0FEF74FFC2448FEF72FFCD8F800000068BF
S315200027F0FEF747FC1D48FEF727FCDFF88080D8F857
S315200028000080C7F8008018E01D48FEF71DFCD8F8A8
S315200028100400FEF765FC1B48FEF716FCD8F80000FE
S31520002820FEF72FFC1448FEF70FFCD8F800000068CE
S31520002830FEF727FC0D48FEF707FC134A536843F0C2
S315200028400063536000BFD8F80000B0E8FC0F83F3A4
S3152000285011889646B0EC108A80F3088870470000ED
S315200028602C9500203D95002028950020AD95002030
S315200028705E950020769500207E950020CC230120B1
S31520002880879500209C95002000ED00E080B400AFE5
S3152000289000BFBD465DF8047B704780B586B000AFAB
S315200028A0454801F08DFD454800F080F9444800F088
S315200028B07DF901214FF0007002F02AFC01214FF032
S315200028C0806002F025FC0121022002F0C1FB0922D2
S315200028D00921394801F096FF09220821364801F0DE
S315200028E091FF07F11003184601F0ABFE4FF4007379
S315200028F03B6102233B750023BB750023FB75022336
S315200029007B7507F1100319462B4801F00BFE4FF497
S3152000291080733B6102233B750023BB750123FB7546
S3152000292002237B7507F110031946234801F0FAFDAF
S3152000293009220621204801F065FF092205211E48AB
S3152000294001F060FF40233B6102233B750023BB75EA
S315200029500023FB7502237B7507F1100319461648E1
S3152000296001F0E0FD20233B6102233B750023BB756C
S315200029700123FB7502237B7507F1100319460E48C8
S3152000298001F0D0FD0023BB720023FB7201233B73B1
S3152000299000233B8000237B800023BB800023FB8019
S315200029A000233B8101237B733B46184600F0F3F955
S315200029B000BF1837BD4680BD0004024000640040B9
S315200029C00068004080B586B000AF01214FF000506E
S315200029D002F09EFB07F11003184601F032FE202379
S315200029E03B6103233B750023FB7507F11003194652
S315200029F00F4801F097FD01F0B3F93B46184601F068
S31520002A00F1F900233B6000237B600023FB603B46FB
S31520002A101946102001F0B2F90121102001F0F8F931
S31520002A200021082001F0A2FA00BF1837BD4680BD5C
S31520002A300000024080B584B000AF01214FF48040F1
S31520002A4002F086FB0721012002F0ACFD01F0B0FB6D
S31520002A503B46184601F038FC80233B6000233B713F
S31520002A600C237B710123BB713B46184601F0BAFB50
S31520002A7007F10803184601F0E4FD0223BB60012399
S31520002A803B730123BB730023FB7301237B7307F185
S31520002A9008031946184801F045FD0123BB600123B0
S31520002AA03B730123BB730023FB7301237B7307F165
S31520002AB008031946104801F035FD012202210E486F
S31520002AC001F067FE012201210B4801F062FE8023FE
S31520002AD0BB6000233B730023BB730023FB730123DE
S31520002AE07B7307F108031946034801F01BFD00BF5D
S31520002AF01037BD4680BD00BF0004024080B483B0BD
S31520002B0000AFEFF314833B603B6823F003037B6045
S31520002B107B6883F3148800BF064B4FF404725A6116
S31520002B20054B4FF000425A6000BF0C37BD465DF89A
S31520002B30047B704700ED00E030EF00E080B500AF89
S31520002B400121082002F0E4FA0121082002F020FCED
S31520002B5000BF80BD80B400AF124A02E0002342F8D5
S31520002B60043B114B9A42F9D300BFBD465DF8047B66
S31520002B70704780B500AFFFF7EDFFFFF787FEFFF741
S31520002B808CFEFFF71FFFFFF755FFFFF7B7FFFFF795
S31520002B90D5FF00BF80BD80B400AF00BFBD465DF845
S31520002BA0047B704700A00020FC23012080B582B062
S31520002BB000AF78607B680E4A93420AD101214FF01C
S31520002BC0007002F045FB00214FF0007002F040FB40
S31520002BD009E001214FF0806002F03AFB00214FF01E
S31520002BE0806002F035FB00BF0837BD4680BD00BFC0
S31520002BF00064004080B485B000AF7860396000235F
S31520002C00FB730023BB607B681B6823F002027B6892
S31520002C101A607B681B6843F001027B681A6002E039
S31520002C20BB680133BB607B685B6803F00103012B43
S31520002C3004D0BB684FF6FF729342F1D17B685B6884
S31520002C4003F00103012B02D00023FB739CE03B68B9
S31520002C509B79012B06D17B681B6843F080027B6839
S31520002C601A6005E07B681B6823F080027B681A6087
S31520002C703B68DB79012B06D17B681B6843F0400259
S31520002C807B681A6005E07B681B6823F040027B683E
S31520002C901A603B681B7A012B06D17B681B6843F0C0
S31520002CA020027B681A6005E07B681B6823F02002FF
S31520002CB07B681A603B685B7A012B06D17B681B68B0
S31520002CC043F010027B681A6005E07B681B6823F0DE
S31520002CD010027B681A603B689B7A012B06D17B68C1
S31520002CE01B6843F008027B681A6005E07B681B6856
S31520002CF023F008027B681A603B68DB7A012B06D139
S31520002D007B681B6843F004027B681A6005E07B68D9
S31520002D101B6823F004027B681A603B689B789A073D
S31520002D203B68DB781B061A433B681B791B041A4356
S31520002D303B685B791B051A433B681B88013B1A439A
S31520002D407B68DA617B681B6823F001027B681A6066
S31520002D500023BB6002E0BB680133BB607B685B6815
S31520002D6003F00103012B04D1BB684FF6FF72934297
S31520002D70F1D17B685B6803F00103012B02D10023AC
S31520002D80FB7301E00123FB73FB7B18461437BD461A
S31520002D905DF8047B704790B484B000AF7860002360
S31520002DA0FB607B689B7A1A4601239340FB605A4B53
S31520002DB0D3F80032584A43F00103C2F80032564B8A
S31520002DC0D3F81C22FB68DB4353491340C1F81C325D
S31520002DD07B681B7B002B29D14F4BD3F80C22FB6839
S31520002DE0DB434D491340C1F80C327B68DB881B045A
S31520002DF07A685288144648497A68927A104643EA95
S31520002E00040200F1480341F833207B689B881B04A9
S31520002E107A681288144640497A68927A104643EABC
S31520002E20040200F14803DB000B445A607B681B7BDD
S31520002E30012B28D1384BD3F80C223749FB68134392
S31520002E40C1F80C327B681B881B047A6852881446AA
S31520002E5031497A68927A104643EA040200F148031F
S31520002E6041F833207B689B881B047A68D2881446F5
S31520002E7029497A68927A104643EA040200F1480307
S31520002E80DB000B445A607B68DB7A002B09D1224B8E
S31520002E90D3F80422FB68DB431F491340C1F80432F0
S31520002EA007E01D4BD3F804221B49FB681343C1F8E6
S31520002EB004327B681B89002B08D1174BD3F81422C8
S31520002EC0FB68DB4314491340C1F814327B681B8925
S31520002ED0012B07D1104BD3F814220F49FB6813435B
S31520002EE0C1F814327B685B7B012B07D10A4BD3F8E0
S31520002EF01C220949FB681343C1F81C32064BD3F840
S31520002F000032054A23F00103C2F8003200BF103711
S31520002F10BD4690BC704700BF0064004080B483B0BB
S31520002F2000AF78607B6800229A717B680022DA7194
S31520002F307B6800221A727B6800225A727B68002204
S31520002F409A727B680022DA727B6800229A707B680C
S31520002F500022DA707B6803221A717B6802225A717A
S31520002F607B6801221A8000BF0C37BD465DF8047BC2
S31520002F70704780B483B000AF0346FB71144BD3F87F
S31520002F800032134A43F00103C2F80032104BD3F843
S31520002F9000320F4A23F47C5323F00E03C2F800328A
S31520002FA00B4BD3F80022FB791B0209491343C1F8C6
S31520002FB00032074BD3F80032054A23F00103C2F84A
S31520002FC0003200BF0C37BD465DF8047B704700BF5A
S31520002FD00064004080B483B000AF78600B46FB707D
S31520002FE0FB78002B06D07B681B6843F480327B6815
S31520002FF01A6005E07B681B6823F480327B681A60C0
S3152000300000BF0C37BD465DF8047B704780B483B0A3
S3152000301000AF78600B46FB70FB78002B1ED07B68D8
S315200030201B6843F080027B681A607B68D3F8843182
S3152000303043F480727B68C3F884217B68D3F894318B
S3152000304043F480727B68C3F894217B68D3F8A4315B
S3152000305043F480727B68C3F8A4211DE07B681B685B
S3152000306023F080027B681A607B68D3F8843123F4CE
S3152000307080727B68C3F884217B68D3F8943123F46B
S3152000308080727B68C3F894217B68D3F8A43123F43B
S3152000309080727B68C3F8A42100BF0C37BD465DF85B
S315200030A0047B704780B485B000AF78603960002318
S315200030B0FB737B689B6803F08063B3F1806F02D15A
S315200030C00023FB7315E07B689B6803F00063B3F174
S315200030D0006F02D10123FB730BE07B689B6803F032
S315200030E08053B3F1805F02D10223FB7301E00423F6
S315200030F0FB73FB7B042B00F09F80FB7B7A681833E5
S315200031001B0113441A68FB7B02F00102796818330D
S315200031101B010B441A603B681B7A002B13D1FB7BE7
S315200031207A6818331B01134419683B681B685B05D2
S315200031303A68527A1A43FB7B0A43796818331B0193
S315200031400B441A6015E0FB7B7A6818331B01134485
S3152000315019683B685B68DB003A68127A13433A6861
S31520003160527A1A43FB7B0A43796818331B010B44B6
S315200031701A603B689B7A03F00F03DAB23B689A72B7
S31520003180FB7B7A6818331B01134404331A68FB7BD4
S3152000319022F00F02796818331B010B4404331A609E
S315200031A0FB7B7A6818331B01134404331A683B6887
S315200031B09B7A1946FB7B0A43796818331B010B441B
S315200031C004331A603B689B7B1A063B685B7B1B04B7
S315200031D01A433B681B7B1B021A433B68DB7A194662
S315200031E0FB7B0A4379681B010B4403F5C4731A6001
S315200031F03B689B7C1A063B685B7C1B041A433B6836
S315200032001B7C1B021A433B68DB7B1946FB7B0A436C
S3152000321079681B010B4403F5C6731A60FB7B7A6839
S3152000322018331B0113441A68FB7B42F001027968AC
S3152000323018331B010B441A60FB7B18461437BD4616
S315200032405DF8047B704780B485B000AF78600B468C
S31520003250FB700023FB60FB78022B12D0022B16DCBE
S31520003260002B02D0012B06D011E07B689A68314BE7
S315200032701340FB600EE07B689A682F4B1340FB607F
S3152000328008E07B689A682D4B1340FB6002E0002320
S31520003290FB6000BFFB68294A93423DD0FB68274A62
S315200032A093423CD8FB68264A93422CD0FB68244A9A
S315200032B0934234D8FB68204A93422AD0FB681E4AA0
S315200032C093422CD8FB681F4A934219D0FB681D4AAB
S315200032D0934224D8FB68174A934217D0FB68154AB5
S315200032E093421CD8FB68002B04D0FB68164A9342F5
S315200032F003D014E00223FB6014E00023FB6011E0FE
S315200033000023FB600EE00023FB600BE00123FB6043
S3152000331008E00123FB6005E00123FB6002E00023B7
S31520003320FB6000BFFB68DBB218461437BD465DF86C
S31520003330047B70470300000400030008000003100C
S3152000334000000110000100080100000480B483B0D1
S3152000335000AF78600B46FB70FB78022B14D0022B53
S3152000336019DC002B02D0012B07D014E07B689B6868
S3152000337043F080027B689A600EE07B689B6843F48A
S3152000338000427B689A6007E07B689B6843F40002F2
S315200033907B689A6000E000BF00BF0C37BD465DF831
S315200033A0047B704780B485B000AFF8600B467A6026
S315200033B0FB72FB7AFA681B331B0113441B68DBB2D2
S315200033C003F00403DAB27B681A727B681B7A002B3F
S315200033D00BD1FB7AFA681B331B0113441B685B0D68
S315200033E0C3F30A027B681A600AE0FB7AFA681B3389
S315200033F01B0113441B68DB0823F060427B685A607C
S31520003400FB7AFA681B331B0113441B68DBB203F0FB
S315200034100203DAB27B685A72FB7AFA681B331B0105
S31520003420134404331B68DBB203F00F03DAB27B6864
S315200034309A72FB7AFA681B331B01134404331B6808
S315200034401B0ADAB27B68DA74FB7AFA681B0113442A
S3152000345003F5DC731B68DAB27B68DA72FB7AFA68EA
S315200034601B01134403F5DC731B681B0ADAB27B6865
S315200034701A73FB7AFA681B01134403F5DC731B6885
S315200034801B0CDAB27B685A73FB7AFA681B01134469
S3152000349003F5DC731B681B0EDAB27B689A73FB7A22
S315200034A0FA681B01134403F5DE731B68DAB27B68E6
S315200034B0DA73FB7AFA681B01134403F5DE731B6883
S315200034C01B0ADAB27B681A74FB7AFA681B0113446A
S315200034D003F5DE731B681B0CDAB27B685A74FB7A21
S315200034E0FA681B01134403F5DE731B681B0EDAB260
S315200034F07B689A74FB7A002B06D1FB68DB6843F065
S315200035002002FB68DA6005E0FB681B6943F02002B5
S31520003510FB681A6100BF1437BD465DF8047B70470F
S3152000352080B483B000AF78600B46FB70FB78002B2D
S3152000353006D17B68DB6843F020027B68DA6005E011
S315200035407B681B6943F020027B681A6100BF0C3739
S31520003550BD465DF8047B704780B485B000AF7860C7
S315200035600B46FB700023FB73FB78002B06D17B6890
S31520003570DB68DBB203F00303FB730BE0FB78012B64
S3152000358006D17B681B69DBB203F00303FB7301E002
S315200035900023FB73FB7B18461437BD465DF8047B7E
S315200035A0704780B485B000AF78600B46FB7000236F
S315200035B0FB734FF6FF73BB60FB78002B20D17B6833
S315200035C01B6823F0030343F001027B681A6002E0C4
S315200035D0BB68013BBB607B685B6803F00303012B80
S315200035E002D0BB68002BF3D17B685B6803F0030332
S315200035F0012B02D00023FB734AE00123FB7347E033
S31520003600FB78012B1ED17B681B6823F003027B68A5
S315200036101A6002E0BB68013BBB607B685B6803F015
S315200036200303002B02D0BB68002BF3D17B685B68B9
S3152000363003F00303002B02D00023FB7328E00123B1
S31520003640FB7325E0FB78022B20D17B681B6823F0D7
S31520003650030343F002027B681A6002E0BB68013B69
S31520003660BB607B685B6803F00303022B02D0BB6858
S31520003670002BF3D17B685B6803F00303022B02D097
S315200036800023FB7304E00123FB7301E00023FB739B
S31520003690FB7B18461437BD465DF8047B704780B423
S315200036A085B000AF78600023FB737B681B6823F02E
S315200036B0030343F002027B681A607B685B6803F0B1
S315200036C00303022B01D10123FB73FB7B184614371E
S315200036D0BD465DF8047B704780B485B000AF786046
S315200036E04FF6FF73FB600023FB727B681B6823F099
S315200036F002027B681A6002E0FB68013BFB607B6884
S315200037005B6803F00203022B02D1FB68002BF3D186
S315200037107B685B6803F00203022B01D00123FB7256
S31520003720FB7A18461437BD465DF8047B704780B493
S3152000373085B000AF78600023FB737B689B69DBB2A2
S3152000374003F07003FB73FB7B18461437BD465DF808
S31520003750047B704780B485B000AF78600023FB738C
S315200037607B689B691B0EFB73FB7B18461437BD4693
S315200037705DF8047B704780B485B000AF7860002385
S31520003780FB737B689B691B0CFB73FB7B184614370A
S31520003790BD465DF8047B704780B485B000AFF86005
S315200037A0B9601346FB71FB79002B06D0FB685A697A
S315200037B0BB681A43FB685A6106E0FB685A69BB6816
S315200037C0DB431A40FB685A6100BF1437BD465DF8DB
S315200037D0047B704780B485B000AF786039600023E1
S315200037E0FB733B6803F47003002B0DD07B689A694A
S315200037F03B681340C3F31303002B02D00123FB7352
S3152000380048E00023FB7345E03B6803F08073002B00
S315200038100DD07B685A683B681340C3F31303002B13
S3152000382002D00123FB7335E00023FB7332E03B68B3
S3152000383003F00063002B0DD07B689A683B68134029
S31520003840C3F31303002B02D00123FB7322E00023D2
S31520003850FB731FE03B6803F00073002B0DD07B68E1
S31520003860DA683B681340C3F31303002B02D001230D
S31520003870FB730FE00023FB730CE07B681A693B683F
S315200038801340C3F31303002B02D00123FB7301E083
S315200038900023FB73FB7B18461437BD465DF8047B7B
S315200038A0704780B485B000AF786039600023FB6034
S315200038B03B68174A934203D17B6800229A6121E034
S315200038C03B68C3F31303FB603B6803F00073002BD4
S315200038D003D07B68FA68DA6014E03B6803F0806303
S315200038E0002B03D07B68FA681A610BE03B6803F073
S315200038F00063002B03D07B68FA689A6002E07B683D
S31520003900FA685A6000BF1437BD465DF8047B7047DD
S315200039107000F03080B584B000AF78603960002345
S31520003920FB737B685A693B681340002B00F01B81B0
S315200039303B68B3F5003F00F0DD803B68B3F5003F00
S3152000394000F20E813B68B3F5803F00F0CA803B68E9
S31520003950B3F5803F00F204813B68B3F5004F00F0D9
S31520003960F6803B68B3F5004F00F2FA803B68B3F56A
S31520003970006F00F0E3803B68B3F5006F00F2F08043
S315200039803B68B3F5806F00F0D0803B68B3F5806F5D
S3152000399000F2E6803B68B3F5007F00F0BD803B680F
S315200039A0B3F5007F00F2DC803B68B3F5807F00F042
S315200039B0AA803B68B3F5807F00F2D2803B68202B3B
S315200039C04CD83B68002B00F0CB803B68013B1F2B7B
S315200039D000F2C68001A252F823F000BF653A00200B
S315200039E0773A0020613B0020893A0020613B002085
S315200039F0613B0020613B00209B3A0020613B002078
S31520003A00613B0020613B0020613B0020613B0020A0
S31520003A10613B0020613B0020AD3A0020613B002045
S31520003A20613B0020613B0020613B0020613B002080
S31520003A30613B0020613B0020613B0020613B002070
S31520003A40613B0020613B0020613B0020613B002060
S31520003A50613B0020613B0020BF3A00203B68402BA1
S31520003A6036D07DE07B689B684249184600F060F9B5
S31520003A700346FB7379E07B68DB680321184600F078
S31520003A8057F90346FB7370E07B68DB68082118460C
S31520003A9000F04EF90346FB7367E07B68DB68102174
S31520003AA0184600F045F90346FB735EE07B681B6908
S31520003AB00321184600F03CF90346FB7355E07B686A
S31520003AC01B690821184600F033F90346FB734CE0C6
S31520003AD07B681B691021184600F02AF90346FB7300
S31520003AE043E07B685B680821184600F021F903460D
S31520003AF0FB733AE07B685B681021184600F018F9E2
S31520003B000346FB7331E07B689B690121184600F070
S31520003B100FF90346FB7328E07B689B690221184650
S31520003B2000F006F90346FB731FE07B689B690421BE
S31520003B30184600F0FDF80346FB7316E07B689B6988
S31520003B407021184600F0F4F80346FB730DE07B68FD
S31520003B505B680421184600F0EBF80346FB7304E08B
S31520003B600023FB7301E00023FB73FB7B1846103711
S31520003B70BD4680BD0101010080B483B000AF7860EE
S31520003B8039603B68B3F5003F00F0AA803B68B3F587
S31520003B90003F00F2C3803B68B3F5803F00F09C8075
S31520003BA03B68B3F5803F00F2B9803B68B3F5004F20
S31520003BB000F0AD803B68B3F5004F00F2AF803B6864
S31520003BC0B3F5006F00F09C803B68B3F5006F00F200
S31520003BD0A5803B68B3F5806F00F08E803B68B3F517
S31520003BE0806F00F29B803B68B3F5007F00F08080F9
S31520003BF03B68B3F5007F00F291803B68B3F5807F88
S31520003C0072D03B68B3F5807F00F288803B68202B1A
S31520003C104AD83B68002B00F081803B68013B1F2B74
S31520003C207CD801A252F823F0B13C00201D3D002093
S31520003C301D3D0020B93C00201D3D00201D3D0020DB
S31520003C401D3D0020C13C00201D3D00201D3D0020C3
S31520003C501D3D00201D3D00201D3D00201D3D002056
S31520003C601D3D00201D3D00201D3D00201D3D002046
S31520003C701D3D00201D3D00201D3D00201D3D002036
S31520003C801D3D00201D3D00201D3D00201D3D002026
S31520003C901D3D00201D3D00201D3D00201D3D002016
S31520003CA01D3D0020C93C00203B68402B10D035E04C
S31520003CB07B681E4A9A6032E07B680822DA602EE032
S31520003CC07B681022DA602AE07B6808221A6126E0E7
S31520003CD07B6810221A6122E07B6808225A601EE067
S31520003CE07B6810225A601AE07B6804225A6016E02C
S31520003CF07B6804225A6012E07B6804225A600EE038
S31520003D007B6800229A617B6804225A6007E07B6800
S31520003D1000229A617B6804225A6000E000BF00BF3F
S31520003D200C37BD465DF8047B704700BF01010100DA
S31520003D3080B485B000AF786039600023FB737A6861
S31520003D403B681340002B02D00123FB7301E00023C4
S31520003D50FB73FB7B18461437BD465DF8047B704722
S31520003D6080B500AF01214FF0005001F071FA00211B
S31520003D704FF0005001F06CFA00BF80BD80B485B0D2
S31520003D8000AF786039600023FB600023BB60144BD2
S31520003D901B68FB6040F6FE727B6802FA03F3DB4386
S31520003DA0FA681340FB603B681A683B685B681A43F5
S31520003DB03B689B681A433B68DB681343BB60BA6861
S31520003DC07B6802FA03F3FA681343FB60044AFB6834
S31520003DD0136000BF1437BD465DF8047B704700BFF3
S31520003DE00074004080B483B000AF78607B68002206
S31520003DF01A607B6800225A607B6800229A607B6882
S31520003E000022DA6000BF0C37BD465DF8047B7047A0
S31520003E1080B483B000AF78600B46FB70FB78002B34
S31520003E2009D00D4B1A6801217B6801FA03F30A4970
S31520003E3013430B6009E0084B1A6801217B6801FADD
S31520003E4003F3DB43044913400B6000BF0C37BD4628
S31520003E505DF8047B704700BF0074004080B483B0D7
S31520003E6000AF78600B46FB70FB78002B0AD00E4B18
S31520003E705A687B681B09012101FA03F30A49134397
S31520003E804B600AE0084B5A687B681B09012101FA3E
S31520003E9003F3DB43044913404B6000BF0C37BD4698
S31520003EA05DF8047B704700BF0074004080B483B087
S31520003EB000AF0346FB71FB79002B06D0094B5B68EC
S31520003EC0084A43F00303536005E0064B5B68054A46
S31520003ED023F00303536000BF0C37BD465DF8047B17
S31520003EE0704700BF0074004080B485B000AFF86012
S31520003EF0B9601346FB71FB79002B09D00C4B1A686D
S31520003F00B968FB6801FA03F3094913430B6009E01A
S31520003F10074B1A68B968FB6801FA03F3DB430449C7
S31520003F2013400B6000BF1437BD465DF8047B704715
S31520003F300074004080B485B000AF78600B467B806B
S31520003F400023FB60084BFB60FA687B681344083348
S31520003F50FB60FB681A467B88136000BF1437BD469A
S31520003F605DF8047B704700BF0074004080B485B0C4
S31520003F7000AF78600B467B800023FB60084BFB601C
S31520003F80FA687B6813441433FB60FB681A467B8807
S31520003F90136000BF1437BD465DF8047B704700BF31
S31520003FA00074004080B485B000AF78600B467B80FB
S31520003FB013463B800023FB600023BB607B68082BF5
S31520003FC005D17B881A023B881343FB6004E07B887B
S31520003FD01A043B881343FB60074BBB607A68BB68B7
S31520003FE013442033BB60BB68FA681A6000BF1437DD
S31520003FF0BD465DF8047B70470074004080B485B0F0
S3152000400000AF78600023FB60084BFB607B689A0852
S31520004010FB6813442C33FB60FB681B689BB2184675
S315200040201437BD465DF8047B704700BF007400401E
S3152000403080B483B000AF78600B46FB70FB78002B12
S315200040400AD00E4B1A684FF480517B6801FA03F3AD
S315200040500A4913430B600AE0084B1A684FF4805153
S315200040607B6801FA03F3DB43044913400B6000BF6E
S315200040700C37BD465DF8047B704700BF00740040D6
S3152000408080B485B000AFF860B9601346FB71FB7948
S31520004090002B09D00C4B1A68B968FB6801FA03F3A8
S315200040A0094913430B6009E0074B1A68B968FB6896
S315200040B001FA03F3DB43044913400B6000BF1437B6
S315200040C0BD465DF8047B70470074004080B485B01F
S315200040D000AF786039600023FB730A4B5A6B39684E
S315200040E07B6801FA03F31340002B02D00123FB73F4
S315200040F001E00023FB73FB7B18461437BD465DF8B1
S31520004100047B70470074004080B483B000AF7860B1
S31520004110396006493A687B6802FA03F34B6300BFAD
S315200041200C37BD465DF8047B704700BF0074004025
S3152000413080B485B000AF786039600023FB7300231C
S31520004140BB60104B1A6839687B6801FA03F3134089
S31520004150BB600C4B5A6B39687B6801FA03F313403A
S31520004160002B05D0BB68002B02D00123FB7301E096
S315200041700023FB73FB7B18461437BD465DF8047B92
S31520004180704700BF0074004080B483B000AF7860F1
S31520004190396006493A687B6802FA03F34B6300BF2D
S315200041A00C37BD465DF8047B704700BF00740040A5
S315200041B080B400AF094B00221A60084B00225A60D7
S315200041C0064B00229A60054B0022DA60034B044A14
S315200041D05A6100BFBD465DF8047B7047003C014034
S315200041E0FFFF7F0080B485B000AF78600023FB60BE
S315200041F0344BFB607B689B79002B4FD0314B1A6880
S315200042007B681B68DB432F4913400B602D4B5A6894
S315200042107B681B68DB432B4913404B607B681B790B
S315200042201A46FB681344FB60FB6819687B681A68AA
S31520004230FB680A431A60234B9A687B681B68DB433A
S31520004240204913408B601F4BDA687B681B68DB4371
S315200042501C491340CB607B685B79102B0ED1194B20
S315200042609A687B681B68174913438B60154BDA687D
S315200042707B681B6813491343CB601DE0114BFB6021
S315200042807B685B791A46FB681344FB60FB681968F8
S315200042907B681A68FB680A431A600DE07B681B7905
S315200042A01A46FB681344FB60FB6819687B681B6829
S315200042B0DA43FB680A401A6000BF1437BD465DF832
S315200042C0047B7047003C014080B483B000AF786027
S315200042D07B6800221A607B6800221A717B680C2298
S315200042E05A717B6800229A7100BF0C37BD465DF873
S315200042F0047B704780B483B000AF7860054B1A69A1
S3152000430004497B6813430B6100BF0C37BD465DF83B
S31520004310047B7047003C014080B485B000AF7860D4
S315200043200023FB73084B5A697B681340002B02D08D
S315200043300123FB7301E00023FB73FB7B1846143734
S31520004340BD465DF8047B7047003C014080B483B0D5
S3152000435000AF7860044A7B68536100BF0C37BD46C6
S315200043605DF8047B704700BF003C014080B485B0F7
S3152000437000AF78600023FB73084B5A697B681340B3
S31520004380002B02D00123FB7301E00023FB73FB7B90
S3152000439018461437BD465DF8047B7047003C014043
S315200043A080B483B000AF7860044A7B68536100BF55
S315200043B00C37BD465DF8047B704700BF003C0140CA
S315200043C080B582B000AF78607B684B4A934208D1B3
S315200043D00121012000F0DCFE0021012000F0D8FEA2
S315200043E086E07B68454A934208D10121022000F0ED
S315200043F0CFFE0021022000F0CBFE79E07B68404A08
S31520004400934208D10121042000F0C2FE002104209D
S3152000441000F0BEFE6CE07B683A4A934208D1012147
S31520004420082000F0B5FE0021082000F0B1FE5FE074
S315200044307B68354A934208D10121102000F0A8FE5E
S315200044400021102000F0A4FE52E07B682F4A934200
S3152000445008D10121202000F09BFE0021202000F021
S3152000446097FE45E07B682A4A934208D101214020E5
S3152000447000F08EFE0021402000F08AFE38E07B68A6
S31520004480244A934208D10121802000F081FE002198
S31520004490802000F07DFE2BE07B681F4A93420AD1E4
S315200044A001214FF4807000F073FE00214FF48070DC
S315200044B000F06EFE1CE07B68184A93420AD1012167
S315200044C04FF4007000F064FE00214FF4007000F0FD
S315200044D05FFE0DE07B68124A934209D101214FF419
S315200044E0806000F055FE00214FF4806000F050FE01
S315200044F000BF0837BD4680BD0000024000040240D0
S3152000450000080240000C0240001002400014024045
S3152000451000180240001C02400020024000240240F5
S315200045200028024080B487B000AF7860396000234D
S315200045307B6100233B610023FB6000237B6176E0E7
S3152000454001227B6902FA03F33B613B681B683A69E7
S315200045501340FB60FA683B699A4265D17B681A680A
S315200045607B695B00032101FA03F3DB431A407B6876
S315200045701A607B681A683B681B7919467B695B0061
S3152000458001FA03F31A437B681A603B681B79012BF7
S3152000459003D03B681B79022B2ED17B689A687B69F6
S315200045A05B00032101FA03F3DB431A407B689A6020
S315200045B07B689A683B685B7919467B695B0001FAE0
S315200045C003F31A437B689A607B685A687B699BB2BF
S315200045D0194601238B40DB431A407B685A607B686F
S315200045E05B683A68927911467A6992B201FA02F2C8
S315200045F092B21A437B685A607B68DA687B699BB201
S315200046005B00032101FA03F3DB431A407B68DA607F
S315200046107B68DA683B68DB7919467B695B0001FABF
S3152000462003F31A437B68DA607B6901337B617B691C
S315200046300F2B85D900BF00BF1C37BD465DF8047B14
S31520004640704780B483B000AF78607B684FF6FF7206
S315200046501A607B6800221A717B6800225A717B6877
S3152000466000229A717B680022DA7100BF0C37BD46A2
S315200046705DF8047B704780B485B000AF78600B4648
S315200046807B804FF48033FB607A88FB681343FB60A2
S31520004690FA687B68DA617A887B68DA61FA687B680F
S315200046A0DA617B68DB69FB607B68DB69FB6000BFE6
S315200046B01437BD465DF8047B704780B485B000AFE3
S315200046C078600B467B800023FB737B681A697B88A6
S315200046D01340002B02D00123FB7301E00023FB7360
S315200046E0FB7B18461437BD465DF8047B704780B4C3
S315200046F083B000AF78607B681B699BB218460C3785
S31520004700BD465DF8047B704780B485B000AF786005
S315200047100B467B800023FB737B685A697B8813409A
S31520004720002B02D00123FB7301E00023FB73FB7BEC
S3152000473018461437BD465DF8047B704780B483B0B5
S3152000474000AF78607B685B699BB218460C37BD4624
S315200047505DF8047B704780B483B000AF78600B4669
S315200047607B807B687A881A8300BF0C37BD465DF84C
S31520004770047B704780B483B000AF78600B467B80A3
S315200047807B687A885A8300BF0C37BD465DF8047B68
S31520004790704780B483B000AF78600B467B801346A9
S315200047A07B707B78002B03D07B687A881A8302E0A3
S315200047B07B687A885A8300BF0C37BD465DF8047B38
S315200047C0704780B483B000AF78600B467B807A88D0
S315200047D07B685A6100BF0C37BD465DF8047B704785
S315200047E080B483B000AF78600B467B807B685A69C3
S315200047F07B885A407B685A6100BF0C37BD465DF8FE
S31520004800047B704780B485B000AF78600B467B8010
S3152000481013467B700023FB600023BB607A787B887D
S3152000482003F007039B0002FA03F3FB607B88DB0897
S315200048309BB21A467B68083253F822207B8803F005
S3152000484007039B000F2101FA03F3DB437988C9088C
S3152000485089B2084602EA03017B6800F1080243F8A0
S3152000486022107B88DB089BB21A467B68083253F8F5
S315200048702230FA681343BB607B88DB089BB21A465A
S315200048807B680832B96843F8221000BF1437BD464A
S315200048905DF8047B704700BF80B400AF164B1B68E1
S315200048A0154A43F001031360134B00229A60124B02
S315200048B01B68114A23F0A85323F4102313600E4BD0
S315200048C00E4A5A600C4B0E4AC3F884200A4B0D4AF6
S315200048D0C3F88820084B1B68074A23F480231360FB
S315200048E0054B0022DA60044B0022C3F88C2000BF5F
S315200048F0BD465DF8047B7047003802401030002426
S31520004900003000200030002480B483B000AF03467E
S31520004910FB71064B00221A70044AFB79137000BF04
S315200049200C37BD465DF8047B704700BF0238024055
S3152000493080B582B000AF00233B600023FB710023CB
S31520004940BB71312000F08AFD0346BB713B68013301
S315200049503B603B68B3F5A04F02D0BB79002BF0D06B
S31520004960312000F07BFD0346002B02D00123FB7192
S3152000497001E00023FB71FB7918460837BD4680BD50
S3152000498080B485B000AF0346FB710023FB600A4B61
S315200049901B68FB60FB6823F0F803FB60FB79DB00F8
S315200049A0FA681343FB60044AFB68136000BF1437A0
S315200049B0BD465DF8047B70470038024080B483B062
S315200049C000AF0346FB71044AFB79136000BF0C3726
S315200049D0BD465DF8047B70470000474280B483B033
S315200049E000AF0346FB710D4B00221A700B4B0022C1
S315200049F01A70FB79012B02D0042B04D007E0074B59
S31520004A0001221A7003E0054B05221A7000BF00BF71
S31520004A100C37BD465DF8047B704700BF70380240F6
S31520004A2080B483B000AF0346FB71044AFB79136060
S31520004A3000BF0C37BD465DF8047B7047800E4742A9
S31520004A4080B485B000AFF860B9607A603B607B685F
S31520004A509A01BB681A433B685B08013B1B041A4357
S31520004A60FB681A43BB691B06044913434B6000BF0E
S31520004A701437BD465DF8047B704700BF00380240FE
S31520004A8080B483B000AF0346FB71044AFB79136000
S31520004A9000BF0C37BD465DF8047B70476000474277
S31520004AA080B483B000AF786039607B689A013B6838
S31520004AB01B0705491343C1F8843000BF0C37BD4698
S31520004AC05DF8047B704700BF0038024080B483B095
S31520004AD000AF0346FB71044AFB79136000BF0C3715
S31520004AE0BD465DF8047B70476800474280B485B0B8
S31520004AF000AFF860B9607A60FB689A01BB681B0654
S31520004B001A437B681B0705491343C1F8883000BF49
S31520004B101437BD465DF8047B704700BF003802405D
S31520004B2080B483B000AF0346FB71044AFB7913605F
S31520004B3000BF0C37BD465DF8047B704770004742C6
S31520004B4080B483B000AF0346FB71044AFB7913603F
S31520004B5000BF0C37BD465DF8047B70474C004742CA
S31520004B6080B485B000AF786039600023FB600B4BC2
S31520004B709B68FB60FB6823F0EC63FB607A683B680C
S31520004B801343FA681343FB60044AFB68936000BF33
S31520004B901437BD465DF8047B704700BF00380240DD
S31520004BA080B485B000AF786039600023FB600B4B82
S31520004BB09B68FB60FB6823F07843FB607A683B6860
S31520004BC01343FA681343FB60044AFB68936000BFF3
S31520004BD01437BD465DF8047B704700BF003802409D
S31520004BE080B485B000AF78600023FB60094B9B68DA
S31520004BF0FB60FB6823F00303FB60FA687B681343C2
S31520004C00FB60044AFB68936000BF1437BD465DF81D
S31520004C10047B70470038024080B400AF054B9B6888
S31520004C20DBB203F00C03DBB21846BD465DF8047B0D
S31520004C30704700BF0038024080B485B000AF78606E
S31520004C400023FB60094B9B68FB60FB6823F0F003A5
S31520004C50FB60FA687B681343FB60044AFB68936039
S31520004C6000BF1437BD465DF8047B7047003802400C
S31520004C7080B485B000AF78600023FB60094B9B6849
S31520004C80FB60FB6823F4E053FB60FA687B68134300
S31520004C90FB60044AFB68936000BF1437BD465DF88D
S31520004CA0047B70470038024080B485B000AF78603E
S31520004CB00023FB600A4B9B68FB60FB6823F4604380
S31520004CC0FB607B68DB00FA681343FB60044AFB68E1
S31520004CD0936000BF1437BD465DF8047B704700BF64
S31520004CE00038024080B489B000AF78600023BB61F1
S31520004CF000237B610023FB6102233B610023FB60D1
S31520004D000223BB604A4B9B6803F00C03BB61BB6963
S31520004D10082B11D0BB69082B44D8BB69002B03D0C4
S31520004D20BB69042B04D03DE07B68424A1A603DE013
S31520004D307B68414A1A6039E03D4B5B689B0D03F066
S31520004D400103FB603A4B5B6803F03F03BB60FB68E3
S31520004D50002B0CD0384ABB68B2FBF3F3344A5268B6
S31520004D609209C2F3080202FB03F3FB610BE0314A0E
S31520004D70BB68B2FBF3F32E4A52689209C2F30802CB
S31520004D8002FB03F3FB612A4B5B681B0C03F0030356
S31520004D9001335B003B61FA693B69B2FBF3F27B6846
S31520004DA01A6003E07B68234A1A6000BF204B9B6889
S31520004DB003F0F003BB61BB691B09BB611F4ABB69DA
S31520004DC013441B78DBB27B617B681A687B69DA4007
S31520004DD07B685A60164B9B6803F4E053BB61BB6942
S31520004DE09B0ABB61154ABB6913441B78DBB27B6106
S31520004DF07B685A687B69DA407B689A600C4B9B68B3
S31520004E0003F46043BB61BB695B0BBB610B4ABB69A7
S31520004E1013441B78DBB27B617B685A687B69DA4076
S31520004E207B68DA6000BF2437BD465DF8047B704797
S31520004E30003802400024F40000127A00648D00201D
S31520004E4080B485B000AF78600023FB607B6803F4F4
S31520004E504073B3F5407F11D10F4B9B68FB60FB6815
S31520004E6023F4F813FB607B6823F0704323F440732C
S31520004E70FA681343FB60084AFB689360064B1A6F77
S31520004E807B68C3F30B03044913430B6700BF143736
S31520004E90BD465DF8047B70470038024080B483B07D
S31520004EA000AF0346FB71044AFB79136000BF0C3741
S31520004EB0BD465DF8047B70473C0E474280B483B004
S31520004EC000AF0346FB71044AFB79136000BF0C3721
S31520004ED0BD465DF8047B7047400E474280B483B0E0
S31520004EE000AF7860044A7B68136000BF0C37BD466C
S31520004EF05DF8047B704700BF5C01474280B485B0F3
S31520004F0000AF78600023FB600B4BD3F88C30FB603E
S31520004F10FB6823F01F03FB607B68013BFA681343A1
S31520004F20FB60054AFB68C2F88C3000BF1437BD46CB
S31520004F305DF8047B704700BF0038024080B485B01E
S31520004F4000AF78600023FB600B4BD3F88C30FB60FE
S31520004F50FB6823F4F853FB607B68013B1B02FA686D
S31520004F601343FB60044AFB68C2F88C3000BF143739
S31520004F70BD465DF8047B70470038024080B485B09A
S31520004F8000AF78600023FB600A4BD3F88C30FB60BF
S31520004F90FB6823F44013FB60FA687B681343FB60CD
S31520004FA0044AFB68C2F88C3000BF1437BD465DF852
S31520004FB0047B70470038024080B485B000AF78602B
S31520004FC00023FB600A4BD3F88C30FB60FB6823F48C
S31520004FD04003FB60FA687B681343FB60044AFB6866
S31520004FE0C2F88C3000BF1437BD465DF8047B70478D
S31520004FF00038024080B485B000AF78600023FB60A3
S315200050000A4BD3F88C30FB60FB6823F44033FB60FB
S31520005010FA687B681343FB60044AFB68C2F88C304D
S3152000502000BF1437BD465DF8047B70470038024048
S3152000503080B483B000AF7860044A7B68136000BFF9
S315200050400C37BD465DF8047B704700BFE011474230
S3152000505080B483B000AF78600B46FB70FB78002BE2
S3152000506006D00A4B1A6B09497B6813430B6306E08B
S31520005070064B1A6B7B68DB43044913400B6300BF66
S315200050800C37BD465DF8047B704700BF00380240F0
S3152000509080B483B000AF78600B46FB70FB78002BA2
S315200050A006D00A4B5A6B09497B6813434B6306E0CB
S315200050B0064B5A6B7B68DB43044913404B6300BFA6
S315200050C00C37BD465DF8047B704700BF00380240B0
S315200050D080B483B000AF78600B46FB70FB78002B62
S315200050E006D00A4B9A6B09497B6813438B6306E00B
S315200050F0064B9A6B7B68DB43044913408B6300BFE6
S315200051000C37BD465DF8047B704700BF003802406F
S3152000511080B483B000AF78600B46FB70FB78002B21
S3152000512006D00A4B1A6C09497B6813430B6406E0C8
S31520005130064B1A6C7B68DB43044913400B6400BFA3
S315200051400C37BD465DF8047B704700BF003802402F
S3152000515080B483B000AF78600B46FB70FB78002BE1
S3152000516006D00A4B5A6C09497B6813434B6406E008
S31520005170064B5A6C7B68DB43044913404B6400BFE3
S315200051800C37BD465DF8047B704700BF00380240EF
S3152000519080B483B000AF78600B46FB70FB78002BA1
S315200051A006D00A4B1A6909497B6813430B6106E04E
S315200051B0064B1A697B68DB43044913400B6100BF29
S315200051C00C37BD465DF8047B704700BF00380240AF
S315200051D080B483B000AF78600B46FB70FB78002B61
S315200051E006D00A4B5A6909497B6813434B6106E08E
S315200051F0064B5A697B68DB43044913404B6100BF69
S315200052000C37BD465DF8047B704700BF003802406E
S3152000521080B483B000AF78600B46FB70FB78002B20
S3152000522006D00A4B9A6909497B6813438B6106E0CD
S31520005230064B9A697B68DB43044913408B6100BFA8
S315200052400C37BD465DF8047B704700BF003802402E
S3152000525080B483B000AF78600B46FB70FB78002BE0
S3152000526006D00A4B1A6A09497B6813430B6206E08B
S31520005270064B1A6A7B68DB43044913400B6200BF66
S315200052800C37BD465DF8047B704700BF00380240EE
S3152000529080B483B000AF78600B46FB70FB78002BA0
S315200052A006D00A4B5A6A09497B6813434B6206E0CB
S315200052B0064B5A6A7B68DB43044913404B6200BFA6
S315200052C00C37BD465DF8047B704700BF00380240AE
S315200052D080B483B000AF78600B46FB70FB78002B60
S315200052E006D00A4B1A6D09497B6813430B6506E005
S315200052F0064B1A6D7B68DB43044913400B6500BFE0
S315200053000C37BD465DF8047B704700BF003802406D
S3152000531080B483B000AF78600B46FB70FB78002B1F
S3152000532006D00A4B5A6D09497B6813434B6506E044
S31520005330064B5A6D7B68DB43044913404B6500BF1F
S315200053400C37BD465DF8047B704700BF003802402D
S3152000535080B483B000AF78600B46FB70FB78002BDF
S3152000536006D00A4B9A6D09497B6813438B6506E084
S31520005370064B9A6D7B68DB43044913408B6500BF5F
S315200053800C37BD465DF8047B704700BF00380240ED
S3152000539080B483B000AF78600B46FB70FB78002B9F
S315200053A006D00A4B1A6E09497B6813430B6606E042
S315200053B0064B1A6E7B68DB43044913400B6600BF1D
S315200053C00C37BD465DF8047B704700BF00380240AD
S315200053D080B483B000AF78600B46FB70FB78002B5F
S315200053E006D00A4B5A6E09497B6813434B6606E082
S315200053F0064B5A6E7B68DB43044913404B6600BF5D
S315200054000C37BD465DF8047B704700BF003802406C
S3152000541080B483B000AF03460A46FB711346BB71C6
S31520005420BB79002B08D00C4B1B78DAB20A49FB79E2
S315200054301343DBB20B7009E0074B1B78DAB2FB791A
S31520005440DB43DBB204491340DBB20B7000BF0C37E1
S31520005450BD465DF8047B70470D38024080B487B0A6
S3152000546000AF0346FB710023FB6000237B61002312
S31520005470FB74FB795B09DBB2FB60FB68012B03D174
S31520005480124B1B687B6109E0FB68022B03D10F4B93
S315200054901B6F7B6102E00D4B5B6F7B61FB7903F039
S315200054A01F03FB607A69FB6822FA03F303F001030A
S315200054B0002B02D00123FB7401E00023FB74FB7C4C
S315200054C018461C37BD465DF8047B704700380240FD
S315200054D080B400AF054B5B6F044A43F0807353677B
S315200054E000BFBD465DF8047B704700BF0038024010
S315200054F080B485B000AF0346FB710023FB73094BD4
S31520005500DA68FB791340002B02D00123FB7301E0FC
S315200055100023FB73FB7B18461437BD465DF8047BDE
S31520005520704700BF0038024080B483B000AF034606
S31520005530FB71044AFB79137000BF0C37BD465DF83A
S31520005540047B70470E38024080B500AF01214FF42E
S315200055508040FFF79DFE00214FF48040FFF798FE24
S3152000556000BF80BD80B483B000AF0346FB71044A00
S31520005570FB79136000BF0C37BD465DF8047B70478E
S315200055800038014080B483B000AF0346FB71044A63
S31520005590FB79136000BF0C37BD465DF8047B70476E
S315200055A02000274280B485B000AF03460A46FB712F
S315200055B01346BB710023FB60BB7903F003039B00FA
S315200055C00F2202FA03F3FB60164ABB799B08DBB273
S315200055D0023352F82320FB68DB431248B979890845
S315200055E0C9B21A408B1C40F823200E4ABB799B086F
S315200055F0DBB2023352F82320F979BB7903F0030397
S315200056009B0001FA03F30748B9798908C9B21A43FE
S315200056108B1C40F8232000BF1437BD465DF8047B61
S31520005620704700BF0038014080B483B000AF786077
S31520005630044A7B68136000BF0C37BD465DF8047BC7
S31520005640704700BFDC00274280B483B000AF03461A
S31520005650FB71044AFB79136000BF0C37BD465DF829
S31520005660047B70470004274280B483B000AF002338
S31520005670FB71094B1B6A03F48073002B02D00123B4
S31520005680FB7101E00023FB71FB7918460C37BD4600
S315200056905DF8047B704700BF0038014080B582B0BA
S315200056A000AF78607B68604A934208D101210120CF
S315200056B0FFF7EEFD00210120FFF7EAFDAFE07B6852
S315200056C0B3F1804F08D101210120FFF7C1FD002150
S315200056D00120FFF7BDFDA2E07B68544A934208D122
S315200056E001210220FFF7B4FD00210220FFF7B0FDC3
S315200056F095E07B684E4A934208D101210420FFF7AA
S31520005700A7FD00210420FFF7A3FD88E07B68494A16
S31520005710934208D101210820FFF79AFD0021082095
S31520005720FFF796FD7BE07B68434A934208D101212F
S315200057301020FFF78DFD00211020FFF789FD6EE078
S315200057407B683E4A934208D101212020FFF780FD45
S3152000575000212020FFF77CFD61E07B68384A9342D8
S3152000576008D101210220FFF793FD00210220FFF737
S315200057708FFD54E07B68334A93420AD101214FF4CE
S315200057808030FFF785FD00214FF48030FFF780FD44
S3152000579045E07B682C4A93420AD101214FF4003020
S315200057A0FFF776FD00214FF40030FFF771FD36E05C
S315200057B07B68264A93420AD101214FF48020FFF7C5
S315200057C067FD00214FF48020FFF762FD27E07B680C
S315200057D01F4A934208D101214020FFF739FD0021BD
S315200057E04020FFF735FD1AE07B681A4A934208D11C
S315200057F001218020FFF72CFD00218020FFF728FDC6
S315200058000DE07B68144A934209D101214FF4807040
S31520005810FFF71EFD00214FF48070FFF719FD00BF32
S315200058200837BD4680BD00BF00000140000400408F
S3152000583000080040000C004000100040001400400A
S31520005840000401400040014000440140004801405E
S3152000585000180040001C00400020004080B485B0A5
S3152000586000AF786039600023FB817B681B88FB8151
S315200058707B68294A934213D07B68284A93420FD0EB
S315200058807B68B3F1804F0BD07B68254A934207D0C3
S315200058907B68244A934203D07B68234A934208D1EB
S315200058A0FB8923F07003FB813B685A88FB891343ED
S315200058B0FB817B681D4A93420CD07B681C4A93422D
S315200058C008D0FB8923F44073FB813B681A89FB8946
S315200058D01343FB817B68FA891A803B685A687B6888
S315200058E0DA623B681A887B681A857B680A4A934283
S315200058F003D07B68094A934204D13B689B7A1A46B7
S315200059007B681A867B6801229A8200BF1437BD46BF
S315200059105DF8047B704700BF000001400004014091
S315200059200004004000080040000C00400010004029
S315200059300014004080B483B000AF78607B684FF0DD
S31520005940FF325A607B6800221A807B6800221A8107
S315200059507B6800225A807B6800229A7200BF0C372F
S31520005960BD465DF8047B704780B483B000AF786095
S315200059700B467B8013463B807B687A881A857B683A
S315200059803A889A8200BF0C37BD465DF8047B704783
S3152000599080B485B000AF78600B467B800023FB8106
S315200059A07B681B88FB81FB8923F07003FB81FA89C6
S315200059B07B881343FB817B68FA891A8000BF1437E2
S315200059C0BD465DF8047B704780B483B000AF786035
S315200059D039607B683A685A6200BF0C37BD465DF86D
S315200059E0047B704780B483B000AF786039607B68F1
S315200059F03A68DA6200BF0C37BD465DF8047B704713
S31520005A0080B483B000AF78607B685B6A18460C3739
S31520005A10BD465DF8047B704780B483B000AF7860E4
S31520005A207B681B8D9BB218460C37BD465DF8047B00
S31520005A30704780B483B000AF78600B46FB70FB786C
S31520005A40002B08D07B681B889BB243F002039AB2D6
S31520005A507B681A8007E07B681B889BB223F00203D1
S31520005A609AB27B681A8000BF0C37BD465DF8047B6E
S31520005A70704780B483B000AF78600B467B807B880C
S31520005A80002B08D07B681B889BB243F004039AB294
S31520005A907B681A8007E07B681B889BB223F004038F
S31520005AA09AB27B681A8000BF0C37BD465DF8047B2E
S31520005AB0704780B483B000AF78600B46FB70FB78EC
S31520005AC0002B08D07B681B889BB243F080039AB2D8
S31520005AD07B681A8007E07B681B889BB223F08003D3
S31520005AE09AB27B681A8000BF0C37BD465DF8047BEE
S31520005AF0704780B483B000AF78600B467B807B68AC
S31520005B001B889BB223F008039AB27B681A807B68B5
S31520005B101B889AB27B8813439AB27B681A8000BF8F
S31520005B200C37BD465DF8047B704780B483B000AF68
S31520005B3078600B467B807B681B889BB223F440737E
S31520005B409AB27B681A807B681B889AB27B8813433B
S31520005B509AB27B681A8000BF0C37BD465DF8047B7D
S31520005B60704780B483B000AF78600B46FB70FB783B
S31520005B70002B08D07B681B889BB243F001039AB2A6
S31520005B807B681A8007E07B681B889BB223F00103A1
S31520005B909AB27B681A8000BF0C37BD465DF8047B3D
S31520005BA0704780B485B000AF7860396000237B8170
S31520005BB00023FB810023BB817B681B8C9BB223F0D7
S31520005BC001039AB27B681A847B681B8CFB817B68F5
S31520005BD09B88BB817B681B8B7B817B8923F0700331
S31520005BE07B817B8923F003037B813B681A887B8931
S31520005BF013437B81FB8923F00203FB813B689A894F
S31520005C00FB891343FB813B685A88FB891343FB813D
S31520005C107B681F4A934203D07B681E4A934223D156
S31520005C20FB8923F00803FB813B68DA89FB89134350
S31520005C30FB81FB8923F00403FB813B689A88FB895F
S31520005C401343FB81BB8923F48073BB81BB8923F477
S31520005C500073BB813B681A8ABB891343BB813B68AF
S31520005C605A8ABB891343BB817B68BA899A807B6831
S31520005C707A891A833B689A687B685A637B68FA89B3
S31520005C801A8400BF1437BD465DF8047B704700BFF9
S31520005C90000001400004014080B485B000AF786068
S31520005CA0396000237B810023FB810023BB817B6835
S31520005CB01B8C9BB223F010039AB27B681A847B68F4
S31520005CC01B8CFB817B689B88BB817B681B8B7B81C4
S31520005CD07B8923F4E0437B817B8923F440737B819A
S31520005CE03B681B881B029AB27B8913437B81FB8905
S31520005CF023F02003FB813B689B891B019AB2FB8919
S31520005D001343FB813B685B881B019AB2FB891343D3
S31520005D10FB817B68224A934203D07B68214A9342C7
S31520005D202BD1FB8923F08003FB813B68DB891B0198
S31520005D309AB2FB891343FB81FB8923F04003FB8145
S31520005D403B689B881B019AB2FB891343FB81BB8965
S31520005D5023F48063BB81BB8923F40063BB813B684A
S31520005D601B8A9B009AB2BB891343BB813B685B8A23
S31520005D709B009AB2BB891343BB817B68BA899A8000
S31520005D807B687A891A833B689A687B689A637B6802
S31520005D90FA891A8400BF1437BD465DF8047B704724
S31520005DA0000001400004014080B485B000AF786057
S31520005DB0396000237B810023FB810023BB817B6824
S31520005DC01B8C9BB223F480739AB27B681A847B68FF
S31520005DD01B8CFB817B689B88BB817B689B8B7B8133
S31520005DE07B8923F070037B817B8923F003037B81EE
S31520005DF03B681A887B8913437B81FB8923F40073D4
S31520005E00FB813B689B891B029AB2FB891343FB816A
S31520005E103B685B881B029AB2FB891343FB817B6834
S31520005E20224A934203D07B68214A93422BD1FB8995
S31520005E3023F40063FB813B68DB891B029AB2FB8952
S31520005E401343FB81FB8923F48063FB813B689B889A
S31520005E501B029AB2FB891343FB81BB8923F480532F
S31520005E60BB81BB8923F40053BB813B681B8A1B0182
S31520005E709AB2BB891343BB813B685B8A1B019AB2EA
S31520005E80BB891343BB817B68BA899A807B687A89F0
S31520005E909A833B689A687B68DA637B68FA891A84F6
S31520005EA000BF1437BD465DF8047B704700000140F3
S31520005EB00004014080B485B000AF786039600023CB
S31520005EC0BB8100237B810023FB817B681B8C9BB2DB
S31520005ED023F480539AB27B681A847B681B8C7B815F
S31520005EE07B689B88FB817B689B8BBB81BB8923F46A
S31520005EF0E043BB81BB8923F44073BB813B681B888D
S31520005F001B029AB2BB891343BB817B8923F40053BE
S31520005F107B813B689B891B039AB27B8913437B81D8
S31520005F203B685B881B039AB27B8913437B817B6822
S31520005F30124A934203D07B68114A93420AD1FB89C5
S31520005F4023F48043FB813B681B8A9B019AB2FB8921
S31520005F501343FB817B68FA899A807B68BA899A8386
S31520005F603B689A687B681A647B687A891A8400BFC2
S31520005F701437BD465DF8047B704700BF0000014022
S31520005F800004014080B483B000AF78607B680022B3
S31520005F901A807B6800225A807B6800229A807B6860
S31520005FA000229A607B6800229A817B680022DA812F
S31520005FB07B6800221A827B6800225A8200BF0C3737
S31520005FC0BD465DF8047B704780B485B000AF78602D
S31520005FD00B467B8013463B800023FB6000237B819E
S31520005FE07B68FB60FB681833FB607B88012202FA22
S31520005FF003F37B817B681B8C9AB27B89DB439BB244
S3152000600013409AB27B681A847B88002B02D07B8847
S31520006010082B14D17B885B089BB21A46FB68134475
S31520006020FB60FB681968FA684FF68F730B401360A4
S31520006030FB6819683A88FB680A431A6019E07B886E
S31520006040043B9BB25B089BB21A46FB681344FB6079
S31520006050FB681968FA6848F6FF730B401360FB6803
S315200060601A683B881B029BB21946FB680A431A60D2
S3152000607000BF00BF1437BD465DF8047B704780B46F
S3152000608083B000AF786039607B683A685A6300BF96
S315200060900C37BD465DF8047B704780B483B000AFF3
S315200060A0786039607B683A689A6300BF0C37BD46D2
S315200060B05DF8047B704780B483B000AF78603960A8
S315200060C07B683A68DA6300BF0C37BD465DF8047B0F
S315200060D0704780B483B000AF786039607B683A68D7
S315200060E01A6400BF0C37BD465DF8047B704780B448
S315200060F085B000AF78600B467B800023FB817B68F0
S315200061001B8BFB81FB8923F07003FB81FA897B883B
S315200061101343FB817B68FA891A8300BF1437BD4677
S315200061205DF8047B704780B485B000AF78600B467D
S315200061307B800023FB817B681B8BFB81FB8923F4FF
S31520006140E043FB817B881B029AB2FB891343FB81C8
S315200061507B68FA891A8300BF1437BD465DF8047B35
S31520006160704780B485B000AF78600B467B800023F3
S31520006170FB817B689B8BFB81FB8923F07003FB8172
S31520006180FA897B881343FB817B68FA899A8300BF4F
S315200061901437BD465DF8047B704780B485B000AFE8
S315200061A078600B467B800023FB817B689B8BFB8181
S315200061B0FB8923F4E043FB817B881B029AB2FB898F
S315200061C01343FB817B68FA899A8300BF1437BD4647
S315200061D05DF8047B704780B485B000AF78600B46CD
S315200061E07B800023FB817B681B8BFB81FB8923F053
S315200061F00803FB81FA897B881343FB817B68FA8934
S315200062001A8300BF1437BD465DF8047B704780B4FF
S3152000621085B000AF78600B467B800023FB817B68CE
S315200062201B8BFB81FB8923F40063FB817B881B028C
S315200062309AB2FB891343FB817B68FA891A8300BFD4
S315200062401437BD465DF8047B704780B485B000AF37
S3152000625078600B467B800023FB817B689B8BFB81D0
S31520006260FB8923F00803FB81FA897B881343FB8192
S315200062707B68FA899A8300BF1437BD465DF8047B94
S31520006280704780B485B000AF78600B467B800023D2
S31520006290FB817B689B8BFB81FB8923F40063FB815D
S315200062A07B881B029AB2FB891343FB817B68FA89A0
S315200062B09A8300BF1437BD465DF8047B704780B4CF
S315200062C085B000AF78600B467B800023FB817B681E
S315200062D01B8BFB81FB8923F00403FB81FA897B88D6
S315200062E01343FB817B68FA891A8300BF1437BD46A6
S315200062F05DF8047B704780B485B000AF78600B46AC
S315200063007B800023FB817B681B8BFB81FB8923F42D
S315200063108063FB817B881B029AB2FB891343FB8136
S315200063207B68FA891A8300BF1437BD465DF8047B63
S31520006330704780B485B000AF78600B467B80002321
S31520006340FB817B689B8BFB81FB8923F00403FB810C
S31520006350FA897B881343FB817B68FA899A8300BF7D
S315200063601437BD465DF8047B704780B485B000AF16
S3152000637078600B467B800023FB817B689B8BFB81AF
S31520006380FB8923F48063FB817B881B029AB2FB89FD
S315200063901343FB817B68FA899A8300BF1437BD4675
S315200063A05DF8047B704780B485B000AF78600B46FB
S315200063B07B800023FB817B681B8BFB81FB8923F081
S315200063C08003FB81FA897B881343FB817B68FA89EA
S315200063D01A8300BF1437BD465DF8047B704780B42E
S315200063E085B000AF78600B467B800023FB817B68FD
S315200063F01B8BFB81FB89C3F30E03FB817B881B026E
S315200064009AB2FB891343FB817B68FA891A8300BF02
S315200064101437BD465DF8047B704780B485B000AF65
S3152000642078600B467B800023FB817B689B8BFB81FE
S31520006430FB8923F08003FB81FA897B881343FB8148
S315200064407B68FA899A8300BF1437BD465DF8047BC2
S31520006450704780B485B000AF78600B467B80002300
S31520006460FB817B689B8BFB81FB89C3F30E03FB813E
S315200064707B881B029AB2FB891343FB817B68FA89CE
S315200064809A8300BF1437BD465DF8047B704780B4FD
S3152000649085B000AF78600B467B800023FB817B684C
S315200064A01B8CFB81FB8923F00203FB81FA897B8805
S315200064B01343FB817B68FA891A8400BF1437BD46D3
S315200064C05DF8047B704780B485B000AF78600B46DA
S315200064D07B800023FB817B681B8CFB81FB8923F05F
S315200064E00803FB81FA897B881343FB817B68FA8941
S315200064F01A8400BF1437BD465DF8047B704780B40C
S3152000650085B000AF78600B467B800023FB817B68DB
S315200065101B8CFB81FB8923F02003FB817B881B01DD
S315200065209AB2FB891343FB817B68FA891A8400BFE0
S315200065301437BD465DF8047B704780B485B000AF44
S3152000654078600B467B800023FB817B681B8CFB815C
S31520006550FB8923F08003FB817B881B019AB2FB8990
S315200065601343FB817B68FA891A8400BF1437BD4622
S315200065705DF8047B704780B485B000AF78600B4629
S315200065807B800023FB817B681B8CFB81FB8923F4AA
S315200065900073FB817B881B029AB2FB891343FB8124
S315200065A07B68FA891A8400BF1437BD465DF8047BE0
S315200065B0704780B485B000AF78600B467B8000239F
S315200065C0FB817B681B8CFB81FB8923F40063FB81A9
S315200065D07B881B029AB2FB891343FB817B68FA896D
S315200065E01A8400BF1437BD465DF8047B704780B41B
S315200065F085B000AF78600B467B800023FB817B68EB
S315200066001B8CFB81FB8923F40053FB817B881B03B6
S315200066109AB2FB891343FB817B68FA891A8400BFEF
S315200066201437BD465DF8047B704780B485B000AF53
S3152000663078600B467B8013463B800023FB817B885A
S31520006640012202FA03F3FB817B681B8C9AB2FB8939
S31520006650DB439BB213409AB27B681A847B681B8CFF
S315200066609AB239887B8801FA03F39BB213439AB214
S315200066707B681A8400BF1437BD465DF8047B7047DB
S3152000668080B485B000AF78600B467B8013463B8094
S315200066900023FB817B88042202FA03F3FB817B68BB
S315200066A01B8C9AB2FB89DB439BB213409AB27B6860
S315200066B01A847B681B8C9AB239887B8801FA03F38B
S315200066C09BB213439AB27B681A8400BF1437BD4627
S315200066D05DF8047B704780B582B000AF7860396082
S315200066E03B681B88002B0FD13B6859883B689A88EA
S315200066F03B681B89786800F0B7FC3B68DB88194645
S31520006700786800F0E1F836E03B681B88042B0FD14F
S315200067103B6859883B689A883B681B89786800F0F3
S31520006720E6FC3B68DB881946786800F0E9F822E049
S315200067303B681B88082B0FD13B6859883B689A8891
S315200067403B681B89786800F01FFD3B68DB8819468B
S31520006750786800F0F3F80EE03B6859883B689A8821
S315200067603B681B89786800F057FD3B68DB88194633
S31520006770786800F0FFF800BF0837BD4680BD80B4BA
S3152000678083B000AF78607B6800221A807B68002285
S315200067905A807B6801229A807B680022DA807B6897
S315200067A000221A8100BF0C37BD465DF8047B704776
S315200067B080B584B000AF786039600023FB81012367
S315200067C0BB813B685B88002B02D10223FB8101E061
S315200067D00023FB813B689B88012B02D10223BB81CE
S315200067E001E00123BB813B681B88002B1CD13B6841
S315200067F059883B689A883B681B89786800F034FC86
S315200068003B68DB881946786800F05EF83B681B8990
S31520006810BA89F989786800F06AFC3B68DB881946F2
S31520006820786800F06DF81BE03B6859883B689A88C9
S315200068303B681B89786800F05AFC3B68DB88194660
S31520006840786800F05DF83B681B89BA89F989786811
S3152000685000F00AFC3B68DB881946786800F034F8BB
S3152000686000BF1037BD4680BD80B483B000AF7860CE
S315200068707B685B6B18460C37BD465DF8047B70471A
S3152000688080B483B000AF78607B689B6B18460C376A
S31520006890BD465DF8047B704780B483B000AF786056
S315200068A07B68DB6B18460C37BD465DF8047B70476A
S315200068B080B483B000AF78607B681B6C18460C37B9
S315200068C0BD465DF8047B704780B483B000AF786026
S315200068D00B467B807B681B8B9BB223F00C039AB202
S315200068E07B681A837B681B8B9AB27B8813439AB288
S315200068F07B681A8300BF0C37BD465DF8047B704762
S3152000690080B483B000AF78600B467B807B681B8B9E
S315200069109BB223F440639AB27B681A837B681B8BF5
S315200069209AB27B881B029BB213439AB27B681A8366
S3152000693000BF0C37BD465DF8047B704780B483B03A
S3152000694000AF78600B467B807B689B8B9BB223F0E5
S315200069500C039AB27B689A837B689B8B9AB27B885E
S3152000696013439AB27B689A8300BF0C37BD465DF805
S31520006970047B704780B483B000AF78600B467B8081
S315200069807B689B8B9BB223F440639AB27B689A8385
S315200069907B689B8B9AB27B881B029BB213439AB26D
S315200069A07B689A8300BF0C37BD465DF8047B704731
S315200069B080B483B000AF786039603B681A883B6842
S315200069C05B8813439AB23B689B8813439AB23B6811
S315200069D0DB8813439AB23B681B8913439AB23B6800
S315200069E05B8913439AB23B689B8913439AB27B68AF
S315200069F0A3F8442000BF0C37BD465DF8047B7047E2
S31520006A0080B483B000AF78607B6800221A807B68F0
S31520006A1000225A807B6800229A807B680022DA80D6
S31520006A207B6800221A817B6800225A817B680022BB
S31520006A309A8100BF0C37BD465DF8047B704780B451
S31520006A4083B000AF78600B46FB70FB78002B0CD030
S31520006A507B68B3F844309BB26FEA43436FEA5343F3
S31520006A609AB27B68A3F8442009E07B68B3F84430E7
S31520006A709BB2C3F30E039AB27B68A3F8442000BFEF
S31520006A800C37BD465DF8047B704780B483B000AFF9
S31520006A9078600B46FB70FB78002B08D07B689B88C0
S31520006AA09BB243F004039AB27B689A8007E07B6826
S31520006AB09B889BB223F004039AB27B689A8000BF1E
S31520006AC00C37BD465DF8047B704780B483B000AFB9
S31520006AD078600B46FB70FB78002B08D07B689B8880
S31520006AE09BB243F001039AB27B689A8007E07B68E9
S31520006AF09B889BB223F001039AB27B689A8000BFE1
S31520006B000C37BD465DF8047B704780B483B000AF78
S31520006B1078600B467B8013467B707B78002B08D0F1
S31520006B207B689B899AB27B8813439AB27B689A8149
S31520006B3009E07B689B899AB27B88DB439BB2134032
S31520006B409AB27B689A8100BF0C37BD465DF8047BFC
S31520006B50704780B483B000AF78600B467B807B683B
S31520006B607A889A8200BF0C37BD465DF8047B704751
S31520006B7080B485B000AF78600B467B800023FB7322
S31520006B807B681B8A9AB27B8813409BB2002B02D06B
S31520006B900123FB7301E00023FB73FB7B18461437AC
S31520006BA0BD465DF8047B704780B483B000AF786043
S31520006BB00B467B807B88DB439AB27B681A8200BFB8
S31520006BC00C37BD465DF8047B704780B485B000AFB6
S31520006BD078600B467B800023FB730023BB81002358
S31520006BE07B817B681B8A9AB27B881340BB817B683A
S31520006BF09B899AB27B8813407B81BB89002B05D069
S31520006C007B89002B02D00123FB7301E00023FB7359
S31520006C10FB7B18461437BD465DF8047B704780B46D
S31520006C2083B000AF78600B467B807B88DB439AB2CB
S31520006C307B681A8200BF0C37BD465DF8047B70471F
S31520006C4080B483B000AF78600B467B8013463B80D0
S31520006C507A883B8813439AB27B68A3F8482000BF02
S31520006C600C37BD465DF8047B704780B483B000AF17
S31520006C7078600B467B8013467B707B78002B08D090
S31520006C807B689B899AB27B8813439AB27B689A81E8
S31520006C9009E07B689B899AB27B88DB439BB21340D1
S31520006CA09AB27B689A8100BF0C37BD465DF8047B9B
S31520006CB0704780B483B000AF78600B46FB70FB78DA
S31520006CC0002B08D07B689B889BB243F008039AB2BE
S31520006CD07B689A8007E07B689B889BB223F0080339
S31520006CE09AB27B689A8000BF0C37BD465DF8047B5C
S31520006CF0704780B483B000AF78607B681B899BB2F5
S31520006D0023F007039AB27B681A8100BF0C37BD4671
S31520006D105DF8047B704780B582B000AF78600B4683
S31520006D207B807B881946786800F088F87B681B8909
S31520006D309BB243F007039AB27B681A8100BF0837DB
S31520006D40BD4680BD80B584B000AFF86008461146C8
S31520006D501A4603467B810B463B811346FB807B8983
S31520006D60602B06D1FB8839890122F86800F0BFF92B
S31520006D7005E0FB8839890122F86800F075F97B89DE
S31520006D801946F86800F05AF8FB681B899BB243F055
S31520006D9007039AB2FB681A8100BF1037BD4680BD33
S31520006DA080B586B000AFF860084611461A460346FD
S31520006DB07B810B463B811346FB800023FB82FB88AD
S31520006DC03A897989F86800F0A9F8FB681B89FB8263
S31520006DD0FB8A23F00703FB82FB8A43F00703FB822F
S31520006DE0FB8A23F07003FB82FB8A43F07003FB824D
S31520006DF0FB68FA8A1A8100BF1837BD4680BD80B568
S31520006E0084B000AFF860084611461A4603467B81D7
S31520006E100B463B811346FB80FB883A897989F868C3
S31520006E2000F07CF8FB681B899BB243F480439AB23E
S31520006E30FB681A8100BF1037BD4680BD80B485B07F
S31520006E4000AF78600B467B800023FB817B681B8923
S31520006E50FB81FB8923F07003FB81FA897B8813432E
S31520006E60FB817B68FA891A8100BF1437BD465DF81D
S31520006E70047B704780B483B000AF78600B467B807C
S31520006E807B689B889BB223F070039AB27B689A80BA
S31520006E907B689B889AB27B8813439AB27B689A80D8
S31520006EA000BF0C37BD465DF8047B704780B483B0C5
S31520006EB000AF78600B467B807B681B899BB223F0F2
S31520006EC007039AB27B681A817B681B899AB27B88F2
S31520006ED013439AB27B681A8100BF0C37BD465DF812
S31520006EE0047B704780B483B000AF78600B467B800C
S31520006EF07B681B899BB223F080039AB27B681A8138
S31520006F007B681B899AB27B8813439AB27B681A8165
S31520006F1000BF0C37BD465DF8047B704780B487B050
S31520006F2000AFF860084611461A4603467B810B4699
S31520006F303B811346FB800023FB82FB681B89FB8277
S31520006F40FB8ADBB2FB82FB881B029AB23B89134386
S31520006F509AB27B8913439AB2FB8A1343FB82FB685E
S31520006F60FA8A1A8100BF1C37BD465DF8047B70473C
S31520006F7080B487B000AFF860084611461A4603462B
S31520006F807B810B463B811346FB800023FB8200233B
S31520006F90BB8200237B82FB681B89FB82FB681B8BE1
S31520006FA0BB82FB681B8C7B82FB8A23F00703FB8258
S31520006FB0FA8A7B891343FB82BB8A23F4407323F02E
S31520006FC00303BB82BB8A43F4807343F00103BB8275
S31520006FD07B8A23F022037B82FB881B019AB23B89A2
S31520006FE013439AB27B8A13437B82FB68FA8A1A81FF
S31520006FF0FB68BA8A1A83FB687A8A1A8400BF1C3710
S31520007000BD465DF8047B704780B483B000AF7860DE
S315200070100B46FB70FB78002B08D07B689B889BB2C5
S3152000702043F080039AB27B689A8007E07B689B884E
S315200070309BB223F080039AB27B689A8000BF0C37FC
S31520007040BD465DF8047B704780B483B000AF78609E
S315200070500B467B807B687A88A3F8502000BF0C37CC
S31520007060BD465DF8047B704780B487B000AFF860FA
S31520007070084611461A4603467B810B463B8113463A
S31520007080FB800023FB820023BB82FB681B8C9BB208
S3152000709023F001039AB2FB681A84FB681B8BFB82E0
S315200070A0FB681B8CBB82FB8A23F0F303FB82FB88E5
S315200070B01B019AB23B8913439AB2FB8A1343FB8284
S315200070C0BB8A23F00A03BB827A89BB8A13439BB20D
S315200070D043F00103BB82FB68FA8A1A83FB68BA8AEB
S315200070E01A8400BF1C37BD465DF8047B704780B408
S315200070F087B000AFF860084611461A4603467B81E2
S315200071000B463B811346FB800023FB820023BB8278
S3152000711000237B82FB681B8C9BB223F010039AB260
S31520007120FB681A84FB681B8BFB82FB681B8CBB826B
S315200071307B891B017B82FB8A23F440731B051B0D75
S31520007140FB82FB881B039AB2FB8A1343FB823B8993
S315200071501B029AB2FB8A1343FB82BB8A23F0A0034D
S31520007160BB827A8ABB8A13439BB243F01003BB824D
S31520007170FB68FA8A1A83FB68BA8A1A8400BF1C370E
S31520007180BD465DF8047B704780B487B000AFF860D9
S31520007190084611461A4603467B810B463B81134619
S315200071A0FB800023FB820023BB8200237B82FB68BB
S315200071B01B8C9BB223F480739AB2FB681A84FB68FB
S315200071C09B8BFB82FB681B8CBB827B891B027B8291
S315200071D0FB8A23F0F303FB82FB881B019AB23B89CF
S315200071E013439AB2FB8A1343FB82BB8A23F42063A0
S315200071F0BB827A8ABB8A13439BB243F48073BB82D9
S31520007200FB68FA8A9A83FB68BA8A1A8400BF1C37FD
S31520007210BD465DF8047B704780B487B000AFF86048
S31520007220084611461A4603467B810B463B81134688
S31520007230FB800023FB820023BB8200237B82FB682A
S315200072401B8C9BB223F480539AB2FB681A84FB688A
S315200072509B8BFB82FB681B8CBB827B891B037B82FF
S31520007260FB8A23F440731B051B0DFB823B891B0203
S315200072709AB2FB8A1343FB82FB881B039AB2FB8AD2
S315200072801343FB82BB8A23F400535B045B0CBB8253
S315200072907A8ABB8A13439BB243F48053BB82FB6832
S315200072A0FA8A9A83FB68BA8A1A8400BF1C37BD46BD
S315200072B05DF8047B704700BF80B582B000AF786070
S315200072C07B683B4A934208D101211020FDF7E0FF5D
S315200072D000211020FDF7DCFF65E07B68354A9342EC
S315200072E00AD101214FF40030FDF7B2FF00214FF4FF
S315200072F00030FDF7ADFF56E07B682F4A93420AD156
S3152000730001214FF48020FDF7A3FF00214FF48020B8
S31520007310FDF79EFF47E07B68284A93420AD1012168
S315200073204FF40020FDF794FF00214FF40020FDF7D5
S315200073308FFF38E07B68224A93420AD101214FF41D
S315200073408010FDF785FF00214FF48010FDF780FFA8
S3152000735029E07B681B4A934208D101212020FDF7B2
S3152000736097FF00212020FDF793FF1CE07B68164A3B
S3152000737093420AD101214FF08040FDF769FF002199
S315200073804FF08040FDF764FF0DE07B680F4A934283
S3152000739009D101214FF00040FDF75AFF00214FF09F
S315200073A00040FDF755FF00BF0837BD4680BD00BF32
S315200073B0001001400044004000480040004C0040BE
S315200073C0005000400014014000780040007C00403E
S315200073D080B58AB000AF7860396000237B620023D5
S315200073E03B620023FB610023BB617B681B8A9BB247
S315200073F07B627B6A23F440537B623B68DB881A46B8
S315200074007B6A13437B627B6A9AB27B681A827B68AB
S315200074109B899BB27B627B6A23F4B05323F00C03D7
S315200074207B623B689A883B681B8913439AB23B6808
S315200074305B8913439BB21A467B6A13437B627B6A42
S315200074409AB27B689A817B689B8A9BB27B627B6AB5
S3152000745023F440737B623B689B891A467B6A1343FD
S315200074607B627B6A9AB27B689A8207F10803184688
S31520007470FDF738FC7B68304A934203D07B682F4A5D
S31520007480934202D17B693B6201E03B693B627B68A8
S315200074909B899BB21BB2002B0CDA3A6A13469B00DF
S315200074A013449A001A443B681B685B00B2FBF3F353
S315200074B0FB610BE03A6A13469B0013449A001A4478
S315200074C03B681B689B00B2FBF3F3FB61FB691C4A1C
S315200074D0A2FB03235B091B017B627B6A1B096422D7
S315200074E002FB03F3FA69D31ABB617B689B899BB2C3
S315200074F01BB2002B0CDABB69DB003233104AA2FB2D
S3152000750003235B0903F007037A6A13437B620BE0CC
S31520007510BB691B0132330A4AA2FB03235B0903F032
S315200075200F037A6A13437B627B6A9AB27B681A815D
S3152000753000BF2837BD4680BD001001400014014021
S315200075401F85EB5180B483B000AF78607B684FF421
S3152000755016521A607B6800229A807B680022DA80A5
S315200075607B6800221A817B680C225A817B68002264
S315200075709A8100BF0C37BD465DF8047B704780B406
S3152000758085B000AF786039600023FB607B681B8A7A
S315200075909BB2FB60FB6823F47063FB603B681A8830
S315200075A03B685B8813439AB23B689B8813439AB225
S315200075B03B68DB8813439BB21A46FB681343FB6088
S315200075C0FB689AB27B681A8200BF1437BD465DF805
S315200075D0047B704780B483B000AF78607B6800225C
S315200075E01A807B6800225A807B6800229A807B68FA
S315200075F00022DA8000BF0C37BD465DF8047B704759
S3152000760080B483B000AF78600B46FB70FB78002B0C
S3152000761008D07B689B899BB243F400539AB27B685F
S315200076209A8107E07B689B899BB223F400539AB228
S315200076307B689A8100BF0C37BD465DF8047B704796
S3152000764080B483B000AF78600B46FB707B681B8BE1
S315200076509BB223F0FF039AB27B681A837B681B8B4D
S315200076609AB2FB789BB213439AB27B681A8300BF07
S315200076700C37BD465DF8047B704780B483B000AFFD
S3152000768078600B46FB70FB78002B0AD07B689B89C1
S315200076909BB26FEA43436FEA53439AB27B689A815F
S315200076A007E07B689B899BB2C3F30E039AB27B6883
S315200076B09A8100BF0C37BD465DF8047B704780B4C5
S315200076C083B000AF78600B46FB70FB78002B08D0A8
S315200076D07B689B8A9BB243F400639AB27B689A824A
S315200076E007E07B689B8A9BB223F400639AB27B688F
S315200076F09A8200BF0C37BD465DF8047B704780B484
S3152000770083B000AF78600B467B807B88C3F3080389
S315200077109AB27B689A8000BF0C37BD465DF8047B21
S31520007720704780B483B000AF78607B689B889BB23B
S31520007730C3F308039BB218460C37BD465DF8047B9D
S31520007740704780B483B000AF78600B46FB707B68CF
S315200077501B8A9BB223F00F039AB27B681A827B683E
S315200077601B8A9AB2FB789BB213439AB27B681A8221
S3152000777000BF0C37BD465DF8047B704780B483B0EC
S3152000778000AF78600B46FB70FB78002B08D07B6837
S315200077909B899BB243F002039AB27B689A8107E0E9
S315200077A07B689B899BB223F002039AB27B689A81FD
S315200077B000BF0C37BD465DF8047B704780B483B0AC
S315200077C000AF78600B467B807B689B899BB223F455
S315200077D000639AB27B689A817B689B899AB27B8880
S315200077E013439AB27B689A8100BF0C37BD465DF879
S315200077F0047B704780B483B000AF78600B467B80F3
S315200078007B681B8A9BB223F020039AB27B681A827C
S315200078107B681B8A9AB27B8813439AB27B681A824A
S3152000782000BF0C37BD465DF8047B704780B483B03B
S3152000783000AF78600B46FB70FB78002B08D07B6886
S315200078401B8A9BB243F480439AB27B681A8207E074
S315200078507B681B8A9BB223F480439AB27B681A8288
S3152000786000BF0C37BD465DF8047B704780B483B0FB
S3152000787000AF78607B689B899BB243F001039AB284
S315200078807B689A8100BF0C37BD465DF8047B704744
S3152000789080B483B000AF78600B46FB70FB78002B7A
S315200078A008D07B689B8A9BB243F008039AB27B6818
S315200078B09A8207E07B689B8A9BB223F008039AB2E0
S315200078C07B689A8200BF0C37BD465DF8047B704703
S315200078D080B483B000AF78600B46FB707B681B8B4F
S315200078E09BB2DBB29AB27B681A837B681B8B9AB2F7
S315200078F0FB789BB21B029BB213439AB27B681A8316
S3152000790000BF0C37BD465DF8047B704780B483B05A
S3152000791000AF78600B46FB70FB78002B08D07B68A5
S315200079209B8A9BB243F020039AB27B689A8207E037
S315200079307B689B8A9BB223F020039AB27B689A824B
S3152000794000BF0C37BD465DF8047B704780B483B01A
S3152000795000AF78600B46FB70FB78002B08D07B6865
S315200079609B8A9BB243F010039AB27B689A8207E007
S315200079707B689B8A9BB223F010039AB27B689A821B
S3152000798000BF0C37BD465DF8047B704780B483B0DA
S3152000799000AF78600B467B807B689B8A9BB223F086
S315200079A004039AB27B689A827B689B8A9AB27B8808
S315200079B013439AB27B689A8200BF0C37BD465DF8A6
S315200079C0047B704780B483B000AF78600B46FB70B1
S315200079D0FB78002B08D07B689B8A9BB243F002037E
S315200079E09AB27B689A8207E07B689B8A9BB223F0D7
S315200079F002039AB27B689A8200BF0C37BD465DF8B7
S31520007A00047B704780B483B000AF78600B467B80E0
S31520007A1013467B707B78002B08D07B689B8A9AB2B2
S31520007A207B8813439AB27B689A8209E07B689B8A9B
S31520007A309AB27B88DB439BB213409AB27B689A82C8
S31520007A4000BF0C37BD465DF8047B704780B487B015
S31520007A5000AF78600B467B8013467B7000233B612A
S31520007A600023FB600023BB6000237B617B687B6176
S31520007A707B88DBB25B09DBB23B617B8803F01F03AB
S31520007A80FB600122FB6802FA03F3BB603B69012B12
S31520007A9003D17B690C337B6109E03B69022B03D15F
S31520007AA07B6910337B6102E07B6914337B617B78D1
S31520007AB0002B06D07B6919687B69BA680A431A606D
S31520007AC006E07B691968BB68DA437B690A401A605D
S31520007AD000BF1C37BD465DF8047B704780B485B077
S31520007AE000AF78600B467B800023FB737B681B8886
S31520007AF09AB27B8813409BB2002B02D00123FB73E2
S31520007B0001E00023FB73FB7B18461437BD465DF866
S31520007B10047B704780B483B000AF78600B467B80CF
S31520007B207B88DB439AB27B681A8000BF0C37BD4640
S31520007B305DF8047B704780B487B000AF78600B4651
S31520007B407B800023FB6000237B610023BB60002336
S31520007B50FB747B88DBB25B09DBB2BB607B8803F0FE
S31520007B601F037B6101227B6902FA03F37B61BB68F9
S31520007B70012B07D17B689B899BB21A467B691340F0
S31520007B807B6111E0BB68022B07D17B681B8A9BB205
S31520007B901A467B6913407B6106E07B689B8A9BB211
S31520007BA01A467B6913407B617B881B0A9BB2FB606C
S31520007BB00122FB6802FA03F3FB607B681B889BB2F9
S31520007BC01A46FB681340FB607B69002B05D0FB68D7
S31520007BD0002B02D00123FB7401E00023FB74FB7C05
S31520007BE018461C37BD465DF8047B704780B485B0C7
S31520007BF000AF78600B467B800023FB810023BB818E
S31520007C007B881B0AFB81FB89012202FA03F3BB81D5
S31520007C10BB89DB439AB27B681A8000BF1437BD4606
S31520007C205DF8047B704700BF0000000000000000E4
S31520007C3001F0FF01102A2BDB10F0070F08D010F8F7
S31520007C40013B013A8B422DD010F0070F42B3F6D1FB
S31520007C50F0B441EA012141EA014122F007047FF014
S31520007C6000070023F0E80256083C85EA010586EA6B
S31520007C70010685FA47F5A3FA87F586FA47F6A5FAA7
S31520007C8087F68EB9EED1F0BC01F0FF0102F00702B3
S31520007C9032B110F8013B013A83EA010313B1F8D15E
S31520007CA00020704701387047002D06BF354603383F
S31520007CB0073815F0010F07D1013015F4807F02BF78
S31520007CC0013015F4C03F0130F0BC0138704700BFC9
S31520007CD00A22002100F08AB80A23002200F07AB88E
S31520007CE0242B2DE9F0478646904601D8012B06D154
S31520007CF000F0EEF8162303600020BDE8F087344834
S31520007D000D462A4615F8014B065D16F00806F8D1F1
S31520007D102D2C10D12C780126951C33F0100215D16C
S31520007D20302C0DD12A7802F0DF02582A08D16C783F
S31520007D30023510230AE02B2C04BF2C78951CECE787
S31520007D40002BF6D1302C14BF0A23082306F1004C51
S31520007D500CF1FF3C0022BCFBF3F9104603FB19CAC9
S31520007D60A4F13007092F0FD83C46A3421BDD571C30
S31520007D7007D0814514D301D1A24511DB00FB034076
S31520007D80012215F8014BEBE7A4F14107192F01D881
S31520007D90373CEAE7A4F16107192F04D8573CE4E7FA
S31520007DA04FF0FF32EDE7531C08D12223CEF80030E6
S31520007DB06046B8F1000FA0D0691E06E006B1404229
S31520007DC0B8F1000F99D0002AF6D1C8F8001094E730
S31520007DD0758D0020FFF784BF13460A4601460248E8
S31520007DE00068FFF77DBF00BFB095002013460A4606
S31520007DF0014602480068FFF773BF00BFB095002018
S31520007E0008B430B5141E9CB0054608DA8B230360EF
S31520007E104FF0FF301CB0BDE8304001B070474FF442
S31520007E200273ADF814304FF000031B9314BF04F116
S31520007E30FF332346049307934FF6FF73029106916F
S31520007E40ADF816301F9A20AB02A9019300F020F955
S31520007E50431CBCBF8B232B60002CDBD0029B002253
S31520007E601A70D7E70CB430B5184B0C1E1D689DB0A0
S31520007E7008DA8B232B604FF0FF301DB0BDE8304071
S31520007E8002B070474FF40273ADF814304FF0000380
S31520007E901B9314BF04F1FF332346049307934FF635
S31520007EA0FF7302900690ADF81630209A21AB02A9F6
S31520007EB02846019300F0ECF8431CBCBF8B232B60B3
S31520007EC0002CDAD0029B00221A70D6E7B09500204B
S31520007ED0014B1868704700BFB09500202DE9F04788
S31520007EE08E681F46BE4282460C469046334653D87D
S31520007EF0B1F90C0010F4906F2BD0656923680969DD
S31520007F0005EB4505A3EB010905EBD5757B1C6D102B
S31520007F104B44AB422A4684BF1D462A46430527D5F5
S31520007F201146504600F0D2FB064658B321694A4610
S31520007F3000F051FBA38923F4906343F08003A381CF
S31520007F40266165614E44A5EB09052660A5603E467F
S31520007F503B461F4620683A46414600F023FBA3686D
S31520007F609B1BA36023683B4423600020BDE8F08769
S31520007F70504600F037FC06460028E1D121695046DC
S31520007F8000F038FB0C23CAF80030A38943F04003E5
S31520007F90A3814FF0FF30E9E73E46DBE793682DE902
S31520007FA0F74F80460C461746002B53D0D2F800A038
S31520007FB0DAF804B0DAF8003001930AF1080ABBF1C6
S31520007FC0000FF5D0A668B34535465FD3B4F90C004B
S31520007FD010F4906F2DD0226821696569A2EB010902
S31520007FE005EB450505EBD57509F101066D105E44D7
S31520007FF0AE422A4684BF35462A46430530D5114629
S31520008000404600F063FB0646002833D04A462169E5
S3152000801000F0E1FAA28922F4906242F08002A28165
S31520008020266165614E44A5EB09052660A5605E467E
S315200080305D462A460199206800F0B4FAA268921B90
S31520008040A26022682A442260BA68A2EB0B03BB60B6
S31520008050002BADD1002000237B6003B0BDE8F08F5C
S31520008060404600F0BFFB06460028D9D1216940468C
S3152000807000F0C0FA0C23C8F80030A38943F040036F
S31520008080A3810023BB604FF0FF30E4E75E46CFE7D5
S315200080902DE9F04F98468B891B069DB007460D4665
S315200080A0144610D50B6973B9402100F00FFB2860E8
S315200080B0286130B90C233B604FF0FF301DB0BDE87E
S315200080C0F08F40236B610023099320238DF82930FC
S315200080D0CDF80C803023DFF89C818DF82A304FF0C4
S315200080E0010923469A4613F8012B0AB1252AF9D10C
S315200080F0BAEB040B0BD05B46224629463846FFF7DF
S31520008100EDFE013000F0A780099A5A4409929AF8A8
S315200081100030002B00F09F8000234FF0FF32CDE986
S3152000812005230AF1010A049307938DF853301A9315
S315200081305446052214F8011B4E48FFF779FD049A90
S31520008140D8B9D00644BF20238DF85330110744BF39
S315200081502B238DF853309AF800302A2B15D0079A06
S31520008160544600204FF00A0C214611F8013B303BC3
S31520008170092B4BD9B0B1079214E0A0EB080309FAFA
S3152000818003F313430493A246D2E7039B191D1B68EE
S315200081900391002BBBBF5B4242F002020793079379
S315200081A0B8BF049223782E2B0AD163782A2B32D19A
S315200081B0039B1A1D1B68039243EAE373023405935B
S315200081C0DFF8C0A0217803225046FFF731FD38B1F1
S315200081D0049BA0EB0A0040228240134301340493FF
S315200081E014F8011B24488DF828100622FFF720FDDD
S315200081F0002836D0214B1BBB039B073323F00703F4
S3152000820008330393099B334409936AE70CFB023234
S315200082100C460120A8E700230134059319464FF0A8
S315200082200A0C204610F8012B303A092A03D9002BD4
S31520008230C6D00591C4E70CFB012104460123F0E7D3
S3152000824003AB00932A460E4B04A93846AFF30080B1
S31520008250421C0646D6D1AB895B063FF52DAF099861
S315200082602CE703AB00932A46054B04A9384600F0B9
S3152000827079F8EDE7758E00207F8E00200000000043
S31520008280DD7E00207B8E00202DE9F047164698469D
S315200082908A680B69DDF820909342B8BF1346336095
S315200082A091F8432007460C460AB101333360236810
S315200082B0990642BF336802333360256815F00605F8
S315200082C006D104F1190AE36832689B1AAB4226DC10
S315200082D094F843302268003B18BF012392062BD422
S315200082E004F1430241463846C84701301ED0236870
S315200082F0226903F00603042B02BFE5683368ED1AF2
S31520008300A3680CBF25EAE57500259342C4BF9B1AD6
S31520008310ED1800261A34B5421AD1002008E00123B0
S31520008320524641463846C847013003D14FF0FF3008
S31520008330BDE8F0870135C6E7E1185A1C302081F8E0
S315200083404300224494F8451082F843100233C7E7CD
S315200083500123224641463846C8470130E6D0013639
S31520008360D9E700002DE9FF470F7E0C9E782F914616
S3152000837080460C469A4601F1430207D8622F0AD856
S31520008380002F00F0D280582F00F0B78004F142066B
S3152000839084F842703AE0A7F16303152BF6D801A1C1
S315200083A051F823F0FD830020118400208D830020C6
S315200083B08D8300208D8300208D8300201184002052
S315200083C08D8300208D8300208D8300208D830020C7
S315200083D0118500203B840020C78400208D83002047
S315200083E08D830020338500208D8300203B84002050
S315200083F08D8300208D830020CF84002033681A1DB2
S315200084001B68326004F1420684F8423001239DE065
S3152000841033682068191D3160060601D51D6803E002
S315200084204506FBD5B3F90050002D03DA2D236D4206
S3152000843084F8433059480A2310E021683368080637
S3152000844053F8045B02D4490648BFADB26F2F534898
S31520008450336059D10823002184F843106668A6604A
S31520008460002E05DB21682E4321F0040121604DD02A
S315200084701646B5FBF3F103FB1157C75D06F8017DE0
S315200084802F46BB420D46F4D9082B0BD12368DF07B4
S3152000849008D5236961689942DEBF302306F8013C7E
S315200084A006F1FF36921B2261CDF800A04B4603AAA7
S315200084B021464046FFF7E8FE01304CD14FF0FF3011
S315200084C004B0BDE8F087236843F0200323603448D6
S315200084D0782784F84570236831681F0651F8045BB5
S315200084E002D45F0648BFADB23160D90744BF43F01E
S315200084F0200323601DB11023ADE72848E9E7236850
S3152000850023F020032360F6E70A23A4E71646BBE7F9
S31520008510336825686169181D30602E061B6801D5F1
S31520008520196002E06806FBD51980002323611646F0
S31520008530BAE733681A1D32601E6862680021304629
S31520008540FFF776FB08B1801B606063682361002318
S3152000855084F84330A8E72369324649464046D04747
S315200085600130ABD023689B0713D4E068039B984265
S31520008570B8BF1846A4E70123324649464046D047AD
S3152000858001309BD00135E36803995B1AAB42F2DCDC
S31520008590EBE7002504F11906F5E700BF868E0020DB
S315200085A0978E0020884210B501EB020402D984423E
S315200085B0234607D8431EA14207D011F8012B03F802
S315200085C0012FF8E70244824200D110BD13F8011DA5
S315200085D002F8011DF7E70A44914200F1FF3300D16A
S315200085E0704710B511F8014B03F8014F9142F9D1AC
S315200085F010BD000038B50546002941D051F8043C8D
S315200086000C1F002BB8BFE41800F0E0F81D4A1368D1
S3152000861033B9636014602846BDE8384000F0DCB802
S31520008620A34208D9206821188B4201BF19685B68CC
S3152000863009182160EDE71A465B680BB1A342FAD907
S3152000864011685018A0420BD120680144501883426B
S315200086501160E0D118685B68536008441060DAE75F
S3152000866002D90C232B60D6E7206821188B4204BF41
S3152000867019685B68636004BF091821605460CAE703
S3152000868038BD00BFEC23012070B50F4E0C46316873
S31520008690054611B900F0D4F830602146284600F08E
S315200086A0CFF8431C03D14FF0FF34204670BDC41CC5
S315200086B024F00304A042F8D0211A284600F0C0F87E
S315200086C00130F2D1EFE700BFE82301202DE9F8437E
S315200086D0CD1C25F0030508350C2D38BF0C25002DA3
S315200086E0064601DBA94204D90C2333600020BDE8ED
S315200086F0F883DFF8D48000F069F8D8F800301C46FB
S3152000870044BB29463046FFF7BFFF431C044658D1D9
S31520008710D8F800402746002F43D1002C4BD02368A1
S315200087203946304604EB030900F08AF8814542D1E8
S3152000873021686D1A29463046FFF7A6FF01303AD048
S3152000874023682B442360D8F800305A6862BBC8F8E7
S3152000875000700FE02268521B20D40B2A17D961190A
S31520008760A342256018BF5960636808BFC8F8001087
S3152000877062514B60304600F02FF804F10B00231DA8
S3152000878020F00700C21A1CBF1B1AA350AFE762686D
S31520008790A3420CBFC8F800205A60EBE72346646862
S315200087A0AEE73C467F68B6E71A465B68A342FBD134
S315200087B000235360DEE70C233360304600F00CF8CC
S315200087C094E70560D6E700BFEC230120014800F0BE
S315200087D04CB800BFF4230120014800F04CB800BF7C
S315200087E0F42301202DE9F041074614460D4621B910
S315200087F0BDE8F0411146FFF769BF2AB9FFF7FAFE37
S3152000880025462846BDE8F08100F036F88442064623
S3152000881002D8B4EB500FF4D821463846FFF756FF5E
S31520008820804608B94546ECE7B4422246294628BF89
S315200088303246FFF7D0FE29463846FFF7DBFEF1E742
S3152000884038B5064D0023044608462B60F8F7B8FCD9
S31520008850431C02D12B6803B1236038BDF8230120C5
S3152000886070477047704770477047704701207047C0
S31520008870012070477047704751F8043C181F002BA1
S31520008880BCBF0B58C01870472D4B1B68834270B570
S31520008890044653D0C3691BB3DB6863B10025E36983
S315200088A0DB685959B1B90435802DF8D1E3692046E2
S315200088B0D968FFF79FFEE369196811B12046FFF7D3
S315200088C099FEE3699D685DB1294620462D68FFF72C
S315200088D091FEF8E70E682046FFF78CFE3146E1E769
S315200088E0616911B12046FFF785FEE16911B1204685
S315200088F0FFF780FE216B11B12046FFF77BFE616BEF
S3152000890011B12046FFF776FEA16B11B12046FFF785
S3152000891071FEA16C11B12046FFF76CFE616C11B19E
S315200089202046FFF767FEE16A11B12046FFF762FE97
S31520008930236A1BB12046BDE87040184770BD00BFB2
S31520008940B09500207374617274696E6720736F6EC0
S31520008950670A000073746F7070696E6720736F6E9C
S31520008960670A00006D7574652F756E6D7574650ADE
S3152000897000000000766F6C756D652075700A00002A
S31520008980766F6C756D6520646F776E0A0000000047
S315200089906E6577206B65790A000000006E6577208A
S315200089A074656D706F0A000043616E206D736720D9
S315200089B072656365697665643A200000796F752073
S315200089C06861766520656E746572656420636F6E76
S315200089D0647563746F72206D6F64650A0000000011
S315200089E0796F75206861766520656E746572656439
S315200089F0206D7573696369616E206D6F64650A0009
S31520008A00496E707574206B6579206E6F7420616C69
S31520008A106C6F77656421203E3A280A00496E70758E
S31520008A20742074656D706F206E6F7420616C6C6F2E
S31520008A3077656421203E3A280A00000000000000E5
S31520008A4002000000040000000000000000000000FA
S31520008A5002000000040000000000000004000000E6
S31520008A6005000000070000000400000005000000CB
S31520008A7007000000070000000900000007000000B2
S31520008A8005000000040000000000000007000000B0
S31520008A900900000007000000050000000400000097
S31520008AA00000000000000000FBFFFFFF00000000A8
S31520008AB000000000FBFFFFFF00000000E8070000A9
S31520008AC0770700000C070000A706000047060000F5
S31520008AD0ED0500009805000047050000FC04000095
S31520008AE0B40400007004000031040000F403000008
S31520008AF0BC0300008603000053030000240300008B
S31520008B00F6020000CC020000A40200007E02000053
S31520008B105A0200003802000018020000FA01000084
S31520008B2002020202020202020202040202040101FD
S31520008B3001010202010101010202020204020204F1
S31520008B406E65772074656D706F3A2025642062709B
S31520008B506D0A00006E6577206B65793A2025640AD8
S31520008B600000000074656D706F2072657365742057
S31520008B70746F2064656661756C74210A00000000BC
S31520008B80707265737320616E6420686F6C64206DEB
S31520008B906F646520656E7465726564210A00000045
S31520008BA074696D652068656C643A202564206D7350
S31520008BB00A0000006C656176696E672070726573C5
S31520008BC07320616E6420686F6C64210A00000000C7
S31520008BD074696D6520696E74657276616C3A2025BC
S31520008BE064206D730A000000766F6C756D652069D0
S31520008BF0732025640A0000006D7574650A00000064
S31520008C00756E6D7574650A004E4F54453A205F7334
S31520008C1062726B20696E20757365210A0D00000053
S31520008C2050414E494321212120000000456D70749A
S31520008C307920717565756500456D70747920706F42
S31520008C406F6C00000A0D000054696E7954696D62DC
S31520008C506572200076322E3036613120283230324D
S31520008C60312D30332D3131290000000044657669DD
S31520008C70636520495251206E6F7420737570706F32
S31520008C8072746564202E2E2E000000004E4F54452F
S31520008C903A2043414E2072756E6E696E6720696E6A
S31520008CA0206C6F6F706261636B206D6F6465210A43
S31520008CB00D0000000A0D43414E20233120496E69E4
S31520008CC074206661696C6564210A0D0043414E205B
S31520008CD0233220496E6974206661696C6564210AB5
S31520008CE00D0000000A0D537472616E67653A204EBE
S31520008CF06F7420612043414E202331204649464F40
S31520008D003020495251210A0D000000000A0D5374EB
S31520008D1072616E67653A2043414E202331204649D1
S31520008D20464F302046756C6C210A0D0043414E207B
S31520008D3054784275662066756C6C210A0D00000019
S31520008D400A0D537472616E67653A204E6F74206106
S31520008D50204750494F422062697437204952512199
S31520008D600A0D0000000000000102030401020304B2
S31520008D70060708090020202020202020202028283F
S31520008D8028282820202020202020202020202020A5
S31520008D9020202020208810101010101010101010E5
S31520008DA01010101010040404040404040404041015
S31520008DB010101010101041414141414101010101A3
S31520008DC0010101010101010101010101010101016D
S31520008DD01010101010104242424242420202020279
S31520008DE0020202020202020202020202020202023D
S31520008DF010101010200000000000000000000000ED
S31520008E00000000000000000000000000000000003C
S31520008E10000000000000000000000000000000002C
S31520008E20000000000000000000000000000000001C
S31520008E30000000000000000000000000000000000C
S31520008E4000000000000000000000000000000000FC
S31520008E5000000000000000000000000000000000EC
S31520008E6000000000000000000000000000000000DC
S31520008E700000000000232D302B2000686C4C00657C
S31520008E806667454647003031323334353637383910
S31520008E904142434445460030313233343536373843
S30D20008EA0396162636465660016
S30D20008EA888EDFF7F01000000A8
S31520009000000000000000000000000000000000003A
S3152000901000000000000000000E000000000000001C
S315200090200000000000000000000000000100000019
S31520009030000000000000000000000000000000000A
S3152000904000000000000000000E0000007800000074
S3152000905000000000000000000100000000000000E9
S3152000906000000000000402401C900020C10C0020DB
S3152000907000000000000000000064004000A0002066
S31520009080190200200000000000000000000000007F
S3152000909000000000000000000000000000000000AA
S315200090A0000000000000000000000000000000009A
S315200090B0000000000000000000000000000000008A
S315200090C0000000000000000000000000000000007A
S315200090D0000000000000000000000000000000006A
S315200090E0000000000000000000000000000000005A
S315200090F00010014000A0002089020020000000008E
S315200091000000000000000000000000000000000039
S315200091100000000000000000000000000000000029
S315200091200000000000000000000000000000000019
S315200091300000000000000000000000000000000009
S3152000914000000000000000000000000000000000F9
S3152000915000000000000000000000000000000000E9
S3152000916000000000000000000000000000000000D9
S3152000917000000000000000000000000000000000C9
S3152000918000000000000000000000000000000000B9
S3152000919000000000000000000000000000000000A9
S315200091A00000000000000000000000000000000099
S315200091B00000000000000000000000000000000089
S315200091C00000000000000000000000000000000079
S315200091D00000000000000000000000000000000069
S315200091E00000000000000000000000000000000059
S315200091F00000000000000000000000000000000049
S315200092000000000000000000000000000000000038
S315200092100000000000000000000000000000000028
S315200092200000000000000000000000000000000018
S315200092300000000000000000000000000000000008
S3152000924000000000000000000000000000000000F8
S3152000925000000000000000000000000000000000E8
S3152000926000000000000000000000000000000000D8
S3152000927000000000000000000000000000000000C8
S3152000928000000000000000000000000000000000B8
S3152000929000000000000000000000000000000000A8
S315200092A00000000000000000000000000000000098
S315200092B00000000000000000000000000000000088
S315200092C00000000000000000000000000000000078
S315200092D00000000000000000000000000000000068
S315200092E00000000000000000000000000000000058
S315200092F00000000000000000000000000000000048
S315200093000000000000000000000000000000000037
S315200093100000000000000000000000000000000027
S315200093200000000000000000000000000000000017
S315200093300000000000000000000000000000000007
S3152000934000000000000000000000000000000000F7
S3152000935000000000000000000000000000000000E7
S3152000936000000000000000000000000000000000D7
S3152000937000000000000000000000000000000000C7
S3152000938000000000000000000000000000000000B7
S3152000939000000000000000000000000000000000A7
S315200093A00000000000000000000000000000000097
S315200093B00000000000000000000000000000000087
S315200093C00000000000000000000000000000000077
S315200093D00000000000000000000000000000000067
S315200093E00000000000000000000000000000000057
S315200093F00000000000000000000000000000000047
S315200094000000000000000000000000000000000036
S315200094100000000000000000000000000000000026
S315200094200000000000000000000000000000000016
S315200094300000000000000000000000000000000006
S3152000944000000000000000000000000000000000F6
S3152000945000000000000000000000000000000000E6
S3152000946000000000000000000000000000000000D6
S3152000947000000000000000000000000000000000C6
S3152000948000000000000000000000000000000000B6
S3152000949000000000000000000000000000000000A6
S315200094A00000000000000000000000000000000096
S315200094B00000000000000000000000000000000086
S315200094C00000000000000000000000000000000076
S315200094D00000000000000000000000000000000066
S315200094E00000000000000000000000000000000056
S315200094F00000000000000000000000000000000046
S315200095000000000000000000303132333435363799
S315200095103839414243444546000000007CA00020E3
S315200095204CA30020A0230120A023012053564361F1
S315200095306C6C20657863657074696F6E0050656E1B
S3152000954064535620657863657074696F6E002C20AD
S315200095504558435F52455455524E203D2000202009
S3152000956063757272656E74207468726561643A20E0
S315200095704944203D20002C205350203D20002C2003
S315200095802A5350203D200020206E65787420746870
S31520009590726561643A204944203D20002C205350B6
S315200095A0203D20002C202A5350203D20000A0D006B
S315200095B0B4950020000000000000000068000000B4
S315200095C0D0000000000000000000000000000000A5
S315200095D00000000000000000000000000000000065
S315200095E00000000000000000000000000000000055
S315200095F00000000000000000000000000000000045
S70520000000DA
