
build/dskfjsdlkfjslkfjsklfj.elf:     file format elf32-littlearm


Disassembly of section .text:

20000000 <startup>:
20000000:	bf00      	nop
20000002:	f8df d014 	ldr.w	sp, [pc, #20]	@ 20000018 <startup+0x18>
20000006:	f002 f9e4 	bl	200023d2 <Init>
2000000a:	f000 fa2b 	bl	20000464 <main>
2000000e:	f002 b9f2 	b.w	200023f6 <Exit>
20000012:	e7fe      	b.n	20000012 <startup+0x12>
20000014:	bf00      	nop
20000016:	0000      	.short	0x0000
20000018:	2001c000 	.word	0x2001c000

2000001c <receiver>:
extern Tone tone;
extern Music music;
extern Can can0;
extern Serial sci0;

void receiver(App *self, int unused) {
2000001c:	b580      	push	{r7, lr}
2000001e:	b086      	sub	sp, #24
20000020:	af00      	add	r7, sp, #0
20000022:	6078      	str	r0, [r7, #4]
20000024:	6039      	str	r1, [r7, #0]
  CANMsg msg;
  CAN_RECEIVE(&can0, &msg);
20000026:	f107 030c 	add.w	r3, r7, #12
2000002a:	461a      	mov	r2, r3
2000002c:	490a      	ldr	r1, [pc, #40]	@ (20000058 <receiver+0x3c>)
2000002e:	480b      	ldr	r0, [pc, #44]	@ (2000005c <receiver+0x40>)
20000030:	f001 f91a 	bl	20001268 <sync>
  SCI_WRITE(&sci0, "Can msg received: ");
20000034:	4b0a      	ldr	r3, [pc, #40]	@ (20000060 <receiver+0x44>)
20000036:	461a      	mov	r2, r3
20000038:	490a      	ldr	r1, [pc, #40]	@ (20000064 <receiver+0x48>)
2000003a:	480b      	ldr	r0, [pc, #44]	@ (20000068 <receiver+0x4c>)
2000003c:	f001 f914 	bl	20001268 <sync>
  SCI_WRITE(&sci0, msg.buff);
20000040:	f107 030c 	add.w	r3, r7, #12
20000044:	3303      	adds	r3, #3
20000046:	461a      	mov	r2, r3
20000048:	4906      	ldr	r1, [pc, #24]	@ (20000064 <receiver+0x48>)
2000004a:	4807      	ldr	r0, [pc, #28]	@ (20000068 <receiver+0x4c>)
2000004c:	f001 f90c 	bl	20001268 <sync>
}
20000050:	bf00      	nop
20000052:	3718      	adds	r7, #24
20000054:	46bd      	mov	sp, r7
20000056:	bd80      	pop	{r7, pc}
20000058:	20001a49 	.word	0x20001a49
2000005c:	20009030 	.word	0x20009030
20000060:	200081a4 	.word	0x200081a4
20000064:	20001ce3 	.word	0x20001ce3
20000068:	200090a8 	.word	0x200090a8

2000006c <reader>:
  snprintf(buf, 10, "Tempo: %d\n", tempo);
  SCI_WRITE(&sci0, buf);
  SCI_WRITECHAR(&sci0, '\n');
}*/

void reader(App* self, int c) {
2000006c:	b580      	push	{r7, lr}
2000006e:	b086      	sub	sp, #24
20000070:	af02      	add	r7, sp, #8
20000072:	6078      	str	r0, [r7, #4]
20000074:	6039      	str	r1, [r7, #0]
  switch (c) {
20000076:	683b      	ldr	r3, [r7, #0]
20000078:	3b2b      	subs	r3, #43	@ 0x2b
2000007a:	2b49      	cmp	r3, #73	@ 0x49
2000007c:	f200 8181 	bhi.w	20000382 <reader+0x316>
20000080:	a201      	add	r2, pc, #4	@ (adr r2, 20000088 <reader+0x1c>)
20000082:	f852 f023 	ldr.w	pc, [r2, r3, lsl #2]
20000086:	bf00      	nop
20000088:	200001b1 	.word	0x200001b1
2000008c:	20000383 	.word	0x20000383
20000090:	200001bd 	.word	0x200001bd
20000094:	20000383 	.word	0x20000383
20000098:	20000383 	.word	0x20000383
2000009c:	200001d5 	.word	0x200001d5
200000a0:	200001f1 	.word	0x200001f1
200000a4:	2000020d 	.word	0x2000020d
200000a8:	20000229 	.word	0x20000229
200000ac:	20000245 	.word	0x20000245
200000b0:	20000261 	.word	0x20000261
200000b4:	2000027d 	.word	0x2000027d
200000b8:	20000299 	.word	0x20000299
200000bc:	200002b5 	.word	0x200002b5
200000c0:	200002d1 	.word	0x200002d1
200000c4:	20000383 	.word	0x20000383
200000c8:	20000383 	.word	0x20000383
200000cc:	20000383 	.word	0x20000383
200000d0:	20000383 	.word	0x20000383
200000d4:	20000383 	.word	0x20000383
200000d8:	20000383 	.word	0x20000383
200000dc:	20000383 	.word	0x20000383
200000e0:	20000383 	.word	0x20000383
200000e4:	20000383 	.word	0x20000383
200000e8:	20000383 	.word	0x20000383
200000ec:	20000383 	.word	0x20000383
200000f0:	20000383 	.word	0x20000383
200000f4:	20000383 	.word	0x20000383
200000f8:	20000383 	.word	0x20000383
200000fc:	20000383 	.word	0x20000383
20000100:	20000383 	.word	0x20000383
20000104:	20000383 	.word	0x20000383
20000108:	20000383 	.word	0x20000383
2000010c:	20000383 	.word	0x20000383
20000110:	20000383 	.word	0x20000383
20000114:	20000383 	.word	0x20000383
20000118:	20000383 	.word	0x20000383
2000011c:	20000383 	.word	0x20000383
20000120:	20000383 	.word	0x20000383
20000124:	20000383 	.word	0x20000383
20000128:	20000383 	.word	0x20000383
2000012c:	20000383 	.word	0x20000383
20000130:	20000383 	.word	0x20000383
20000134:	20000383 	.word	0x20000383
20000138:	20000383 	.word	0x20000383
2000013c:	20000383 	.word	0x20000383
20000140:	20000383 	.word	0x20000383
20000144:	20000383 	.word	0x20000383
20000148:	20000383 	.word	0x20000383
2000014c:	20000383 	.word	0x20000383
20000150:	20000383 	.word	0x20000383
20000154:	20000383 	.word	0x20000383
20000158:	20000383 	.word	0x20000383
2000015c:	20000383 	.word	0x20000383
20000160:	20000383 	.word	0x20000383
20000164:	20000383 	.word	0x20000383
20000168:	20000383 	.word	0x20000383
2000016c:	20000383 	.word	0x20000383
20000170:	20000383 	.word	0x20000383
20000174:	20000383 	.word	0x20000383
20000178:	20000383 	.word	0x20000383
2000017c:	20000383 	.word	0x20000383
20000180:	20000383 	.word	0x20000383
20000184:	20000383 	.word	0x20000383
20000188:	200002ed 	.word	0x200002ed
2000018c:	20000383 	.word	0x20000383
20000190:	200001c9 	.word	0x200001c9
20000194:	20000383 	.word	0x20000383
20000198:	20000383 	.word	0x20000383
2000019c:	20000383 	.word	0x20000383
200001a0:	20000383 	.word	0x20000383
200001a4:	20000383 	.word	0x20000383
200001a8:	20000383 	.word	0x20000383
200001ac:	20000339 	.word	0x20000339
    case '+': SYNC(&music, MusicIncreaseVolume, ARG_UNUSED); break;
200001b0:	2200      	movs	r2, #0
200001b2:	4976      	ldr	r1, [pc, #472]	@ (2000038c <reader+0x320>)
200001b4:	4876      	ldr	r0, [pc, #472]	@ (20000390 <reader+0x324>)
200001b6:	f001 f857 	bl	20001268 <sync>
200001ba:	e0e2      	b.n	20000382 <reader+0x316>
    case '-': SYNC(&music, MusicDecreaseVolume, ARG_UNUSED); break;
200001bc:	2200      	movs	r2, #0
200001be:	4975      	ldr	r1, [pc, #468]	@ (20000394 <reader+0x328>)
200001c0:	4873      	ldr	r0, [pc, #460]	@ (20000390 <reader+0x324>)
200001c2:	f001 f851 	bl	20001268 <sync>
200001c6:	e0dc      	b.n	20000382 <reader+0x316>
    case 'm': SYNC(&music, MusicMuteUnmute, ARG_UNUSED); break;
200001c8:	2200      	movs	r2, #0
200001ca:	4973      	ldr	r1, [pc, #460]	@ (20000398 <reader+0x32c>)
200001cc:	4870      	ldr	r0, [pc, #448]	@ (20000390 <reader+0x324>)
200001ce:	f001 f84b 	bl	20001268 <sync>
200001d2:	e0d6      	b.n	20000382 <reader+0x316>
    case '0': self->buf[self->len] = c; self->len++; break;
200001d4:	687b      	ldr	r3, [r7, #4]
200001d6:	689b      	ldr	r3, [r3, #8]
200001d8:	683a      	ldr	r2, [r7, #0]
200001da:	b2d1      	uxtb	r1, r2
200001dc:	687a      	ldr	r2, [r7, #4]
200001de:	4413      	add	r3, r2
200001e0:	460a      	mov	r2, r1
200001e2:	731a      	strb	r2, [r3, #12]
200001e4:	687b      	ldr	r3, [r7, #4]
200001e6:	689b      	ldr	r3, [r3, #8]
200001e8:	1c5a      	adds	r2, r3, #1
200001ea:	687b      	ldr	r3, [r7, #4]
200001ec:	609a      	str	r2, [r3, #8]
200001ee:	e0c8      	b.n	20000382 <reader+0x316>
    case '1': self->buf[self->len] = c; self->len++; break;
200001f0:	687b      	ldr	r3, [r7, #4]
200001f2:	689b      	ldr	r3, [r3, #8]
200001f4:	683a      	ldr	r2, [r7, #0]
200001f6:	b2d1      	uxtb	r1, r2
200001f8:	687a      	ldr	r2, [r7, #4]
200001fa:	4413      	add	r3, r2
200001fc:	460a      	mov	r2, r1
200001fe:	731a      	strb	r2, [r3, #12]
20000200:	687b      	ldr	r3, [r7, #4]
20000202:	689b      	ldr	r3, [r3, #8]
20000204:	1c5a      	adds	r2, r3, #1
20000206:	687b      	ldr	r3, [r7, #4]
20000208:	609a      	str	r2, [r3, #8]
2000020a:	e0ba      	b.n	20000382 <reader+0x316>
    case '2': self->buf[self->len] = c; self->len++; break;
2000020c:	687b      	ldr	r3, [r7, #4]
2000020e:	689b      	ldr	r3, [r3, #8]
20000210:	683a      	ldr	r2, [r7, #0]
20000212:	b2d1      	uxtb	r1, r2
20000214:	687a      	ldr	r2, [r7, #4]
20000216:	4413      	add	r3, r2
20000218:	460a      	mov	r2, r1
2000021a:	731a      	strb	r2, [r3, #12]
2000021c:	687b      	ldr	r3, [r7, #4]
2000021e:	689b      	ldr	r3, [r3, #8]
20000220:	1c5a      	adds	r2, r3, #1
20000222:	687b      	ldr	r3, [r7, #4]
20000224:	609a      	str	r2, [r3, #8]
20000226:	e0ac      	b.n	20000382 <reader+0x316>
    case '3': self->buf[self->len] = c; self->len++; break;
20000228:	687b      	ldr	r3, [r7, #4]
2000022a:	689b      	ldr	r3, [r3, #8]
2000022c:	683a      	ldr	r2, [r7, #0]
2000022e:	b2d1      	uxtb	r1, r2
20000230:	687a      	ldr	r2, [r7, #4]
20000232:	4413      	add	r3, r2
20000234:	460a      	mov	r2, r1
20000236:	731a      	strb	r2, [r3, #12]
20000238:	687b      	ldr	r3, [r7, #4]
2000023a:	689b      	ldr	r3, [r3, #8]
2000023c:	1c5a      	adds	r2, r3, #1
2000023e:	687b      	ldr	r3, [r7, #4]
20000240:	609a      	str	r2, [r3, #8]
20000242:	e09e      	b.n	20000382 <reader+0x316>
    case '4': self->buf[self->len] = c; self->len++; break;
20000244:	687b      	ldr	r3, [r7, #4]
20000246:	689b      	ldr	r3, [r3, #8]
20000248:	683a      	ldr	r2, [r7, #0]
2000024a:	b2d1      	uxtb	r1, r2
2000024c:	687a      	ldr	r2, [r7, #4]
2000024e:	4413      	add	r3, r2
20000250:	460a      	mov	r2, r1
20000252:	731a      	strb	r2, [r3, #12]
20000254:	687b      	ldr	r3, [r7, #4]
20000256:	689b      	ldr	r3, [r3, #8]
20000258:	1c5a      	adds	r2, r3, #1
2000025a:	687b      	ldr	r3, [r7, #4]
2000025c:	609a      	str	r2, [r3, #8]
2000025e:	e090      	b.n	20000382 <reader+0x316>
    case '5': self->buf[self->len] = c; self->len++; break;
20000260:	687b      	ldr	r3, [r7, #4]
20000262:	689b      	ldr	r3, [r3, #8]
20000264:	683a      	ldr	r2, [r7, #0]
20000266:	b2d1      	uxtb	r1, r2
20000268:	687a      	ldr	r2, [r7, #4]
2000026a:	4413      	add	r3, r2
2000026c:	460a      	mov	r2, r1
2000026e:	731a      	strb	r2, [r3, #12]
20000270:	687b      	ldr	r3, [r7, #4]
20000272:	689b      	ldr	r3, [r3, #8]
20000274:	1c5a      	adds	r2, r3, #1
20000276:	687b      	ldr	r3, [r7, #4]
20000278:	609a      	str	r2, [r3, #8]
2000027a:	e082      	b.n	20000382 <reader+0x316>
    case '6': self->buf[self->len] = c; self->len++; break;
2000027c:	687b      	ldr	r3, [r7, #4]
2000027e:	689b      	ldr	r3, [r3, #8]
20000280:	683a      	ldr	r2, [r7, #0]
20000282:	b2d1      	uxtb	r1, r2
20000284:	687a      	ldr	r2, [r7, #4]
20000286:	4413      	add	r3, r2
20000288:	460a      	mov	r2, r1
2000028a:	731a      	strb	r2, [r3, #12]
2000028c:	687b      	ldr	r3, [r7, #4]
2000028e:	689b      	ldr	r3, [r3, #8]
20000290:	1c5a      	adds	r2, r3, #1
20000292:	687b      	ldr	r3, [r7, #4]
20000294:	609a      	str	r2, [r3, #8]
20000296:	e074      	b.n	20000382 <reader+0x316>
    case '7': self->buf[self->len] = c; self->len++; break;
20000298:	687b      	ldr	r3, [r7, #4]
2000029a:	689b      	ldr	r3, [r3, #8]
2000029c:	683a      	ldr	r2, [r7, #0]
2000029e:	b2d1      	uxtb	r1, r2
200002a0:	687a      	ldr	r2, [r7, #4]
200002a2:	4413      	add	r3, r2
200002a4:	460a      	mov	r2, r1
200002a6:	731a      	strb	r2, [r3, #12]
200002a8:	687b      	ldr	r3, [r7, #4]
200002aa:	689b      	ldr	r3, [r3, #8]
200002ac:	1c5a      	adds	r2, r3, #1
200002ae:	687b      	ldr	r3, [r7, #4]
200002b0:	609a      	str	r2, [r3, #8]
200002b2:	e066      	b.n	20000382 <reader+0x316>
    case '8': self->buf[self->len] = c; self->len++; break;
200002b4:	687b      	ldr	r3, [r7, #4]
200002b6:	689b      	ldr	r3, [r3, #8]
200002b8:	683a      	ldr	r2, [r7, #0]
200002ba:	b2d1      	uxtb	r1, r2
200002bc:	687a      	ldr	r2, [r7, #4]
200002be:	4413      	add	r3, r2
200002c0:	460a      	mov	r2, r1
200002c2:	731a      	strb	r2, [r3, #12]
200002c4:	687b      	ldr	r3, [r7, #4]
200002c6:	689b      	ldr	r3, [r3, #8]
200002c8:	1c5a      	adds	r2, r3, #1
200002ca:	687b      	ldr	r3, [r7, #4]
200002cc:	609a      	str	r2, [r3, #8]
200002ce:	e058      	b.n	20000382 <reader+0x316>
    case '9': self->buf[self->len] = c; self->len++; break;
200002d0:	687b      	ldr	r3, [r7, #4]
200002d2:	689b      	ldr	r3, [r3, #8]
200002d4:	683a      	ldr	r2, [r7, #0]
200002d6:	b2d1      	uxtb	r1, r2
200002d8:	687a      	ldr	r2, [r7, #4]
200002da:	4413      	add	r3, r2
200002dc:	460a      	mov	r2, r1
200002de:	731a      	strb	r2, [r3, #12]
200002e0:	687b      	ldr	r3, [r7, #4]
200002e2:	689b      	ldr	r3, [r3, #8]
200002e4:	1c5a      	adds	r2, r3, #1
200002e6:	687b      	ldr	r3, [r7, #4]
200002e8:	609a      	str	r2, [r3, #8]
200002ea:	e04a      	b.n	20000382 <reader+0x316>
    case 'k':
      self->buf[self->len] = '\0';
200002ec:	687b      	ldr	r3, [r7, #4]
200002ee:	689b      	ldr	r3, [r3, #8]
200002f0:	687a      	ldr	r2, [r7, #4]
200002f2:	4413      	add	r3, r2
200002f4:	2200      	movs	r2, #0
200002f6:	731a      	strb	r2, [r3, #12]
      int key = atoi(self->buf);
200002f8:	687b      	ldr	r3, [r7, #4]
200002fa:	330c      	adds	r3, #12
200002fc:	4618      	mov	r0, r3
200002fe:	f007 f917 	bl	20007530 <atoi>
20000302:	60b8      	str	r0, [r7, #8]
      self->len = 0;
20000304:	687b      	ldr	r3, [r7, #4]
20000306:	2200      	movs	r2, #0
20000308:	609a      	str	r2, [r3, #8]
      if (key <= 5 && key >= -5) {
2000030a:	68bb      	ldr	r3, [r7, #8]
2000030c:	2b05      	cmp	r3, #5
2000030e:	dc0c      	bgt.n	2000032a <reader+0x2be>
20000310:	68bb      	ldr	r3, [r7, #8]
20000312:	f113 0f05 	cmn.w	r3, #5
20000316:	db08      	blt.n	2000032a <reader+0x2be>
        ASYNC(&music, MusicSetKey, key);
20000318:	68bb      	ldr	r3, [r7, #8]
2000031a:	9300      	str	r3, [sp, #0]
2000031c:	4b1f      	ldr	r3, [pc, #124]	@ (2000039c <reader+0x330>)
2000031e:	4a1c      	ldr	r2, [pc, #112]	@ (20000390 <reader+0x324>)
20000320:	2100      	movs	r1, #0
20000322:	2000      	movs	r0, #0
20000324:	f000 ff02 	bl	2000112c <async>
        break;
20000328:	e02b      	b.n	20000382 <reader+0x316>
      }
      else {
        SCI_WRITE(&sci0, "Input key not allowed! >:(");
2000032a:	4b1d      	ldr	r3, [pc, #116]	@ (200003a0 <reader+0x334>)
2000032c:	461a      	mov	r2, r3
2000032e:	491d      	ldr	r1, [pc, #116]	@ (200003a4 <reader+0x338>)
20000330:	481d      	ldr	r0, [pc, #116]	@ (200003a8 <reader+0x33c>)
20000332:	f000 ff99 	bl	20001268 <sync>
        break;
20000336:	e024      	b.n	20000382 <reader+0x316>
      }
    case 't':
      self->buf[self->len] = '\0';
20000338:	687b      	ldr	r3, [r7, #4]
2000033a:	689b      	ldr	r3, [r3, #8]
2000033c:	687a      	ldr	r2, [r7, #4]
2000033e:	4413      	add	r3, r2
20000340:	2200      	movs	r2, #0
20000342:	731a      	strb	r2, [r3, #12]
      int tempo = atoi(self->buf);
20000344:	687b      	ldr	r3, [r7, #4]
20000346:	330c      	adds	r3, #12
20000348:	4618      	mov	r0, r3
2000034a:	f007 f8f1 	bl	20007530 <atoi>
2000034e:	60f8      	str	r0, [r7, #12]
      self->len = 0;
20000350:	687b      	ldr	r3, [r7, #4]
20000352:	2200      	movs	r2, #0
20000354:	609a      	str	r2, [r3, #8]
      if (tempo <= 240 && tempo >= 60){
20000356:	68fb      	ldr	r3, [r7, #12]
20000358:	2bf0      	cmp	r3, #240	@ 0xf0
2000035a:	dc0b      	bgt.n	20000374 <reader+0x308>
2000035c:	68fb      	ldr	r3, [r7, #12]
2000035e:	2b3b      	cmp	r3, #59	@ 0x3b
20000360:	dd08      	ble.n	20000374 <reader+0x308>
        ASYNC(&music, MusicSetTempo, tempo);
20000362:	68fb      	ldr	r3, [r7, #12]
20000364:	9300      	str	r3, [sp, #0]
20000366:	4b11      	ldr	r3, [pc, #68]	@ (200003ac <reader+0x340>)
20000368:	4a09      	ldr	r2, [pc, #36]	@ (20000390 <reader+0x324>)
2000036a:	2100      	movs	r1, #0
2000036c:	2000      	movs	r0, #0
2000036e:	f000 fedd 	bl	2000112c <async>
        break;
20000372:	e006      	b.n	20000382 <reader+0x316>
      }
      else {
        SCI_WRITE(&sci0, "Input tempo not allowed! >:(");
20000374:	4b0e      	ldr	r3, [pc, #56]	@ (200003b0 <reader+0x344>)
20000376:	461a      	mov	r2, r3
20000378:	490a      	ldr	r1, [pc, #40]	@ (200003a4 <reader+0x338>)
2000037a:	480b      	ldr	r0, [pc, #44]	@ (200003a8 <reader+0x33c>)
2000037c:	f000 ff74 	bl	20001268 <sync>
        break;
20000380:	bf00      	nop
      } 
  }
}
20000382:	bf00      	nop
20000384:	3710      	adds	r7, #16
20000386:	46bd      	mov	sp, r7
20000388:	bd80      	pop	{r7, pc}
2000038a:	bf00      	nop
2000038c:	200005f5 	.word	0x200005f5
20000390:	2000901c 	.word	0x2000901c
20000394:	20000629 	.word	0x20000629
20000398:	2000065d 	.word	0x2000065d
2000039c:	200004e5 	.word	0x200004e5
200003a0:	200081b8 	.word	0x200081b8
200003a4:	20001ce3 	.word	0x20001ce3
200003a8:	200090a8 	.word	0x200090a8
200003ac:	200004a5 	.word	0x200004a5
200003b0:	200081d4 	.word	0x200081d4

200003b4 <startApp>:

void startApp(App *self, int arg) {
200003b4:	b580      	push	{r7, lr}
200003b6:	b088      	sub	sp, #32
200003b8:	af02      	add	r7, sp, #8
200003ba:	6078      	str	r0, [r7, #4]
200003bc:	6039      	str	r1, [r7, #0]
  CANMsg msg;

  CAN_INIT(&can0);
200003be:	2200      	movs	r2, #0
200003c0:	491d      	ldr	r1, [pc, #116]	@ (20000438 <startApp+0x84>)
200003c2:	481e      	ldr	r0, [pc, #120]	@ (2000043c <startApp+0x88>)
200003c4:	f000 ff50 	bl	20001268 <sync>
  SCI_INIT(&sci0);
200003c8:	2200      	movs	r2, #0
200003ca:	491d      	ldr	r1, [pc, #116]	@ (20000440 <startApp+0x8c>)
200003cc:	481d      	ldr	r0, [pc, #116]	@ (20000444 <startApp+0x90>)
200003ce:	f000 ff4b 	bl	20001268 <sync>
  SCI_WRITE(&sci0, "Hello, hello...\n");
200003d2:	4b1d      	ldr	r3, [pc, #116]	@ (20000448 <startApp+0x94>)
200003d4:	461a      	mov	r2, r3
200003d6:	491d      	ldr	r1, [pc, #116]	@ (2000044c <startApp+0x98>)
200003d8:	481a      	ldr	r0, [pc, #104]	@ (20000444 <startApp+0x90>)
200003da:	f000 ff45 	bl	20001268 <sync>

  msg.msgId = 1;
200003de:	2301      	movs	r3, #1
200003e0:	733b      	strb	r3, [r7, #12]
  msg.nodeId = 1;
200003e2:	2301      	movs	r3, #1
200003e4:	737b      	strb	r3, [r7, #13]
  msg.length = 6;
200003e6:	2306      	movs	r3, #6
200003e8:	73bb      	strb	r3, [r7, #14]
  msg.buff[0] = 'H';
200003ea:	2348      	movs	r3, #72	@ 0x48
200003ec:	73fb      	strb	r3, [r7, #15]
  msg.buff[1] = 'e';
200003ee:	2365      	movs	r3, #101	@ 0x65
200003f0:	743b      	strb	r3, [r7, #16]
  msg.buff[2] = 'l';
200003f2:	236c      	movs	r3, #108	@ 0x6c
200003f4:	747b      	strb	r3, [r7, #17]
  msg.buff[3] = 'l';
200003f6:	236c      	movs	r3, #108	@ 0x6c
200003f8:	74bb      	strb	r3, [r7, #18]
  msg.buff[4] = 'o';
200003fa:	236f      	movs	r3, #111	@ 0x6f
200003fc:	74fb      	strb	r3, [r7, #19]
  msg.buff[5] = 0;
200003fe:	2300      	movs	r3, #0
20000400:	753b      	strb	r3, [r7, #20]
  CAN_SEND(&can0, &msg);
20000402:	f107 030c 	add.w	r3, r7, #12
20000406:	461a      	mov	r2, r3
20000408:	4911      	ldr	r1, [pc, #68]	@ (20000450 <startApp+0x9c>)
2000040a:	480c      	ldr	r0, [pc, #48]	@ (2000043c <startApp+0x88>)
2000040c:	f000 ff2c 	bl	20001268 <sync>

  ASYNC(&tone, ToneGenerate, ARG_UNUSED);
20000410:	2300      	movs	r3, #0
20000412:	9300      	str	r3, [sp, #0]
20000414:	4b0f      	ldr	r3, [pc, #60]	@ (20000454 <startApp+0xa0>)
20000416:	4a10      	ldr	r2, [pc, #64]	@ (20000458 <startApp+0xa4>)
20000418:	2100      	movs	r1, #0
2000041a:	2000      	movs	r0, #0
2000041c:	f000 fe86 	bl	2000112c <async>
  ASYNC(&music, MusicPlayBJ, ARG_UNUSED);
20000420:	2300      	movs	r3, #0
20000422:	9300      	str	r3, [sp, #0]
20000424:	4b0d      	ldr	r3, [pc, #52]	@ (2000045c <startApp+0xa8>)
20000426:	4a0e      	ldr	r2, [pc, #56]	@ (20000460 <startApp+0xac>)
20000428:	2100      	movs	r1, #0
2000042a:	2000      	movs	r0, #0
2000042c:	f000 fe7e 	bl	2000112c <async>
}
20000430:	bf00      	nop
20000432:	3718      	adds	r7, #24
20000434:	46bd      	mov	sp, r7
20000436:	bd80      	pop	{r7, pc}
20000438:	20001809 	.word	0x20001809
2000043c:	20009030 	.word	0x20009030
20000440:	20001c3d 	.word	0x20001c3d
20000444:	200090a8 	.word	0x200090a8
20000448:	200081f4 	.word	0x200081f4
2000044c:	20001ce3 	.word	0x20001ce3
20000450:	20001b13 	.word	0x20001b13
20000454:	200006b1 	.word	0x200006b1
20000458:	20009000 	.word	0x20009000
2000045c:	20000681 	.word	0x20000681
20000460:	2000901c 	.word	0x2000901c

20000464 <main>:

int main() {
20000464:	b580      	push	{r7, lr}
20000466:	af00      	add	r7, sp, #0
  INSTALL(&sci0, sci_interrupt, SCI_IRQ0);
20000468:	2200      	movs	r2, #0
2000046a:	4908      	ldr	r1, [pc, #32]	@ (2000048c <main+0x28>)
2000046c:	4808      	ldr	r0, [pc, #32]	@ (20000490 <main+0x2c>)
2000046e:	f001 f8ef 	bl	20001650 <install>
  INSTALL(&can0, can_interrupt, CAN_IRQ0);
20000472:	2201      	movs	r2, #1
20000474:	4907      	ldr	r1, [pc, #28]	@ (20000494 <main+0x30>)
20000476:	4808      	ldr	r0, [pc, #32]	@ (20000498 <main+0x34>)
20000478:	f001 f8ea 	bl	20001650 <install>
  TINYTIMBER(&app, startApp, 0);
2000047c:	2200      	movs	r2, #0
2000047e:	4907      	ldr	r1, [pc, #28]	@ (2000049c <main+0x38>)
20000480:	4807      	ldr	r0, [pc, #28]	@ (200004a0 <main+0x3c>)
20000482:	f001 f94b 	bl	2000171c <tinytimber>
  return 0;
20000486:	2300      	movs	r3, #0
}
20000488:	4618      	mov	r0, r3
2000048a:	bd80      	pop	{r7, pc}
2000048c:	20001d6f 	.word	0x20001d6f
20000490:	200090a8 	.word	0x200090a8
20000494:	200018c1 	.word	0x200018c1
20000498:	20009030 	.word	0x20009030
2000049c:	200003b5 	.word	0x200003b5
200004a0:	2000a000 	.word	0x2000a000

200004a4 <MusicSetTempo>:

const int notes[] = {0, 2, 4, 0, 0, 2, 4, 0, 4, 5, 7, 4, 5, 7, 7, 9, 7, 5, 4, 0, 7, 9, 7, 5, 4, 0, 0, -5, 0, 0, -5, 0};
const int periods[] = {2024, 1911, 1804, 1703, 1607, 1517, 1432, 1351, 1276, 1204, 1136, 1073, 1012, 956, 902, 851, 804, 758, 716, 676, 638, 602, 568, 536, 506};
const NoteLen noteLens[] = {QUARTER, QUARTER, QUARTER, QUARTER, QUARTER, QUARTER, QUARTER, QUARTER, QUARTER, QUARTER, HALF, QUARTER, QUARTER, HALF, EIGHTH, EIGHTH, EIGHTH, EIGHTH, QUARTER, QUARTER, EIGHTH, EIGHTH, EIGHTH, EIGHTH, QUARTER, QUARTER, QUARTER, QUARTER, HALF, QUARTER, QUARTER, HALF};

void MusicSetTempo(Music* self, int tempo) {
200004a4:	b580      	push	{r7, lr}
200004a6:	b09c      	sub	sp, #112	@ 0x70
200004a8:	af00      	add	r7, sp, #0
200004aa:	6078      	str	r0, [r7, #4]
200004ac:	6039      	str	r1, [r7, #0]
    self->tempo = tempo;
200004ae:	687b      	ldr	r3, [r7, #4]
200004b0:	683a      	ldr	r2, [r7, #0]
200004b2:	60da      	str	r2, [r3, #12]
    char buf[100];
    snprintf(buf, 100, "new tempo: %d\n", tempo);
200004b4:	f107 000c 	add.w	r0, r7, #12
200004b8:	683b      	ldr	r3, [r7, #0]
200004ba:	4a07      	ldr	r2, [pc, #28]	@ (200004d8 <MusicSetTempo+0x34>)
200004bc:	2164      	movs	r1, #100	@ 0x64
200004be:	f007 f901 	bl	200076c4 <sniprintf>
    SCI_WRITE(&sci0, buf);
200004c2:	f107 030c 	add.w	r3, r7, #12
200004c6:	461a      	mov	r2, r3
200004c8:	4904      	ldr	r1, [pc, #16]	@ (200004dc <MusicSetTempo+0x38>)
200004ca:	4805      	ldr	r0, [pc, #20]	@ (200004e0 <MusicSetTempo+0x3c>)
200004cc:	f000 fecc 	bl	20001268 <sync>
}
200004d0:	bf00      	nop
200004d2:	3770      	adds	r7, #112	@ 0x70
200004d4:	46bd      	mov	sp, r7
200004d6:	bd80      	pop	{r7, pc}
200004d8:	2000830c 	.word	0x2000830c
200004dc:	20001ce3 	.word	0x20001ce3
200004e0:	200090a8 	.word	0x200090a8

200004e4 <MusicSetKey>:

void MusicSetKey(Music* self, int key) {
200004e4:	b580      	push	{r7, lr}
200004e6:	b09c      	sub	sp, #112	@ 0x70
200004e8:	af00      	add	r7, sp, #0
200004ea:	6078      	str	r0, [r7, #4]
200004ec:	6039      	str	r1, [r7, #0]
    self->key = key;
200004ee:	687b      	ldr	r3, [r7, #4]
200004f0:	683a      	ldr	r2, [r7, #0]
200004f2:	611a      	str	r2, [r3, #16]
    char buf[100];
    snprintf(buf, 100, "new key: %d\n", key);
200004f4:	f107 000c 	add.w	r0, r7, #12
200004f8:	683b      	ldr	r3, [r7, #0]
200004fa:	4a07      	ldr	r2, [pc, #28]	@ (20000518 <MusicSetKey+0x34>)
200004fc:	2164      	movs	r1, #100	@ 0x64
200004fe:	f007 f8e1 	bl	200076c4 <sniprintf>
    SCI_WRITE(&sci0, buf);
20000502:	f107 030c 	add.w	r3, r7, #12
20000506:	461a      	mov	r2, r3
20000508:	4904      	ldr	r1, [pc, #16]	@ (2000051c <MusicSetKey+0x38>)
2000050a:	4805      	ldr	r0, [pc, #20]	@ (20000520 <MusicSetKey+0x3c>)
2000050c:	f000 feac 	bl	20001268 <sync>
}
20000510:	bf00      	nop
20000512:	3770      	adds	r7, #112	@ 0x70
20000514:	46bd      	mov	sp, r7
20000516:	bd80      	pop	{r7, pc}
20000518:	2000831c 	.word	0x2000831c
2000051c:	20001ce3 	.word	0x20001ce3
20000520:	200090a8 	.word	0x200090a8

20000524 <MusicPlayNote>:

#define WAIT_OVER_BPM (SEC(60) / 16)
void MusicPlayNote(Music* self, int noteIdx) {
20000524:	b580      	push	{r7, lr}
20000526:	b088      	sub	sp, #32
20000528:	af02      	add	r7, sp, #8
2000052a:	6078      	str	r0, [r7, #4]
2000052c:	6039      	str	r1, [r7, #0]
    SYNC(&tone, ToneSetPeriod, periods[notes[noteIdx] + self->key + 10]);
2000052e:	4a27      	ldr	r2, [pc, #156]	@ (200005cc <MusicPlayNote+0xa8>)
20000530:	683b      	ldr	r3, [r7, #0]
20000532:	f852 2023 	ldr.w	r2, [r2, r3, lsl #2]
20000536:	687b      	ldr	r3, [r7, #4]
20000538:	691b      	ldr	r3, [r3, #16]
2000053a:	4413      	add	r3, r2
2000053c:	330a      	adds	r3, #10
2000053e:	4a24      	ldr	r2, [pc, #144]	@ (200005d0 <MusicPlayNote+0xac>)
20000540:	f852 3023 	ldr.w	r3, [r2, r3, lsl #2]
20000544:	461a      	mov	r2, r3
20000546:	4923      	ldr	r1, [pc, #140]	@ (200005d4 <MusicPlayNote+0xb0>)
20000548:	4823      	ldr	r0, [pc, #140]	@ (200005d8 <MusicPlayNote+0xb4>)
2000054a:	f000 fe8d 	bl	20001268 <sync>
    int noteLen = noteLens[noteIdx];
2000054e:	4a23      	ldr	r2, [pc, #140]	@ (200005dc <MusicPlayNote+0xb8>)
20000550:	683b      	ldr	r3, [r7, #0]
20000552:	4413      	add	r3, r2
20000554:	781b      	ldrb	r3, [r3, #0]
20000556:	617b      	str	r3, [r7, #20]
    int sendPlayNoteBLine = (SEC(60) * noteLen) / 2 / self->tempo;
20000558:	697b      	ldr	r3, [r7, #20]
2000055a:	4a21      	ldr	r2, [pc, #132]	@ (200005e0 <MusicPlayNote+0xbc>)
2000055c:	fb03 f202 	mul.w	r2, r3, r2
20000560:	687b      	ldr	r3, [r7, #4]
20000562:	68db      	ldr	r3, [r3, #12]
20000564:	fb92 f3f3 	sdiv	r3, r2, r3
20000568:	613b      	str	r3, [r7, #16]
    int sendPauseNoteBLine = ((SEC(60) * noteLen)  - (WAIT_OVER_BPM * noteLen)) / 2 / self->tempo;
2000056a:	697b      	ldr	r3, [r7, #20]
2000056c:	4a1d      	ldr	r2, [pc, #116]	@ (200005e4 <MusicPlayNote+0xc0>)
2000056e:	fb03 f202 	mul.w	r2, r3, r2
20000572:	687b      	ldr	r3, [r7, #4]
20000574:	68db      	ldr	r3, [r3, #12]
20000576:	fb92 f3f3 	sdiv	r3, r2, r3
2000057a:	60fb      	str	r3, [r7, #12]
    SYNC(&tone, ToneToggleRunning, ARG_UNUSED);
2000057c:	2200      	movs	r2, #0
2000057e:	491a      	ldr	r1, [pc, #104]	@ (200005e8 <MusicPlayNote+0xc4>)
20000580:	4815      	ldr	r0, [pc, #84]	@ (200005d8 <MusicPlayNote+0xb4>)
20000582:	f000 fe71 	bl	20001268 <sync>
    SEND(sendPauseNoteBLine, sendPlayNoteBLine, &tone, ToneToggleRunning, ARG_UNUSED);
20000586:	2300      	movs	r3, #0
20000588:	9300      	str	r3, [sp, #0]
2000058a:	4b17      	ldr	r3, [pc, #92]	@ (200005e8 <MusicPlayNote+0xc4>)
2000058c:	4a12      	ldr	r2, [pc, #72]	@ (200005d8 <MusicPlayNote+0xb4>)
2000058e:	6939      	ldr	r1, [r7, #16]
20000590:	68f8      	ldr	r0, [r7, #12]
20000592:	f000 fdcb 	bl	2000112c <async>
    if (noteIdx >= 31) AFTER(sendPlayNoteBLine, self, MusicPlayBJ, ARG_UNUSED);
20000596:	683b      	ldr	r3, [r7, #0]
20000598:	2b1e      	cmp	r3, #30
2000059a:	dd08      	ble.n	200005ae <MusicPlayNote+0x8a>
2000059c:	2300      	movs	r3, #0
2000059e:	9300      	str	r3, [sp, #0]
200005a0:	4b12      	ldr	r3, [pc, #72]	@ (200005ec <MusicPlayNote+0xc8>)
200005a2:	687a      	ldr	r2, [r7, #4]
200005a4:	2100      	movs	r1, #0
200005a6:	6938      	ldr	r0, [r7, #16]
200005a8:	f000 fdc0 	bl	2000112c <async>
    else SEND(sendPlayNoteBLine, 2 * sendPlayNoteBLine, self, MusicPlayNote, noteIdx +1);
}
200005ac:	e009      	b.n	200005c2 <MusicPlayNote+0x9e>
    else SEND(sendPlayNoteBLine, 2 * sendPlayNoteBLine, self, MusicPlayNote, noteIdx +1);
200005ae:	693b      	ldr	r3, [r7, #16]
200005b0:	0059      	lsls	r1, r3, #1
200005b2:	683b      	ldr	r3, [r7, #0]
200005b4:	3301      	adds	r3, #1
200005b6:	9300      	str	r3, [sp, #0]
200005b8:	4b0d      	ldr	r3, [pc, #52]	@ (200005f0 <MusicPlayNote+0xcc>)
200005ba:	687a      	ldr	r2, [r7, #4]
200005bc:	6938      	ldr	r0, [r7, #16]
200005be:	f000 fdb5 	bl	2000112c <async>
}
200005c2:	bf00      	nop
200005c4:	3718      	adds	r7, #24
200005c6:	46bd      	mov	sp, r7
200005c8:	bd80      	pop	{r7, pc}
200005ca:	bf00      	nop
200005cc:	20008208 	.word	0x20008208
200005d0:	20008288 	.word	0x20008288
200005d4:	20000751 	.word	0x20000751
200005d8:	20009000 	.word	0x20009000
200005dc:	200082ec 	.word	0x200082ec
200005e0:	002dc6c0 	.word	0x002dc6c0
200005e4:	002aea54 	.word	0x002aea54
200005e8:	200007ad 	.word	0x200007ad
200005ec:	20000681 	.word	0x20000681
200005f0:	20000525 	.word	0x20000525

200005f4 <MusicIncreaseVolume>:

#define MAX_VOL 15
void MusicIncreaseVolume(Music* self, int unused) {
200005f4:	b580      	push	{r7, lr}
200005f6:	b082      	sub	sp, #8
200005f8:	af00      	add	r7, sp, #0
200005fa:	6078      	str	r0, [r7, #4]
200005fc:	6039      	str	r1, [r7, #0]
    if (self->volume < MAX_VOL) self->volume++;
200005fe:	687b      	ldr	r3, [r7, #4]
20000600:	689b      	ldr	r3, [r3, #8]
20000602:	2b0e      	cmp	r3, #14
20000604:	dc04      	bgt.n	20000610 <MusicIncreaseVolume+0x1c>
20000606:	687b      	ldr	r3, [r7, #4]
20000608:	689b      	ldr	r3, [r3, #8]
2000060a:	1c5a      	adds	r2, r3, #1
2000060c:	687b      	ldr	r3, [r7, #4]
2000060e:	609a      	str	r2, [r3, #8]
    ToneSetAmplitude(&tone, self->volume);
20000610:	687b      	ldr	r3, [r7, #4]
20000612:	689b      	ldr	r3, [r3, #8]
20000614:	4619      	mov	r1, r3
20000616:	4803      	ldr	r0, [pc, #12]	@ (20000624 <MusicIncreaseVolume+0x30>)
20000618:	f000 f8a8 	bl	2000076c <ToneSetAmplitude>
}
2000061c:	bf00      	nop
2000061e:	3708      	adds	r7, #8
20000620:	46bd      	mov	sp, r7
20000622:	bd80      	pop	{r7, pc}
20000624:	20009000 	.word	0x20009000

20000628 <MusicDecreaseVolume>:

void MusicDecreaseVolume(Music* self, int unused) {
20000628:	b580      	push	{r7, lr}
2000062a:	b082      	sub	sp, #8
2000062c:	af00      	add	r7, sp, #0
2000062e:	6078      	str	r0, [r7, #4]
20000630:	6039      	str	r1, [r7, #0]
    if (self->volume > 0) self->volume--;
20000632:	687b      	ldr	r3, [r7, #4]
20000634:	689b      	ldr	r3, [r3, #8]
20000636:	2b00      	cmp	r3, #0
20000638:	dd04      	ble.n	20000644 <MusicDecreaseVolume+0x1c>
2000063a:	687b      	ldr	r3, [r7, #4]
2000063c:	689b      	ldr	r3, [r3, #8]
2000063e:	1e5a      	subs	r2, r3, #1
20000640:	687b      	ldr	r3, [r7, #4]
20000642:	609a      	str	r2, [r3, #8]
    ToneSetAmplitude(&tone, self->volume);
20000644:	687b      	ldr	r3, [r7, #4]
20000646:	689b      	ldr	r3, [r3, #8]
20000648:	4619      	mov	r1, r3
2000064a:	4803      	ldr	r0, [pc, #12]	@ (20000658 <MusicDecreaseVolume+0x30>)
2000064c:	f000 f88e 	bl	2000076c <ToneSetAmplitude>
}
20000650:	bf00      	nop
20000652:	3708      	adds	r7, #8
20000654:	46bd      	mov	sp, r7
20000656:	bd80      	pop	{r7, pc}
20000658:	20009000 	.word	0x20009000

2000065c <MusicMuteUnmute>:

void MusicMuteUnmute(Music* self, int unused) {
2000065c:	b580      	push	{r7, lr}
2000065e:	b082      	sub	sp, #8
20000660:	af00      	add	r7, sp, #0
20000662:	6078      	str	r0, [r7, #4]
20000664:	6039      	str	r1, [r7, #0]
    SYNC(&tone, ToneToggleMute, ARG_UNUSED);
20000666:	2200      	movs	r2, #0
20000668:	4903      	ldr	r1, [pc, #12]	@ (20000678 <MusicMuteUnmute+0x1c>)
2000066a:	4804      	ldr	r0, [pc, #16]	@ (2000067c <MusicMuteUnmute+0x20>)
2000066c:	f000 fdfc 	bl	20001268 <sync>
}
20000670:	bf00      	nop
20000672:	3708      	adds	r7, #8
20000674:	46bd      	mov	sp, r7
20000676:	bd80      	pop	{r7, pc}
20000678:	200007cf 	.word	0x200007cf
2000067c:	20009000 	.word	0x20009000

20000680 <MusicPlayBJ>:

void MusicPlayBJ(Music* self, int noteNr) {
20000680:	b580      	push	{r7, lr}
20000682:	b084      	sub	sp, #16
20000684:	af02      	add	r7, sp, #8
20000686:	6078      	str	r0, [r7, #4]
20000688:	6039      	str	r1, [r7, #0]
    BEFORE(noteLens[0] / self->tempo, self, MusicPlayNote, 0);
2000068a:	2302      	movs	r3, #2
2000068c:	461a      	mov	r2, r3
2000068e:	687b      	ldr	r3, [r7, #4]
20000690:	68db      	ldr	r3, [r3, #12]
20000692:	fb92 f1f3 	sdiv	r1, r2, r3
20000696:	2300      	movs	r3, #0
20000698:	9300      	str	r3, [sp, #0]
2000069a:	4b04      	ldr	r3, [pc, #16]	@ (200006ac <MusicPlayBJ+0x2c>)
2000069c:	687a      	ldr	r2, [r7, #4]
2000069e:	2000      	movs	r0, #0
200006a0:	f000 fd44 	bl	2000112c <async>
200006a4:	bf00      	nop
200006a6:	3708      	adds	r7, #8
200006a8:	46bd      	mov	sp, r7
200006aa:	bd80      	pop	{r7, pc}
200006ac:	20000525 	.word	0x20000525

200006b0 <ToneGenerate>:

extern Serial sci0;
#define ARG_UNUSED 0
#define DAC_TONE (volatile unsigned char*) (0x4000741C)

void ToneGenerate(Tone* self, int unused) {
200006b0:	b580      	push	{r7, lr}
200006b2:	b084      	sub	sp, #16
200006b4:	af02      	add	r7, sp, #8
200006b6:	6078      	str	r0, [r7, #4]
200006b8:	6039      	str	r1, [r7, #0]
  if (self->running && !self->mute) {
200006ba:	687b      	ldr	r3, [r7, #4]
200006bc:	68db      	ldr	r3, [r3, #12]
200006be:	2b00      	cmp	r3, #0
200006c0:	d014      	beq.n	200006ec <ToneGenerate+0x3c>
200006c2:	687b      	ldr	r3, [r7, #4]
200006c4:	689b      	ldr	r3, [r3, #8]
200006c6:	2b00      	cmp	r3, #0
200006c8:	d110      	bne.n	200006ec <ToneGenerate+0x3c>
    self->waveStatus ^= 1;
200006ca:	687b      	ldr	r3, [r7, #4]
200006cc:	695b      	ldr	r3, [r3, #20]
200006ce:	f083 0201 	eor.w	r2, r3, #1
200006d2:	687b      	ldr	r3, [r7, #4]
200006d4:	615a      	str	r2, [r3, #20]
    *DAC_TONE = self->waveStatus * self->amplitude;
200006d6:	687b      	ldr	r3, [r7, #4]
200006d8:	695b      	ldr	r3, [r3, #20]
200006da:	b2da      	uxtb	r2, r3
200006dc:	687b      	ldr	r3, [r7, #4]
200006de:	699b      	ldr	r3, [r3, #24]
200006e0:	b2db      	uxtb	r3, r3
200006e2:	490a      	ldr	r1, [pc, #40]	@ (2000070c <ToneGenerate+0x5c>)
200006e4:	fb12 f303 	smulbb	r3, r2, r3
200006e8:	b2db      	uxtb	r3, r3
200006ea:	700b      	strb	r3, [r1, #0]
  }
  SEND(self->period, self->period * 2, self, ToneGenerate, ARG_UNUSED);
200006ec:	687b      	ldr	r3, [r7, #4]
200006ee:	6918      	ldr	r0, [r3, #16]
200006f0:	687b      	ldr	r3, [r7, #4]
200006f2:	691b      	ldr	r3, [r3, #16]
200006f4:	0059      	lsls	r1, r3, #1
200006f6:	2300      	movs	r3, #0
200006f8:	9300      	str	r3, [sp, #0]
200006fa:	4b05      	ldr	r3, [pc, #20]	@ (20000710 <ToneGenerate+0x60>)
200006fc:	687a      	ldr	r2, [r7, #4]
200006fe:	f000 fd15 	bl	2000112c <async>
}
20000702:	bf00      	nop
20000704:	3708      	adds	r7, #8
20000706:	46bd      	mov	sp, r7
20000708:	bd80      	pop	{r7, pc}
2000070a:	bf00      	nop
2000070c:	4000741c 	.word	0x4000741c
20000710:	200006b1 	.word	0x200006b1

20000714 <ToneFlip>:

void ToneFlip(Tone* self, int unused){
20000714:	b480      	push	{r7}
20000716:	b083      	sub	sp, #12
20000718:	af00      	add	r7, sp, #0
2000071a:	6078      	str	r0, [r7, #4]
2000071c:	6039      	str	r1, [r7, #0]
  self->waveStatus ^= 1;
2000071e:	687b      	ldr	r3, [r7, #4]
20000720:	695b      	ldr	r3, [r3, #20]
20000722:	f083 0201 	eor.w	r2, r3, #1
20000726:	687b      	ldr	r3, [r7, #4]
20000728:	615a      	str	r2, [r3, #20]
  *DAC_TONE = self->waveStatus * self->amplitude;
2000072a:	687b      	ldr	r3, [r7, #4]
2000072c:	695b      	ldr	r3, [r3, #20]
2000072e:	b2da      	uxtb	r2, r3
20000730:	687b      	ldr	r3, [r7, #4]
20000732:	699b      	ldr	r3, [r3, #24]
20000734:	b2db      	uxtb	r3, r3
20000736:	4905      	ldr	r1, [pc, #20]	@ (2000074c <ToneFlip+0x38>)
20000738:	fb12 f303 	smulbb	r3, r2, r3
2000073c:	b2db      	uxtb	r3, r3
2000073e:	700b      	strb	r3, [r1, #0]
}
20000740:	bf00      	nop
20000742:	370c      	adds	r7, #12
20000744:	46bd      	mov	sp, r7
20000746:	f85d 7b04 	ldr.w	r7, [sp], #4
2000074a:	4770      	bx	lr
2000074c:	4000741c 	.word	0x4000741c

20000750 <ToneSetPeriod>:

void ToneSetPeriod(Tone* self, int period) {
20000750:	b480      	push	{r7}
20000752:	b083      	sub	sp, #12
20000754:	af00      	add	r7, sp, #0
20000756:	6078      	str	r0, [r7, #4]
20000758:	6039      	str	r1, [r7, #0]
  self->period = period;
2000075a:	687b      	ldr	r3, [r7, #4]
2000075c:	683a      	ldr	r2, [r7, #0]
2000075e:	611a      	str	r2, [r3, #16]
}
20000760:	bf00      	nop
20000762:	370c      	adds	r7, #12
20000764:	46bd      	mov	sp, r7
20000766:	f85d 7b04 	ldr.w	r7, [sp], #4
2000076a:	4770      	bx	lr

2000076c <ToneSetAmplitude>:

void ToneSetAmplitude(Tone* self, int ampl) {
2000076c:	b580      	push	{r7, lr}
2000076e:	b09c      	sub	sp, #112	@ 0x70
20000770:	af00      	add	r7, sp, #0
20000772:	6078      	str	r0, [r7, #4]
20000774:	6039      	str	r1, [r7, #0]
  self->amplitude = ampl;
20000776:	687b      	ldr	r3, [r7, #4]
20000778:	683a      	ldr	r2, [r7, #0]
2000077a:	619a      	str	r2, [r3, #24]
  char buf[100];
  snprintf(buf, 100, "volume is %d\n", ampl);
2000077c:	f107 000c 	add.w	r0, r7, #12
20000780:	683b      	ldr	r3, [r7, #0]
20000782:	4a07      	ldr	r2, [pc, #28]	@ (200007a0 <ToneSetAmplitude+0x34>)
20000784:	2164      	movs	r1, #100	@ 0x64
20000786:	f006 ff9d 	bl	200076c4 <sniprintf>
  SCI_WRITE(&sci0, buf);
2000078a:	f107 030c 	add.w	r3, r7, #12
2000078e:	461a      	mov	r2, r3
20000790:	4904      	ldr	r1, [pc, #16]	@ (200007a4 <ToneSetAmplitude+0x38>)
20000792:	4805      	ldr	r0, [pc, #20]	@ (200007a8 <ToneSetAmplitude+0x3c>)
20000794:	f000 fd68 	bl	20001268 <sync>
}
20000798:	bf00      	nop
2000079a:	3770      	adds	r7, #112	@ 0x70
2000079c:	46bd      	mov	sp, r7
2000079e:	bd80      	pop	{r7, pc}
200007a0:	2000832c 	.word	0x2000832c
200007a4:	20001ce3 	.word	0x20001ce3
200007a8:	200090a8 	.word	0x200090a8

200007ac <ToneToggleRunning>:

void ToneToggleRunning(Tone* self, int unused) {
200007ac:	b480      	push	{r7}
200007ae:	b083      	sub	sp, #12
200007b0:	af00      	add	r7, sp, #0
200007b2:	6078      	str	r0, [r7, #4]
200007b4:	6039      	str	r1, [r7, #0]
  self->running ^= 1;
200007b6:	687b      	ldr	r3, [r7, #4]
200007b8:	68db      	ldr	r3, [r3, #12]
200007ba:	f083 0201 	eor.w	r2, r3, #1
200007be:	687b      	ldr	r3, [r7, #4]
200007c0:	60da      	str	r2, [r3, #12]
}
200007c2:	bf00      	nop
200007c4:	370c      	adds	r7, #12
200007c6:	46bd      	mov	sp, r7
200007c8:	f85d 7b04 	ldr.w	r7, [sp], #4
200007cc:	4770      	bx	lr

200007ce <ToneToggleMute>:

void ToneToggleMute(Tone* self, int unused) {
200007ce:	b580      	push	{r7, lr}
200007d0:	b09c      	sub	sp, #112	@ 0x70
200007d2:	af00      	add	r7, sp, #0
200007d4:	6078      	str	r0, [r7, #4]
200007d6:	6039      	str	r1, [r7, #0]
  self->mute ^= 1;
200007d8:	687b      	ldr	r3, [r7, #4]
200007da:	689b      	ldr	r3, [r3, #8]
200007dc:	f083 0201 	eor.w	r2, r3, #1
200007e0:	687b      	ldr	r3, [r7, #4]
200007e2:	609a      	str	r2, [r3, #8]
  char buf[100];
  if (self->mute) snprintf(buf, 100, "mute\n");
200007e4:	687b      	ldr	r3, [r7, #4]
200007e6:	689b      	ldr	r3, [r3, #8]
200007e8:	2b00      	cmp	r3, #0
200007ea:	d007      	beq.n	200007fc <ToneToggleMute+0x2e>
200007ec:	f107 030c 	add.w	r3, r7, #12
200007f0:	4a0b      	ldr	r2, [pc, #44]	@ (20000820 <ToneToggleMute+0x52>)
200007f2:	2164      	movs	r1, #100	@ 0x64
200007f4:	4618      	mov	r0, r3
200007f6:	f006 ff65 	bl	200076c4 <sniprintf>
200007fa:	e006      	b.n	2000080a <ToneToggleMute+0x3c>
  else snprintf(buf, 100, "unmute\n");
200007fc:	f107 030c 	add.w	r3, r7, #12
20000800:	4a08      	ldr	r2, [pc, #32]	@ (20000824 <ToneToggleMute+0x56>)
20000802:	2164      	movs	r1, #100	@ 0x64
20000804:	4618      	mov	r0, r3
20000806:	f006 ff5d 	bl	200076c4 <sniprintf>
  SCI_WRITE(&sci0, buf);
2000080a:	f107 030c 	add.w	r3, r7, #12
2000080e:	461a      	mov	r2, r3
20000810:	4905      	ldr	r1, [pc, #20]	@ (20000828 <ToneToggleMute+0x5a>)
20000812:	4806      	ldr	r0, [pc, #24]	@ (2000082c <ToneToggleMute+0x5e>)
20000814:	f000 fd28 	bl	20001268 <sync>
20000818:	bf00      	nop
2000081a:	3770      	adds	r7, #112	@ 0x70
2000081c:	46bd      	mov	sp, r7
2000081e:	bd80      	pop	{r7, pc}
20000820:	2000833c 	.word	0x2000833c
20000824:	20008344 	.word	0x20008344
20000828:	20001ce3 	.word	0x20001ce3
2000082c:	200090a8 	.word	0x200090a8

20000830 <NVIC_EnableIRQ>:
20000830:	b480      	push	{r7}
20000832:	b083      	sub	sp, #12
20000834:	af00      	add	r7, sp, #0
20000836:	4603      	mov	r3, r0
20000838:	71fb      	strb	r3, [r7, #7]
2000083a:	79fb      	ldrb	r3, [r7, #7]
2000083c:	f003 031f 	and.w	r3, r3, #31
20000840:	2201      	movs	r2, #1
20000842:	fa02 f103 	lsl.w	r1, r2, r3
20000846:	4a06      	ldr	r2, [pc, #24]	@ (20000860 <NVIC_EnableIRQ+0x30>)
20000848:	f997 3007 	ldrsb.w	r3, [r7, #7]
2000084c:	095b      	lsrs	r3, r3, #5
2000084e:	f842 1023 	str.w	r1, [r2, r3, lsl #2]
20000852:	bf00      	nop
20000854:	370c      	adds	r7, #12
20000856:	46bd      	mov	sp, r7
20000858:	f85d 7b04 	ldr.w	r7, [sp], #4
2000085c:	4770      	bx	lr
2000085e:	bf00      	nop
20000860:	e000e100 	.word	0xe000e100

20000864 <NVIC_SetPriority>:
20000864:	b480      	push	{r7}
20000866:	b083      	sub	sp, #12
20000868:	af00      	add	r7, sp, #0
2000086a:	4603      	mov	r3, r0
2000086c:	6039      	str	r1, [r7, #0]
2000086e:	71fb      	strb	r3, [r7, #7]
20000870:	f997 3007 	ldrsb.w	r3, [r7, #7]
20000874:	2b00      	cmp	r3, #0
20000876:	da0b      	bge.n	20000890 <NVIC_SetPriority+0x2c>
20000878:	683b      	ldr	r3, [r7, #0]
2000087a:	b2da      	uxtb	r2, r3
2000087c:	490c      	ldr	r1, [pc, #48]	@ (200008b0 <NVIC_SetPriority+0x4c>)
2000087e:	79fb      	ldrb	r3, [r7, #7]
20000880:	f003 030f 	and.w	r3, r3, #15
20000884:	3b04      	subs	r3, #4
20000886:	0112      	lsls	r2, r2, #4
20000888:	b2d2      	uxtb	r2, r2
2000088a:	440b      	add	r3, r1
2000088c:	761a      	strb	r2, [r3, #24]
2000088e:	e009      	b.n	200008a4 <NVIC_SetPriority+0x40>
20000890:	683b      	ldr	r3, [r7, #0]
20000892:	b2da      	uxtb	r2, r3
20000894:	4907      	ldr	r1, [pc, #28]	@ (200008b4 <NVIC_SetPriority+0x50>)
20000896:	f997 3007 	ldrsb.w	r3, [r7, #7]
2000089a:	0112      	lsls	r2, r2, #4
2000089c:	b2d2      	uxtb	r2, r2
2000089e:	440b      	add	r3, r1
200008a0:	f883 2300 	strb.w	r2, [r3, #768]	@ 0x300
200008a4:	bf00      	nop
200008a6:	370c      	adds	r7, #12
200008a8:	46bd      	mov	sp, r7
200008aa:	f85d 7b04 	ldr.w	r7, [sp], #4
200008ae:	4770      	bx	lr
200008b0:	e000ed00 	.word	0xe000ed00
200008b4:	e000e100 	.word	0xe000e100

200008b8 <DUMP>:
200008b8:	b580      	push	{r7, lr}
200008ba:	b082      	sub	sp, #8
200008bc:	af00      	add	r7, sp, #0
200008be:	6078      	str	r0, [r7, #4]
200008c0:	e00e      	b.n	200008e0 <DUMP+0x28>
200008c2:	687b      	ldr	r3, [r7, #4]
200008c4:	781b      	ldrb	r3, [r3, #0]
200008c6:	2b0d      	cmp	r3, #13
200008c8:	d007      	beq.n	200008da <DUMP+0x22>
200008ca:	687b      	ldr	r3, [r7, #4]
200008cc:	1c5a      	adds	r2, r3, #1
200008ce:	607a      	str	r2, [r7, #4]
200008d0:	781b      	ldrb	r3, [r3, #0]
200008d2:	4618      	mov	r0, r3
200008d4:	f000 f95e 	bl	20000b94 <DUMPC>
200008d8:	e002      	b.n	200008e0 <DUMP+0x28>
200008da:	687b      	ldr	r3, [r7, #4]
200008dc:	3301      	adds	r3, #1
200008de:	607b      	str	r3, [r7, #4]
200008e0:	687b      	ldr	r3, [r7, #4]
200008e2:	781b      	ldrb	r3, [r3, #0]
200008e4:	2b00      	cmp	r3, #0
200008e6:	d1ec      	bne.n	200008c2 <DUMP+0xa>
200008e8:	bf00      	nop
200008ea:	bf00      	nop
200008ec:	3708      	adds	r7, #8
200008ee:	46bd      	mov	sp, r7
200008f0:	bd80      	pop	{r7, pc}

200008f2 <DUMPH>:
200008f2:	b580      	push	{r7, lr}
200008f4:	b086      	sub	sp, #24
200008f6:	af00      	add	r7, sp, #0
200008f8:	6078      	str	r0, [r7, #4]
200008fa:	2300      	movs	r3, #0
200008fc:	617b      	str	r3, [r7, #20]
200008fe:	687b      	ldr	r3, [r7, #4]
20000900:	f003 020f 	and.w	r2, r3, #15
20000904:	697b      	ldr	r3, [r7, #20]
20000906:	1c59      	adds	r1, r3, #1
20000908:	6179      	str	r1, [r7, #20]
2000090a:	4910      	ldr	r1, [pc, #64]	@ (2000094c <DUMPH+0x5a>)
2000090c:	5c8a      	ldrb	r2, [r1, r2]
2000090e:	3318      	adds	r3, #24
20000910:	443b      	add	r3, r7
20000912:	f803 2c0c 	strb.w	r2, [r3, #-12]
20000916:	687b      	ldr	r3, [r7, #4]
20000918:	091b      	lsrs	r3, r3, #4
2000091a:	607b      	str	r3, [r7, #4]
2000091c:	687b      	ldr	r3, [r7, #4]
2000091e:	2b00      	cmp	r3, #0
20000920:	d1ed      	bne.n	200008fe <DUMPH+0xc>
20000922:	e00a      	b.n	2000093a <DUMPH+0x48>
20000924:	697b      	ldr	r3, [r7, #20]
20000926:	3b01      	subs	r3, #1
20000928:	617b      	str	r3, [r7, #20]
2000092a:	f107 020c 	add.w	r2, r7, #12
2000092e:	697b      	ldr	r3, [r7, #20]
20000930:	4413      	add	r3, r2
20000932:	781b      	ldrb	r3, [r3, #0]
20000934:	4618      	mov	r0, r3
20000936:	f000 f92d 	bl	20000b94 <DUMPC>
2000093a:	697b      	ldr	r3, [r7, #20]
2000093c:	2b00      	cmp	r3, #0
2000093e:	d1f1      	bne.n	20000924 <DUMPH+0x32>
20000940:	bf00      	nop
20000942:	bf00      	nop
20000944:	3718      	adds	r7, #24
20000946:	46bd      	mov	sp, r7
20000948:	bd80      	pop	{r7, pc}
2000094a:	bf00      	nop
2000094c:	200094c8 	.word	0x200094c8

20000950 <DUMPD>:
20000950:	b580      	push	{r7, lr}
20000952:	b09e      	sub	sp, #120	@ 0x78
20000954:	af00      	add	r7, sp, #0
20000956:	6078      	str	r0, [r7, #4]
20000958:	687b      	ldr	r3, [r7, #4]
2000095a:	2b00      	cmp	r3, #0
2000095c:	da02      	bge.n	20000964 <DUMPD+0x14>
2000095e:	f04f 33ff 	mov.w	r3, #4294967295
20000962:	e000      	b.n	20000966 <DUMPD+0x16>
20000964:	2301      	movs	r3, #1
20000966:	673b      	str	r3, [r7, #112]	@ 0x70
20000968:	687b      	ldr	r3, [r7, #4]
2000096a:	6f3a      	ldr	r2, [r7, #112]	@ 0x70
2000096c:	fb02 f303 	mul.w	r3, r2, r3
20000970:	607b      	str	r3, [r7, #4]
20000972:	2300      	movs	r3, #0
20000974:	677b      	str	r3, [r7, #116]	@ 0x74
20000976:	6879      	ldr	r1, [r7, #4]
20000978:	4b1c      	ldr	r3, [pc, #112]	@ (200009ec <DUMPD+0x9c>)
2000097a:	fb83 2301 	smull	r2, r3, r3, r1
2000097e:	109a      	asrs	r2, r3, #2
20000980:	17cb      	asrs	r3, r1, #31
20000982:	1ad2      	subs	r2, r2, r3
20000984:	4613      	mov	r3, r2
20000986:	009b      	lsls	r3, r3, #2
20000988:	4413      	add	r3, r2
2000098a:	005b      	lsls	r3, r3, #1
2000098c:	1aca      	subs	r2, r1, r3
2000098e:	6f7b      	ldr	r3, [r7, #116]	@ 0x74
20000990:	1c59      	adds	r1, r3, #1
20000992:	6779      	str	r1, [r7, #116]	@ 0x74
20000994:	4916      	ldr	r1, [pc, #88]	@ (200009f0 <DUMPD+0xa0>)
20000996:	5c8a      	ldrb	r2, [r1, r2]
20000998:	3378      	adds	r3, #120	@ 0x78
2000099a:	443b      	add	r3, r7
2000099c:	f803 2c6c 	strb.w	r2, [r3, #-108]
200009a0:	687b      	ldr	r3, [r7, #4]
200009a2:	4a12      	ldr	r2, [pc, #72]	@ (200009ec <DUMPD+0x9c>)
200009a4:	fb82 1203 	smull	r1, r2, r2, r3
200009a8:	1092      	asrs	r2, r2, #2
200009aa:	17db      	asrs	r3, r3, #31
200009ac:	1ad3      	subs	r3, r2, r3
200009ae:	607b      	str	r3, [r7, #4]
200009b0:	687b      	ldr	r3, [r7, #4]
200009b2:	2b00      	cmp	r3, #0
200009b4:	d1df      	bne.n	20000976 <DUMPD+0x26>
200009b6:	6f3b      	ldr	r3, [r7, #112]	@ 0x70
200009b8:	2b00      	cmp	r3, #0
200009ba:	da0e      	bge.n	200009da <DUMPD+0x8a>
200009bc:	202d      	movs	r0, #45	@ 0x2d
200009be:	f000 f8e9 	bl	20000b94 <DUMPC>
200009c2:	e00a      	b.n	200009da <DUMPD+0x8a>
200009c4:	6f7b      	ldr	r3, [r7, #116]	@ 0x74
200009c6:	3b01      	subs	r3, #1
200009c8:	677b      	str	r3, [r7, #116]	@ 0x74
200009ca:	f107 020c 	add.w	r2, r7, #12
200009ce:	6f7b      	ldr	r3, [r7, #116]	@ 0x74
200009d0:	4413      	add	r3, r2
200009d2:	781b      	ldrb	r3, [r3, #0]
200009d4:	4618      	mov	r0, r3
200009d6:	f000 f8dd 	bl	20000b94 <DUMPC>
200009da:	6f7b      	ldr	r3, [r7, #116]	@ 0x74
200009dc:	2b00      	cmp	r3, #0
200009de:	d1f1      	bne.n	200009c4 <DUMPD+0x74>
200009e0:	bf00      	nop
200009e2:	bf00      	nop
200009e4:	3778      	adds	r7, #120	@ 0x78
200009e6:	46bd      	mov	sp, r7
200009e8:	bd80      	pop	{r7, pc}
200009ea:	bf00      	nop
200009ec:	66666667 	.word	0x66666667
200009f0:	200094c8 	.word	0x200094c8

200009f4 <sei>:
200009f4:	b480      	push	{r7}
200009f6:	b083      	sub	sp, #12
200009f8:	af00      	add	r7, sp, #0
200009fa:	2310      	movs	r3, #16
200009fc:	607b      	str	r3, [r7, #4]
200009fe:	687b      	ldr	r3, [r7, #4]
20000a00:	f383 8811 	msr	BASEPRI, r3
20000a04:	bf00      	nop
20000a06:	bf00      	nop
20000a08:	370c      	adds	r7, #12
20000a0a:	46bd      	mov	sp, r7
20000a0c:	f85d 7b04 	ldr.w	r7, [sp], #4
20000a10:	4770      	bx	lr

20000a12 <cli>:
20000a12:	b480      	push	{r7}
20000a14:	b083      	sub	sp, #12
20000a16:	af00      	add	r7, sp, #0
20000a18:	2330      	movs	r3, #48	@ 0x30
20000a1a:	607b      	str	r3, [r7, #4]
20000a1c:	687b      	ldr	r3, [r7, #4]
20000a1e:	f383 8811 	msr	BASEPRI, r3
20000a22:	bf00      	nop
20000a24:	bf00      	nop
20000a26:	370c      	adds	r7, #12
20000a28:	46bd      	mov	sp, r7
20000a2a:	f85d 7b04 	ldr.w	r7, [sp], #4
20000a2e:	4770      	bx	lr

20000a30 <_sbrk>:
20000a30:	b580      	push	{r7, lr}
20000a32:	b084      	sub	sp, #16
20000a34:	af00      	add	r7, sp, #0
20000a36:	6078      	str	r0, [r7, #4]
20000a38:	480b      	ldr	r0, [pc, #44]	@ (20000a68 <_sbrk+0x38>)
20000a3a:	f7ff ff3d 	bl	200008b8 <DUMP>
20000a3e:	4b0b      	ldr	r3, [pc, #44]	@ (20000a6c <_sbrk+0x3c>)
20000a40:	681b      	ldr	r3, [r3, #0]
20000a42:	2b00      	cmp	r3, #0
20000a44:	d102      	bne.n	20000a4c <_sbrk+0x1c>
20000a46:	4b09      	ldr	r3, [pc, #36]	@ (20000a6c <_sbrk+0x3c>)
20000a48:	4a09      	ldr	r2, [pc, #36]	@ (20000a70 <_sbrk+0x40>)
20000a4a:	601a      	str	r2, [r3, #0]
20000a4c:	4b07      	ldr	r3, [pc, #28]	@ (20000a6c <_sbrk+0x3c>)
20000a4e:	681b      	ldr	r3, [r3, #0]
20000a50:	60fb      	str	r3, [r7, #12]
20000a52:	4b06      	ldr	r3, [pc, #24]	@ (20000a6c <_sbrk+0x3c>)
20000a54:	681a      	ldr	r2, [r3, #0]
20000a56:	687b      	ldr	r3, [r7, #4]
20000a58:	4413      	add	r3, r2
20000a5a:	4a04      	ldr	r2, [pc, #16]	@ (20000a6c <_sbrk+0x3c>)
20000a5c:	6013      	str	r3, [r2, #0]
20000a5e:	68fb      	ldr	r3, [r7, #12]
20000a60:	4618      	mov	r0, r3
20000a62:	3710      	adds	r7, #16
20000a64:	46bd      	mov	sp, r7
20000a66:	bd80      	pop	{r7, pc}
20000a68:	2000834c 	.word	0x2000834c
20000a6c:	2000a070 	.word	0x2000a070
20000a70:	200123f4 	.word	0x200123f4

20000a74 <SETSTACK>:
20000a74:	b480      	push	{r7}
20000a76:	b085      	sub	sp, #20
20000a78:	af00      	add	r7, sp, #0
20000a7a:	6078      	str	r0, [r7, #4]
20000a7c:	6039      	str	r1, [r7, #0]
20000a7e:	683b      	ldr	r3, [r7, #0]
20000a80:	f503 53f9 	add.w	r3, r3, #7968	@ 0x1f20
20000a84:	3310      	adds	r3, #16
20000a86:	687a      	ldr	r2, [r7, #4]
20000a88:	6013      	str	r3, [r2, #0]
20000a8a:	687b      	ldr	r3, [r7, #4]
20000a8c:	681b      	ldr	r3, [r3, #0]
20000a8e:	60bb      	str	r3, [r7, #8]
20000a90:	2300      	movs	r3, #0
20000a92:	60fb      	str	r3, [r7, #12]
20000a94:	e009      	b.n	20000aaa <SETSTACK+0x36>
20000a96:	68fb      	ldr	r3, [r7, #12]
20000a98:	009a      	lsls	r2, r3, #2
20000a9a:	68bb      	ldr	r3, [r7, #8]
20000a9c:	4413      	add	r3, r2
20000a9e:	461a      	mov	r2, r3
20000aa0:	2300      	movs	r3, #0
20000aa2:	6013      	str	r3, [r2, #0]
20000aa4:	68fb      	ldr	r3, [r7, #12]
20000aa6:	3301      	adds	r3, #1
20000aa8:	60fb      	str	r3, [r7, #12]
20000aaa:	68fb      	ldr	r3, [r7, #12]
20000aac:	2b33      	cmp	r3, #51	@ 0x33
20000aae:	ddf2      	ble.n	20000a96 <SETSTACK+0x22>
20000ab0:	68bb      	ldr	r3, [r7, #8]
20000ab2:	f06f 0216 	mvn.w	r2, #22
20000ab6:	601a      	str	r2, [r3, #0]
20000ab8:	68bb      	ldr	r3, [r7, #8]
20000aba:	3304      	adds	r3, #4
20000abc:	461a      	mov	r2, r3
20000abe:	2303      	movs	r3, #3
20000ac0:	6013      	str	r3, [r2, #0]
20000ac2:	68bb      	ldr	r3, [r7, #8]
20000ac4:	3384      	adds	r3, #132	@ 0x84
20000ac6:	461a      	mov	r2, r3
20000ac8:	f04f 7380 	mov.w	r3, #16777216	@ 0x1000000
20000acc:	6013      	str	r3, [r2, #0]
20000ace:	bf00      	nop
20000ad0:	3714      	adds	r7, #20
20000ad2:	46bd      	mov	sp, r7
20000ad4:	f85d 7b04 	ldr.w	r7, [sp], #4
20000ad8:	4770      	bx	lr

20000ada <SETPC>:
20000ada:	b480      	push	{r7}
20000adc:	b085      	sub	sp, #20
20000ade:	af00      	add	r7, sp, #0
20000ae0:	6078      	str	r0, [r7, #4]
20000ae2:	6039      	str	r1, [r7, #0]
20000ae4:	687b      	ldr	r3, [r7, #4]
20000ae6:	681b      	ldr	r3, [r3, #0]
20000ae8:	3380      	adds	r3, #128	@ 0x80
20000aea:	60fb      	str	r3, [r7, #12]
20000aec:	68fb      	ldr	r3, [r7, #12]
20000aee:	683a      	ldr	r2, [r7, #0]
20000af0:	601a      	str	r2, [r3, #0]
20000af2:	bf00      	nop
20000af4:	3714      	adds	r7, #20
20000af6:	46bd      	mov	sp, r7
20000af8:	f85d 7b04 	ldr.w	r7, [sp], #4
20000afc:	4770      	bx	lr

20000afe <TIMER_INIT>:
20000afe:	b580      	push	{r7, lr}
20000b00:	b084      	sub	sp, #16
20000b02:	af00      	add	r7, sp, #0
20000b04:	481c      	ldr	r0, [pc, #112]	@ (20000b78 <TIMER_INIT+0x7a>)
20000b06:	f004 f9f9 	bl	20004efc <TIM_DeInit>
20000b0a:	1d3b      	adds	r3, r7, #4
20000b0c:	4618      	mov	r0, r3
20000b0e:	f004 fb41 	bl	20005194 <TIM_TimeBaseStructInit>
20000b12:	f240 3347 	movw	r3, #839	@ 0x347
20000b16:	80bb      	strh	r3, [r7, #4]
20000b18:	1d3b      	adds	r3, r7, #4
20000b1a:	4619      	mov	r1, r3
20000b1c:	4816      	ldr	r0, [pc, #88]	@ (20000b78 <TIMER_INIT+0x7a>)
20000b1e:	f004 facd 	bl	200050bc <TIM_TimeBaseInit>
20000b22:	4b16      	ldr	r3, [pc, #88]	@ (20000b7c <TIMER_INIT+0x7e>)
20000b24:	4a16      	ldr	r2, [pc, #88]	@ (20000b80 <TIMER_INIT+0x82>)
20000b26:	601a      	str	r2, [r3, #0]
20000b28:	2102      	movs	r1, #2
20000b2a:	f06f 0001 	mvn.w	r0, #1
20000b2e:	f7ff fe99 	bl	20000864 <NVIC_SetPriority>
20000b32:	4b14      	ldr	r3, [pc, #80]	@ (20000b84 <TIMER_INIT+0x86>)
20000b34:	4a14      	ldr	r2, [pc, #80]	@ (20000b88 <TIMER_INIT+0x8a>)
20000b36:	601a      	str	r2, [r3, #0]
20000b38:	2100      	movs	r1, #0
20000b3a:	f06f 0004 	mvn.w	r0, #4
20000b3e:	f7ff fe91 	bl	20000864 <NVIC_SetPriority>
20000b42:	4b12      	ldr	r3, [pc, #72]	@ (20000b8c <TIMER_INIT+0x8e>)
20000b44:	4a12      	ldr	r2, [pc, #72]	@ (20000b90 <TIMER_INIT+0x92>)
20000b46:	601a      	str	r2, [r3, #0]
20000b48:	2102      	movs	r1, #2
20000b4a:	2032      	movs	r0, #50	@ 0x32
20000b4c:	f7ff fe8a 	bl	20000864 <NVIC_SetPriority>
20000b50:	2032      	movs	r0, #50	@ 0x32
20000b52:	f7ff fe6d 	bl	20000830 <NVIC_EnableIRQ>
20000b56:	2100      	movs	r1, #0
20000b58:	4807      	ldr	r0, [pc, #28]	@ (20000b78 <TIMER_INIT+0x7a>)
20000b5a:	f004 fb65 	bl	20005228 <TIM_SetCounter>
20000b5e:	2101      	movs	r1, #1
20000b60:	4805      	ldr	r0, [pc, #20]	@ (20000b78 <TIMER_INIT+0x7a>)
20000b62:	f004 fc2e 	bl	200053c2 <TIM_Cmd>
20000b66:	2201      	movs	r2, #1
20000b68:	2102      	movs	r1, #2
20000b6a:	4803      	ldr	r0, [pc, #12]	@ (20000b78 <TIMER_INIT+0x7a>)
20000b6c:	f005 fbfd 	bl	2000636a <TIM_ITConfig>
20000b70:	bf00      	nop
20000b72:	3710      	adds	r7, #16
20000b74:	46bd      	mov	sp, r7
20000b76:	bd80      	pop	{r7, pc}
20000b78:	40000c00 	.word	0x40000c00
20000b7c:	2001c038 	.word	0x2001c038
20000b80:	20001ffd 	.word	0x20001ffd
20000b84:	2001c02c 	.word	0x2001c02c
20000b88:	20001ff9 	.word	0x20001ff9
20000b8c:	2001c108 	.word	0x2001c108
20000b90:	20000f1b 	.word	0x20000f1b

20000b94 <DUMPC>:
20000b94:	b580      	push	{r7, lr}
20000b96:	b082      	sub	sp, #8
20000b98:	af00      	add	r7, sp, #0
20000b9a:	4603      	mov	r3, r0
20000b9c:	71fb      	strb	r3, [r7, #7]
20000b9e:	79fb      	ldrb	r3, [r7, #7]
20000ba0:	b29b      	uxth	r3, r3
20000ba2:	4619      	mov	r1, r3
20000ba4:	4807      	ldr	r0, [pc, #28]	@ (20000bc4 <DUMPC+0x30>)
20000ba6:	f006 f9da 	bl	20006f5e <USART_SendData>
20000baa:	bf00      	nop
20000bac:	2180      	movs	r1, #128	@ 0x80
20000bae:	4805      	ldr	r0, [pc, #20]	@ (20000bc4 <DUMPC+0x30>)
20000bb0:	f006 fbc4 	bl	2000733c <USART_GetFlagStatus>
20000bb4:	4603      	mov	r3, r0
20000bb6:	2b00      	cmp	r3, #0
20000bb8:	d0f8      	beq.n	20000bac <DUMPC+0x18>
20000bba:	bf00      	nop
20000bbc:	bf00      	nop
20000bbe:	3708      	adds	r7, #8
20000bc0:	46bd      	mov	sp, r7
20000bc2:	bd80      	pop	{r7, pc}
20000bc4:	40011000 	.word	0x40011000

20000bc8 <vect_USART1>:
20000bc8:	b580      	push	{r7, lr}
20000bca:	af00      	add	r7, sp, #0
20000bcc:	4812      	ldr	r0, [pc, #72]	@ (20000c18 <vect_USART1+0x50>)
20000bce:	f004 fb47 	bl	20005260 <TIM_GetCounter>
20000bd2:	4603      	mov	r3, r0
20000bd4:	461a      	mov	r2, r3
20000bd6:	4b11      	ldr	r3, [pc, #68]	@ (20000c1c <vect_USART1+0x54>)
20000bd8:	601a      	str	r2, [r3, #0]
20000bda:	4b11      	ldr	r3, [pc, #68]	@ (20000c20 <vect_USART1+0x58>)
20000bdc:	2201      	movs	r2, #1
20000bde:	601a      	str	r2, [r3, #0]
20000be0:	4b10      	ldr	r3, [pc, #64]	@ (20000c24 <vect_USART1+0x5c>)
20000be2:	2200      	movs	r2, #0
20000be4:	601a      	str	r2, [r3, #0]
20000be6:	4b10      	ldr	r3, [pc, #64]	@ (20000c28 <vect_USART1+0x60>)
20000be8:	681b      	ldr	r3, [r3, #0]
20000bea:	2b00      	cmp	r3, #0
20000bec:	d006      	beq.n	20000bfc <vect_USART1+0x34>
20000bee:	4b0e      	ldr	r3, [pc, #56]	@ (20000c28 <vect_USART1+0x60>)
20000bf0:	681b      	ldr	r3, [r3, #0]
20000bf2:	4a0e      	ldr	r2, [pc, #56]	@ (20000c2c <vect_USART1+0x64>)
20000bf4:	6812      	ldr	r2, [r2, #0]
20000bf6:	2100      	movs	r1, #0
20000bf8:	4610      	mov	r0, r2
20000bfa:	4798      	blx	r3
20000bfc:	4b08      	ldr	r3, [pc, #32]	@ (20000c20 <vect_USART1+0x58>)
20000bfe:	2200      	movs	r2, #0
20000c00:	601a      	str	r2, [r3, #0]
20000c02:	4b08      	ldr	r3, [pc, #32]	@ (20000c24 <vect_USART1+0x5c>)
20000c04:	681b      	ldr	r3, [r3, #0]
20000c06:	2b00      	cmp	r3, #0
20000c08:	d001      	beq.n	20000c0e <vect_USART1+0x46>
20000c0a:	f000 fa5d 	bl	200010c8 <schedule>
20000c0e:	4b05      	ldr	r3, [pc, #20]	@ (20000c24 <vect_USART1+0x5c>)
20000c10:	2200      	movs	r2, #0
20000c12:	601a      	str	r2, [r3, #0]
20000c14:	bd80      	pop	{r7, pc}
20000c16:	bf00      	nop
20000c18:	40000c00 	.word	0x40000c00
20000c1c:	200123bc 	.word	0x200123bc
20000c20:	200123b4 	.word	0x200123b4
20000c24:	200123b8 	.word	0x200123b8
20000c28:	200123c8 	.word	0x200123c8
20000c2c:	200123d4 	.word	0x200123d4

20000c30 <vect_CAN1>:
20000c30:	b580      	push	{r7, lr}
20000c32:	af00      	add	r7, sp, #0
20000c34:	4812      	ldr	r0, [pc, #72]	@ (20000c80 <vect_CAN1+0x50>)
20000c36:	f004 fb13 	bl	20005260 <TIM_GetCounter>
20000c3a:	4603      	mov	r3, r0
20000c3c:	461a      	mov	r2, r3
20000c3e:	4b11      	ldr	r3, [pc, #68]	@ (20000c84 <vect_CAN1+0x54>)
20000c40:	601a      	str	r2, [r3, #0]
20000c42:	4b11      	ldr	r3, [pc, #68]	@ (20000c88 <vect_CAN1+0x58>)
20000c44:	2201      	movs	r2, #1
20000c46:	601a      	str	r2, [r3, #0]
20000c48:	4b10      	ldr	r3, [pc, #64]	@ (20000c8c <vect_CAN1+0x5c>)
20000c4a:	2200      	movs	r2, #0
20000c4c:	601a      	str	r2, [r3, #0]
20000c4e:	4b10      	ldr	r3, [pc, #64]	@ (20000c90 <vect_CAN1+0x60>)
20000c50:	685b      	ldr	r3, [r3, #4]
20000c52:	2b00      	cmp	r3, #0
20000c54:	d006      	beq.n	20000c64 <vect_CAN1+0x34>
20000c56:	4b0e      	ldr	r3, [pc, #56]	@ (20000c90 <vect_CAN1+0x60>)
20000c58:	685b      	ldr	r3, [r3, #4]
20000c5a:	4a0e      	ldr	r2, [pc, #56]	@ (20000c94 <vect_CAN1+0x64>)
20000c5c:	6852      	ldr	r2, [r2, #4]
20000c5e:	2101      	movs	r1, #1
20000c60:	4610      	mov	r0, r2
20000c62:	4798      	blx	r3
20000c64:	4b08      	ldr	r3, [pc, #32]	@ (20000c88 <vect_CAN1+0x58>)
20000c66:	2200      	movs	r2, #0
20000c68:	601a      	str	r2, [r3, #0]
20000c6a:	4b08      	ldr	r3, [pc, #32]	@ (20000c8c <vect_CAN1+0x5c>)
20000c6c:	681b      	ldr	r3, [r3, #0]
20000c6e:	2b00      	cmp	r3, #0
20000c70:	d001      	beq.n	20000c76 <vect_CAN1+0x46>
20000c72:	f000 fa29 	bl	200010c8 <schedule>
20000c76:	4b05      	ldr	r3, [pc, #20]	@ (20000c8c <vect_CAN1+0x5c>)
20000c78:	2200      	movs	r2, #0
20000c7a:	601a      	str	r2, [r3, #0]
20000c7c:	bd80      	pop	{r7, pc}
20000c7e:	bf00      	nop
20000c80:	40000c00 	.word	0x40000c00
20000c84:	200123bc 	.word	0x200123bc
20000c88:	200123b4 	.word	0x200123b4
20000c8c:	200123b8 	.word	0x200123b8
20000c90:	200123c8 	.word	0x200123c8
20000c94:	200123d4 	.word	0x200123d4

20000c98 <vect_EXTI9_5>:
20000c98:	b580      	push	{r7, lr}
20000c9a:	af00      	add	r7, sp, #0
20000c9c:	4812      	ldr	r0, [pc, #72]	@ (20000ce8 <vect_EXTI9_5+0x50>)
20000c9e:	f004 fadf 	bl	20005260 <TIM_GetCounter>
20000ca2:	4603      	mov	r3, r0
20000ca4:	461a      	mov	r2, r3
20000ca6:	4b11      	ldr	r3, [pc, #68]	@ (20000cec <vect_EXTI9_5+0x54>)
20000ca8:	601a      	str	r2, [r3, #0]
20000caa:	4b11      	ldr	r3, [pc, #68]	@ (20000cf0 <vect_EXTI9_5+0x58>)
20000cac:	2201      	movs	r2, #1
20000cae:	601a      	str	r2, [r3, #0]
20000cb0:	4b10      	ldr	r3, [pc, #64]	@ (20000cf4 <vect_EXTI9_5+0x5c>)
20000cb2:	2200      	movs	r2, #0
20000cb4:	601a      	str	r2, [r3, #0]
20000cb6:	4b10      	ldr	r3, [pc, #64]	@ (20000cf8 <vect_EXTI9_5+0x60>)
20000cb8:	689b      	ldr	r3, [r3, #8]
20000cba:	2b00      	cmp	r3, #0
20000cbc:	d006      	beq.n	20000ccc <vect_EXTI9_5+0x34>
20000cbe:	4b0e      	ldr	r3, [pc, #56]	@ (20000cf8 <vect_EXTI9_5+0x60>)
20000cc0:	689b      	ldr	r3, [r3, #8]
20000cc2:	4a0e      	ldr	r2, [pc, #56]	@ (20000cfc <vect_EXTI9_5+0x64>)
20000cc4:	6892      	ldr	r2, [r2, #8]
20000cc6:	2102      	movs	r1, #2
20000cc8:	4610      	mov	r0, r2
20000cca:	4798      	blx	r3
20000ccc:	4b08      	ldr	r3, [pc, #32]	@ (20000cf0 <vect_EXTI9_5+0x58>)
20000cce:	2200      	movs	r2, #0
20000cd0:	601a      	str	r2, [r3, #0]
20000cd2:	4b08      	ldr	r3, [pc, #32]	@ (20000cf4 <vect_EXTI9_5+0x5c>)
20000cd4:	681b      	ldr	r3, [r3, #0]
20000cd6:	2b00      	cmp	r3, #0
20000cd8:	d001      	beq.n	20000cde <vect_EXTI9_5+0x46>
20000cda:	f000 f9f5 	bl	200010c8 <schedule>
20000cde:	4b05      	ldr	r3, [pc, #20]	@ (20000cf4 <vect_EXTI9_5+0x5c>)
20000ce0:	2200      	movs	r2, #0
20000ce2:	601a      	str	r2, [r3, #0]
20000ce4:	bd80      	pop	{r7, pc}
20000ce6:	bf00      	nop
20000ce8:	40000c00 	.word	0x40000c00
20000cec:	200123bc 	.word	0x200123bc
20000cf0:	200123b4 	.word	0x200123b4
20000cf4:	200123b8 	.word	0x200123b8
20000cf8:	200123c8 	.word	0x200123c8
20000cfc:	200123d4 	.word	0x200123d4

20000d00 <enqueueByDeadline>:
20000d00:	b480      	push	{r7}
20000d02:	b085      	sub	sp, #20
20000d04:	af00      	add	r7, sp, #0
20000d06:	6078      	str	r0, [r7, #4]
20000d08:	6039      	str	r1, [r7, #0]
20000d0a:	2300      	movs	r3, #0
20000d0c:	60fb      	str	r3, [r7, #12]
20000d0e:	683b      	ldr	r3, [r7, #0]
20000d10:	681b      	ldr	r3, [r3, #0]
20000d12:	60bb      	str	r3, [r7, #8]
20000d14:	e004      	b.n	20000d20 <enqueueByDeadline+0x20>
20000d16:	68bb      	ldr	r3, [r7, #8]
20000d18:	60fb      	str	r3, [r7, #12]
20000d1a:	68bb      	ldr	r3, [r7, #8]
20000d1c:	681b      	ldr	r3, [r3, #0]
20000d1e:	60bb      	str	r3, [r7, #8]
20000d20:	68bb      	ldr	r3, [r7, #8]
20000d22:	2b00      	cmp	r3, #0
20000d24:	d005      	beq.n	20000d32 <enqueueByDeadline+0x32>
20000d26:	68bb      	ldr	r3, [r7, #8]
20000d28:	689a      	ldr	r2, [r3, #8]
20000d2a:	687b      	ldr	r3, [r7, #4]
20000d2c:	689b      	ldr	r3, [r3, #8]
20000d2e:	429a      	cmp	r2, r3
20000d30:	ddf1      	ble.n	20000d16 <enqueueByDeadline+0x16>
20000d32:	687b      	ldr	r3, [r7, #4]
20000d34:	68ba      	ldr	r2, [r7, #8]
20000d36:	601a      	str	r2, [r3, #0]
20000d38:	68fb      	ldr	r3, [r7, #12]
20000d3a:	2b00      	cmp	r3, #0
20000d3c:	d103      	bne.n	20000d46 <enqueueByDeadline+0x46>
20000d3e:	683b      	ldr	r3, [r7, #0]
20000d40:	687a      	ldr	r2, [r7, #4]
20000d42:	601a      	str	r2, [r3, #0]
20000d44:	e002      	b.n	20000d4c <enqueueByDeadline+0x4c>
20000d46:	68fb      	ldr	r3, [r7, #12]
20000d48:	687a      	ldr	r2, [r7, #4]
20000d4a:	601a      	str	r2, [r3, #0]
20000d4c:	bf00      	nop
20000d4e:	3714      	adds	r7, #20
20000d50:	46bd      	mov	sp, r7
20000d52:	f85d 7b04 	ldr.w	r7, [sp], #4
20000d56:	4770      	bx	lr

20000d58 <enqueueByBaseline>:
20000d58:	b480      	push	{r7}
20000d5a:	b085      	sub	sp, #20
20000d5c:	af00      	add	r7, sp, #0
20000d5e:	6078      	str	r0, [r7, #4]
20000d60:	6039      	str	r1, [r7, #0]
20000d62:	2300      	movs	r3, #0
20000d64:	60fb      	str	r3, [r7, #12]
20000d66:	683b      	ldr	r3, [r7, #0]
20000d68:	681b      	ldr	r3, [r3, #0]
20000d6a:	60bb      	str	r3, [r7, #8]
20000d6c:	e004      	b.n	20000d78 <enqueueByBaseline+0x20>
20000d6e:	68bb      	ldr	r3, [r7, #8]
20000d70:	60fb      	str	r3, [r7, #12]
20000d72:	68bb      	ldr	r3, [r7, #8]
20000d74:	681b      	ldr	r3, [r3, #0]
20000d76:	60bb      	str	r3, [r7, #8]
20000d78:	68bb      	ldr	r3, [r7, #8]
20000d7a:	2b00      	cmp	r3, #0
20000d7c:	d005      	beq.n	20000d8a <enqueueByBaseline+0x32>
20000d7e:	68bb      	ldr	r3, [r7, #8]
20000d80:	685a      	ldr	r2, [r3, #4]
20000d82:	687b      	ldr	r3, [r7, #4]
20000d84:	685b      	ldr	r3, [r3, #4]
20000d86:	429a      	cmp	r2, r3
20000d88:	ddf1      	ble.n	20000d6e <enqueueByBaseline+0x16>
20000d8a:	687b      	ldr	r3, [r7, #4]
20000d8c:	68ba      	ldr	r2, [r7, #8]
20000d8e:	601a      	str	r2, [r3, #0]
20000d90:	68fb      	ldr	r3, [r7, #12]
20000d92:	2b00      	cmp	r3, #0
20000d94:	d103      	bne.n	20000d9e <enqueueByBaseline+0x46>
20000d96:	683b      	ldr	r3, [r7, #0]
20000d98:	687a      	ldr	r2, [r7, #4]
20000d9a:	601a      	str	r2, [r3, #0]
20000d9c:	e002      	b.n	20000da4 <enqueueByBaseline+0x4c>
20000d9e:	68fb      	ldr	r3, [r7, #12]
20000da0:	687a      	ldr	r2, [r7, #4]
20000da2:	601a      	str	r2, [r3, #0]
20000da4:	bf00      	nop
20000da6:	3714      	adds	r7, #20
20000da8:	46bd      	mov	sp, r7
20000daa:	f85d 7b04 	ldr.w	r7, [sp], #4
20000dae:	4770      	bx	lr

20000db0 <dequeue>:
20000db0:	b580      	push	{r7, lr}
20000db2:	b084      	sub	sp, #16
20000db4:	af00      	add	r7, sp, #0
20000db6:	6078      	str	r0, [r7, #4]
20000db8:	687b      	ldr	r3, [r7, #4]
20000dba:	681b      	ldr	r3, [r3, #0]
20000dbc:	60fb      	str	r3, [r7, #12]
20000dbe:	68fb      	ldr	r3, [r7, #12]
20000dc0:	2b00      	cmp	r3, #0
20000dc2:	d004      	beq.n	20000dce <dequeue+0x1e>
20000dc4:	68fb      	ldr	r3, [r7, #12]
20000dc6:	681a      	ldr	r2, [r3, #0]
20000dc8:	687b      	ldr	r3, [r7, #4]
20000dca:	601a      	str	r2, [r3, #0]
20000dcc:	e00c      	b.n	20000de8 <dequeue+0x38>
20000dce:	4809      	ldr	r0, [pc, #36]	@ (20000df4 <dequeue+0x44>)
20000dd0:	f7ff fd72 	bl	200008b8 <DUMP>
20000dd4:	2200      	movs	r2, #0
20000dd6:	2102      	movs	r1, #2
20000dd8:	4807      	ldr	r0, [pc, #28]	@ (20000df8 <dequeue+0x48>)
20000dda:	f003 f90a 	bl	20003ff2 <GPIO_WriteBit>
20000dde:	4807      	ldr	r0, [pc, #28]	@ (20000dfc <dequeue+0x4c>)
20000de0:	f7ff fd6a 	bl	200008b8 <DUMP>
20000de4:	bf30      	wfi
20000de6:	e7fd      	b.n	20000de4 <dequeue+0x34>
20000de8:	68fb      	ldr	r3, [r7, #12]
20000dea:	4618      	mov	r0, r3
20000dec:	3710      	adds	r7, #16
20000dee:	46bd      	mov	sp, r7
20000df0:	bd80      	pop	{r7, pc}
20000df2:	bf00      	nop
20000df4:	20008364 	.word	0x20008364
20000df8:	40020400 	.word	0x40020400
20000dfc:	20008370 	.word	0x20008370

20000e00 <dequeue_pool>:
20000e00:	b580      	push	{r7, lr}
20000e02:	b084      	sub	sp, #16
20000e04:	af00      	add	r7, sp, #0
20000e06:	6078      	str	r0, [r7, #4]
20000e08:	687b      	ldr	r3, [r7, #4]
20000e0a:	681b      	ldr	r3, [r3, #0]
20000e0c:	60fb      	str	r3, [r7, #12]
20000e0e:	68fb      	ldr	r3, [r7, #12]
20000e10:	2b00      	cmp	r3, #0
20000e12:	d004      	beq.n	20000e1e <dequeue_pool+0x1e>
20000e14:	68fb      	ldr	r3, [r7, #12]
20000e16:	681a      	ldr	r2, [r3, #0]
20000e18:	687b      	ldr	r3, [r7, #4]
20000e1a:	601a      	str	r2, [r3, #0]
20000e1c:	e00c      	b.n	20000e38 <dequeue_pool+0x38>
20000e1e:	4809      	ldr	r0, [pc, #36]	@ (20000e44 <dequeue_pool+0x44>)
20000e20:	f7ff fd4a 	bl	200008b8 <DUMP>
20000e24:	2200      	movs	r2, #0
20000e26:	2102      	movs	r1, #2
20000e28:	4807      	ldr	r0, [pc, #28]	@ (20000e48 <dequeue_pool+0x48>)
20000e2a:	f003 f8e2 	bl	20003ff2 <GPIO_WriteBit>
20000e2e:	4807      	ldr	r0, [pc, #28]	@ (20000e4c <dequeue_pool+0x4c>)
20000e30:	f7ff fd42 	bl	200008b8 <DUMP>
20000e34:	bf30      	wfi
20000e36:	e7fd      	b.n	20000e34 <dequeue_pool+0x34>
20000e38:	68fb      	ldr	r3, [r7, #12]
20000e3a:	4618      	mov	r0, r3
20000e3c:	3710      	adds	r7, #16
20000e3e:	46bd      	mov	sp, r7
20000e40:	bd80      	pop	{r7, pc}
20000e42:	bf00      	nop
20000e44:	20008364 	.word	0x20008364
20000e48:	40020400 	.word	0x40020400
20000e4c:	2000837c 	.word	0x2000837c

20000e50 <insert>:
20000e50:	b480      	push	{r7}
20000e52:	b083      	sub	sp, #12
20000e54:	af00      	add	r7, sp, #0
20000e56:	6078      	str	r0, [r7, #4]
20000e58:	6039      	str	r1, [r7, #0]
20000e5a:	683b      	ldr	r3, [r7, #0]
20000e5c:	681a      	ldr	r2, [r3, #0]
20000e5e:	687b      	ldr	r3, [r7, #4]
20000e60:	601a      	str	r2, [r3, #0]
20000e62:	683b      	ldr	r3, [r7, #0]
20000e64:	687a      	ldr	r2, [r7, #4]
20000e66:	601a      	str	r2, [r3, #0]
20000e68:	bf00      	nop
20000e6a:	370c      	adds	r7, #12
20000e6c:	46bd      	mov	sp, r7
20000e6e:	f85d 7b04 	ldr.w	r7, [sp], #4
20000e72:	4770      	bx	lr

20000e74 <push>:
20000e74:	b480      	push	{r7}
20000e76:	b083      	sub	sp, #12
20000e78:	af00      	add	r7, sp, #0
20000e7a:	6078      	str	r0, [r7, #4]
20000e7c:	6039      	str	r1, [r7, #0]
20000e7e:	683b      	ldr	r3, [r7, #0]
20000e80:	681a      	ldr	r2, [r3, #0]
20000e82:	687b      	ldr	r3, [r7, #4]
20000e84:	609a      	str	r2, [r3, #8]
20000e86:	683b      	ldr	r3, [r7, #0]
20000e88:	687a      	ldr	r2, [r7, #4]
20000e8a:	601a      	str	r2, [r3, #0]
20000e8c:	bf00      	nop
20000e8e:	370c      	adds	r7, #12
20000e90:	46bd      	mov	sp, r7
20000e92:	f85d 7b04 	ldr.w	r7, [sp], #4
20000e96:	4770      	bx	lr

20000e98 <pop>:
20000e98:	b480      	push	{r7}
20000e9a:	b085      	sub	sp, #20
20000e9c:	af00      	add	r7, sp, #0
20000e9e:	6078      	str	r0, [r7, #4]
20000ea0:	687b      	ldr	r3, [r7, #4]
20000ea2:	681b      	ldr	r3, [r3, #0]
20000ea4:	60fb      	str	r3, [r7, #12]
20000ea6:	68fb      	ldr	r3, [r7, #12]
20000ea8:	689a      	ldr	r2, [r3, #8]
20000eaa:	687b      	ldr	r3, [r7, #4]
20000eac:	601a      	str	r2, [r3, #0]
20000eae:	68fb      	ldr	r3, [r7, #12]
20000eb0:	4618      	mov	r0, r3
20000eb2:	3714      	adds	r7, #20
20000eb4:	46bd      	mov	sp, r7
20000eb6:	f85d 7b04 	ldr.w	r7, [sp], #4
20000eba:	4770      	bx	lr

20000ebc <remove>:
20000ebc:	b480      	push	{r7}
20000ebe:	b085      	sub	sp, #20
20000ec0:	af00      	add	r7, sp, #0
20000ec2:	6078      	str	r0, [r7, #4]
20000ec4:	6039      	str	r1, [r7, #0]
20000ec6:	2300      	movs	r3, #0
20000ec8:	60fb      	str	r3, [r7, #12]
20000eca:	683b      	ldr	r3, [r7, #0]
20000ecc:	681b      	ldr	r3, [r3, #0]
20000ece:	60bb      	str	r3, [r7, #8]
20000ed0:	e004      	b.n	20000edc <remove+0x20>
20000ed2:	68bb      	ldr	r3, [r7, #8]
20000ed4:	60fb      	str	r3, [r7, #12]
20000ed6:	68bb      	ldr	r3, [r7, #8]
20000ed8:	681b      	ldr	r3, [r3, #0]
20000eda:	60bb      	str	r3, [r7, #8]
20000edc:	68bb      	ldr	r3, [r7, #8]
20000ede:	2b00      	cmp	r3, #0
20000ee0:	d003      	beq.n	20000eea <remove+0x2e>
20000ee2:	68ba      	ldr	r2, [r7, #8]
20000ee4:	687b      	ldr	r3, [r7, #4]
20000ee6:	429a      	cmp	r2, r3
20000ee8:	d1f3      	bne.n	20000ed2 <remove+0x16>
20000eea:	68bb      	ldr	r3, [r7, #8]
20000eec:	2b00      	cmp	r3, #0
20000eee:	d00d      	beq.n	20000f0c <remove+0x50>
20000ef0:	68fb      	ldr	r3, [r7, #12]
20000ef2:	2b00      	cmp	r3, #0
20000ef4:	d004      	beq.n	20000f00 <remove+0x44>
20000ef6:	68bb      	ldr	r3, [r7, #8]
20000ef8:	681a      	ldr	r2, [r3, #0]
20000efa:	68fb      	ldr	r3, [r7, #12]
20000efc:	601a      	str	r2, [r3, #0]
20000efe:	e003      	b.n	20000f08 <remove+0x4c>
20000f00:	68bb      	ldr	r3, [r7, #8]
20000f02:	681a      	ldr	r2, [r3, #0]
20000f04:	683b      	ldr	r3, [r7, #0]
20000f06:	601a      	str	r2, [r3, #0]
20000f08:	2301      	movs	r3, #1
20000f0a:	e000      	b.n	20000f0e <remove+0x52>
20000f0c:	2300      	movs	r3, #0
20000f0e:	4618      	mov	r0, r3
20000f10:	3714      	adds	r7, #20
20000f12:	46bd      	mov	sp, r7
20000f14:	f85d 7b04 	ldr.w	r7, [sp], #4
20000f18:	4770      	bx	lr

20000f1a <vect_TIM5>:
20000f1a:	b580      	push	{r7, lr}
20000f1c:	b082      	sub	sp, #8
20000f1e:	af00      	add	r7, sp, #0
20000f20:	2102      	movs	r1, #2
20000f22:	481e      	ldr	r0, [pc, #120]	@ (20000f9c <vect_TIM5+0x82>)
20000f24:	f005 faab 	bl	2000647e <TIM_ClearITPendingBit>
20000f28:	481c      	ldr	r0, [pc, #112]	@ (20000f9c <vect_TIM5+0x82>)
20000f2a:	f004 f999 	bl	20005260 <TIM_GetCounter>
20000f2e:	4603      	mov	r3, r0
20000f30:	607b      	str	r3, [r7, #4]
20000f32:	e007      	b.n	20000f44 <vect_TIM5+0x2a>
20000f34:	481a      	ldr	r0, [pc, #104]	@ (20000fa0 <vect_TIM5+0x86>)
20000f36:	f7ff ff3b 	bl	20000db0 <dequeue>
20000f3a:	4603      	mov	r3, r0
20000f3c:	4919      	ldr	r1, [pc, #100]	@ (20000fa4 <vect_TIM5+0x8a>)
20000f3e:	4618      	mov	r0, r3
20000f40:	f7ff fede 	bl	20000d00 <enqueueByDeadline>
20000f44:	4b16      	ldr	r3, [pc, #88]	@ (20000fa0 <vect_TIM5+0x86>)
20000f46:	681b      	ldr	r3, [r3, #0]
20000f48:	2b00      	cmp	r3, #0
20000f4a:	d006      	beq.n	20000f5a <vect_TIM5+0x40>
20000f4c:	4b14      	ldr	r3, [pc, #80]	@ (20000fa0 <vect_TIM5+0x86>)
20000f4e:	681b      	ldr	r3, [r3, #0]
20000f50:	685a      	ldr	r2, [r3, #4]
20000f52:	687b      	ldr	r3, [r7, #4]
20000f54:	1ad3      	subs	r3, r2, r3
20000f56:	2b00      	cmp	r3, #0
20000f58:	ddec      	ble.n	20000f34 <vect_TIM5+0x1a>
20000f5a:	4b11      	ldr	r3, [pc, #68]	@ (20000fa0 <vect_TIM5+0x86>)
20000f5c:	681b      	ldr	r3, [r3, #0]
20000f5e:	2b00      	cmp	r3, #0
20000f60:	d016      	beq.n	20000f90 <vect_TIM5+0x76>
20000f62:	480e      	ldr	r0, [pc, #56]	@ (20000f9c <vect_TIM5+0x82>)
20000f64:	f004 f97c 	bl	20005260 <TIM_GetCounter>
20000f68:	4603      	mov	r3, r0
20000f6a:	603b      	str	r3, [r7, #0]
20000f6c:	4b0c      	ldr	r3, [pc, #48]	@ (20000fa0 <vect_TIM5+0x86>)
20000f6e:	681b      	ldr	r3, [r3, #0]
20000f70:	685b      	ldr	r3, [r3, #4]
20000f72:	683a      	ldr	r2, [r7, #0]
20000f74:	429a      	cmp	r2, r3
20000f76:	dd04      	ble.n	20000f82 <vect_TIM5+0x68>
20000f78:	2200      	movs	r2, #0
20000f7a:	2102      	movs	r1, #2
20000f7c:	480a      	ldr	r0, [pc, #40]	@ (20000fa8 <vect_TIM5+0x8e>)
20000f7e:	f003 f838 	bl	20003ff2 <GPIO_WriteBit>
20000f82:	4b07      	ldr	r3, [pc, #28]	@ (20000fa0 <vect_TIM5+0x86>)
20000f84:	681b      	ldr	r3, [r3, #0]
20000f86:	685b      	ldr	r3, [r3, #4]
20000f88:	4619      	mov	r1, r3
20000f8a:	4804      	ldr	r0, [pc, #16]	@ (20000f9c <vect_TIM5+0x82>)
20000f8c:	f004 fca7 	bl	200058de <TIM_SetCompare1>
20000f90:	f000 f89a 	bl	200010c8 <schedule>
20000f94:	bf00      	nop
20000f96:	3708      	adds	r7, #8
20000f98:	46bd      	mov	sp, r7
20000f9a:	bd80      	pop	{r7, pc}
20000f9c:	40000c00 	.word	0x40000c00
20000fa0:	200123b0 	.word	0x200123b0
20000fa4:	200123ac 	.word	0x200123ac
20000fa8:	40020400 	.word	0x40020400

20000fac <__svc_dispatch>:
20000fac:	4603      	mov	r3, r0
20000fae:	4a02      	ldr	r2, [pc, #8]	@ (20000fb8 <__svc_dispatch+0xc>)
20000fb0:	6013      	str	r3, [r2, #0]
20000fb2:	df10      	svc	16
20000fb4:	46f7      	mov	pc, lr
20000fb6:	bf00      	nop
20000fb8:	200123c4 	.word	0x200123c4

20000fbc <__pendSV_dispatch>:
20000fbc:	4603      	mov	r3, r0
20000fbe:	4a05      	ldr	r2, [pc, #20]	@ (20000fd4 <__pendSV_dispatch+0x18>)
20000fc0:	6013      	str	r3, [r2, #0]
20000fc2:	4b05      	ldr	r3, [pc, #20]	@ (20000fd8 <__pendSV_dispatch+0x1c>)
20000fc4:	685b      	ldr	r3, [r3, #4]
20000fc6:	4a04      	ldr	r2, [pc, #16]	@ (20000fd8 <__pendSV_dispatch+0x1c>)
20000fc8:	f043 5380 	orr.w	r3, r3, #268435456	@ 0x10000000
20000fcc:	6053      	str	r3, [r2, #4]
20000fce:	46f7      	mov	pc, lr
20000fd0:	bf00      	nop
20000fd2:	bf00      	nop
20000fd4:	200123c4 	.word	0x200123c4
20000fd8:	e000ed00 	.word	0xe000ed00

20000fdc <dispatch>:
20000fdc:	b580      	push	{r7, lr}
20000fde:	b082      	sub	sp, #8
20000fe0:	af00      	add	r7, sp, #0
20000fe2:	6078      	str	r0, [r7, #4]
20000fe4:	4b09      	ldr	r3, [pc, #36]	@ (2000100c <dispatch+0x30>)
20000fe6:	685b      	ldr	r3, [r3, #4]
20000fe8:	f3c3 0308 	ubfx	r3, r3, #0, #9
20000fec:	2b00      	cmp	r3, #0
20000fee:	d103      	bne.n	20000ff8 <dispatch+0x1c>
20000ff0:	6878      	ldr	r0, [r7, #4]
20000ff2:	f7ff ffdb 	bl	20000fac <__svc_dispatch>
20000ff6:	e002      	b.n	20000ffe <dispatch+0x22>
20000ff8:	6878      	ldr	r0, [r7, #4]
20000ffa:	f7ff ffdf 	bl	20000fbc <__pendSV_dispatch>
20000ffe:	f7ff fd08 	bl	20000a12 <cli>
20001002:	bf00      	nop
20001004:	3708      	adds	r7, #8
20001006:	46bd      	mov	sp, r7
20001008:	bd80      	pop	{r7, pc}
2000100a:	bf00      	nop
2000100c:	e000ed00 	.word	0xe000ed00

20001010 <run>:
20001010:	b590      	push	{r4, r7, lr}
20001012:	b085      	sub	sp, #20
20001014:	af00      	add	r7, sp, #0
20001016:	4b23      	ldr	r3, [pc, #140]	@ (200010a4 <run+0x94>)
20001018:	681c      	ldr	r4, [r3, #0]
2000101a:	4823      	ldr	r0, [pc, #140]	@ (200010a8 <run+0x98>)
2000101c:	f7ff fec8 	bl	20000db0 <dequeue>
20001020:	4603      	mov	r3, r0
20001022:	60e3      	str	r3, [r4, #12]
20001024:	68e3      	ldr	r3, [r4, #12]
20001026:	60bb      	str	r3, [r7, #8]
20001028:	f7ff fcf3 	bl	20000a12 <cli>
2000102c:	68bb      	ldr	r3, [r7, #8]
2000102e:	68d8      	ldr	r0, [r3, #12]
20001030:	68bb      	ldr	r3, [r7, #8]
20001032:	6919      	ldr	r1, [r3, #16]
20001034:	68bb      	ldr	r3, [r7, #8]
20001036:	695b      	ldr	r3, [r3, #20]
20001038:	461a      	mov	r2, r3
2000103a:	f000 f915 	bl	20001268 <sync>
2000103e:	f7ff fcd9 	bl	200009f4 <sei>
20001042:	491a      	ldr	r1, [pc, #104]	@ (200010ac <run+0x9c>)
20001044:	68b8      	ldr	r0, [r7, #8]
20001046:	f7ff ff03 	bl	20000e50 <insert>
2000104a:	4b19      	ldr	r3, [pc, #100]	@ (200010b0 <run+0xa0>)
2000104c:	681b      	ldr	r3, [r3, #0]
2000104e:	689b      	ldr	r3, [r3, #8]
20001050:	68db      	ldr	r3, [r3, #12]
20001052:	607b      	str	r3, [r7, #4]
20001054:	4b14      	ldr	r3, [pc, #80]	@ (200010a8 <run+0x98>)
20001056:	681b      	ldr	r3, [r3, #0]
20001058:	2b00      	cmp	r3, #0
2000105a:	d00a      	beq.n	20001072 <run+0x62>
2000105c:	687b      	ldr	r3, [r7, #4]
2000105e:	2b00      	cmp	r3, #0
20001060:	d0d9      	beq.n	20001016 <run+0x6>
20001062:	4b11      	ldr	r3, [pc, #68]	@ (200010a8 <run+0x98>)
20001064:	681b      	ldr	r3, [r3, #0]
20001066:	689a      	ldr	r2, [r3, #8]
20001068:	687b      	ldr	r3, [r7, #4]
2000106a:	689b      	ldr	r3, [r3, #8]
2000106c:	1ad3      	subs	r3, r2, r3
2000106e:	2b00      	cmp	r3, #0
20001070:	ddd1      	ble.n	20001016 <run+0x6>
20001072:	480f      	ldr	r0, [pc, #60]	@ (200010b0 <run+0xa0>)
20001074:	f7ff ff10 	bl	20000e98 <pop>
20001078:	4603      	mov	r3, r0
2000107a:	490e      	ldr	r1, [pc, #56]	@ (200010b4 <run+0xa4>)
2000107c:	4618      	mov	r0, r3
2000107e:	f7ff fef9 	bl	20000e74 <push>
20001082:	4b0b      	ldr	r3, [pc, #44]	@ (200010b0 <run+0xa0>)
20001084:	681b      	ldr	r3, [r3, #0]
20001086:	60fb      	str	r3, [r7, #12]
20001088:	e003      	b.n	20001092 <run+0x82>
2000108a:	68fb      	ldr	r3, [r7, #12]
2000108c:	691b      	ldr	r3, [r3, #16]
2000108e:	681b      	ldr	r3, [r3, #0]
20001090:	60fb      	str	r3, [r7, #12]
20001092:	68fb      	ldr	r3, [r7, #12]
20001094:	691b      	ldr	r3, [r3, #16]
20001096:	2b00      	cmp	r3, #0
20001098:	d1f7      	bne.n	2000108a <run+0x7a>
2000109a:	68f8      	ldr	r0, [r7, #12]
2000109c:	f7ff ff9e 	bl	20000fdc <dispatch>
200010a0:	e7b9      	b.n	20001016 <run+0x6>
200010a2:	bf00      	nop
200010a4:	200094e8 	.word	0x200094e8
200010a8:	200123ac 	.word	0x200123ac
200010ac:	200094dc 	.word	0x200094dc
200010b0:	200094e4 	.word	0x200094e4
200010b4:	200094e0 	.word	0x200094e0

200010b8 <idle>:
200010b8:	b580      	push	{r7, lr}
200010ba:	af00      	add	r7, sp, #0
200010bc:	f000 f804 	bl	200010c8 <schedule>
200010c0:	f7ff fca7 	bl	20000a12 <cli>
200010c4:	bf30      	wfi
200010c6:	e7fb      	b.n	200010c0 <idle+0x8>

200010c8 <schedule>:
200010c8:	b580      	push	{r7, lr}
200010ca:	b082      	sub	sp, #8
200010cc:	af00      	add	r7, sp, #0
200010ce:	4b14      	ldr	r3, [pc, #80]	@ (20001120 <schedule+0x58>)
200010d0:	681b      	ldr	r3, [r3, #0]
200010d2:	68db      	ldr	r3, [r3, #12]
200010d4:	607b      	str	r3, [r7, #4]
200010d6:	4b13      	ldr	r3, [pc, #76]	@ (20001124 <schedule+0x5c>)
200010d8:	681b      	ldr	r3, [r3, #0]
200010da:	2b00      	cmp	r3, #0
200010dc:	d01b      	beq.n	20001116 <schedule+0x4e>
200010de:	4b12      	ldr	r3, [pc, #72]	@ (20001128 <schedule+0x60>)
200010e0:	681b      	ldr	r3, [r3, #0]
200010e2:	2b00      	cmp	r3, #0
200010e4:	d017      	beq.n	20001116 <schedule+0x4e>
200010e6:	687b      	ldr	r3, [r7, #4]
200010e8:	2b00      	cmp	r3, #0
200010ea:	d007      	beq.n	200010fc <schedule+0x34>
200010ec:	4b0d      	ldr	r3, [pc, #52]	@ (20001124 <schedule+0x5c>)
200010ee:	681b      	ldr	r3, [r3, #0]
200010f0:	689a      	ldr	r2, [r3, #8]
200010f2:	687b      	ldr	r3, [r7, #4]
200010f4:	689b      	ldr	r3, [r3, #8]
200010f6:	1ad3      	subs	r3, r2, r3
200010f8:	2b00      	cmp	r3, #0
200010fa:	da0c      	bge.n	20001116 <schedule+0x4e>
200010fc:	480a      	ldr	r0, [pc, #40]	@ (20001128 <schedule+0x60>)
200010fe:	f7ff fecb 	bl	20000e98 <pop>
20001102:	4603      	mov	r3, r0
20001104:	4906      	ldr	r1, [pc, #24]	@ (20001120 <schedule+0x58>)
20001106:	4618      	mov	r0, r3
20001108:	f7ff feb4 	bl	20000e74 <push>
2000110c:	4b04      	ldr	r3, [pc, #16]	@ (20001120 <schedule+0x58>)
2000110e:	681b      	ldr	r3, [r3, #0]
20001110:	4618      	mov	r0, r3
20001112:	f7ff ff63 	bl	20000fdc <dispatch>
20001116:	bf00      	nop
20001118:	3708      	adds	r7, #8
2000111a:	46bd      	mov	sp, r7
2000111c:	bd80      	pop	{r7, pc}
2000111e:	bf00      	nop
20001120:	200094e4 	.word	0x200094e4
20001124:	200123ac 	.word	0x200123ac
20001128:	200094e0 	.word	0x200094e0

2000112c <async>:
2000112c:	b580      	push	{r7, lr}
2000112e:	b088      	sub	sp, #32
20001130:	af00      	add	r7, sp, #0
20001132:	60f8      	str	r0, [r7, #12]
20001134:	60b9      	str	r1, [r7, #8]
20001136:	607a      	str	r2, [r7, #4]
20001138:	603b      	str	r3, [r7, #0]
2000113a:	f3ef 8312 	mrs	r3, BASEPRI_MAX
2000113e:	613b      	str	r3, [r7, #16]
20001140:	693b      	ldr	r3, [r7, #16]
20001142:	091b      	lsrs	r3, r3, #4
20001144:	2b01      	cmp	r3, #1
20001146:	bf14      	ite	ne
20001148:	2301      	movne	r3, #1
2000114a:	2300      	moveq	r3, #0
2000114c:	b2db      	uxtb	r3, r3
2000114e:	77fb      	strb	r3, [r7, #31]
20001150:	f7ff fc50 	bl	200009f4 <sei>
20001154:	483a      	ldr	r0, [pc, #232]	@ (20001240 <async+0x114>)
20001156:	f7ff fe53 	bl	20000e00 <dequeue_pool>
2000115a:	61b8      	str	r0, [r7, #24]
2000115c:	69bb      	ldr	r3, [r7, #24]
2000115e:	687a      	ldr	r2, [r7, #4]
20001160:	60da      	str	r2, [r3, #12]
20001162:	69bb      	ldr	r3, [r7, #24]
20001164:	683a      	ldr	r2, [r7, #0]
20001166:	611a      	str	r2, [r3, #16]
20001168:	69bb      	ldr	r3, [r7, #24]
2000116a:	6aba      	ldr	r2, [r7, #40]	@ 0x28
2000116c:	615a      	str	r2, [r3, #20]
2000116e:	4b35      	ldr	r3, [pc, #212]	@ (20001244 <async+0x118>)
20001170:	681b      	ldr	r3, [r3, #0]
20001172:	2b00      	cmp	r3, #0
20001174:	d104      	bne.n	20001180 <async+0x54>
20001176:	4b34      	ldr	r3, [pc, #208]	@ (20001248 <async+0x11c>)
20001178:	681b      	ldr	r3, [r3, #0]
2000117a:	68db      	ldr	r3, [r3, #12]
2000117c:	685b      	ldr	r3, [r3, #4]
2000117e:	e001      	b.n	20001184 <async+0x58>
20001180:	4b32      	ldr	r3, [pc, #200]	@ (2000124c <async+0x120>)
20001182:	681b      	ldr	r3, [r3, #0]
20001184:	68fa      	ldr	r2, [r7, #12]
20001186:	441a      	add	r2, r3
20001188:	69bb      	ldr	r3, [r7, #24]
2000118a:	605a      	str	r2, [r3, #4]
2000118c:	69bb      	ldr	r3, [r7, #24]
2000118e:	685a      	ldr	r2, [r3, #4]
20001190:	68bb      	ldr	r3, [r7, #8]
20001192:	2b00      	cmp	r3, #0
20001194:	dd01      	ble.n	2000119a <async+0x6e>
20001196:	68bb      	ldr	r3, [r7, #8]
20001198:	e001      	b.n	2000119e <async+0x72>
2000119a:	f06f 4300 	mvn.w	r3, #2147483648	@ 0x80000000
2000119e:	441a      	add	r2, r3
200011a0:	69bb      	ldr	r3, [r7, #24]
200011a2:	609a      	str	r2, [r3, #8]
200011a4:	482a      	ldr	r0, [pc, #168]	@ (20001250 <async+0x124>)
200011a6:	f004 f85b 	bl	20005260 <TIM_GetCounter>
200011aa:	4603      	mov	r3, r0
200011ac:	617b      	str	r3, [r7, #20]
200011ae:	69bb      	ldr	r3, [r7, #24]
200011b0:	685a      	ldr	r2, [r3, #4]
200011b2:	697b      	ldr	r3, [r7, #20]
200011b4:	1ad3      	subs	r3, r2, r3
200011b6:	2b00      	cmp	r3, #0
200011b8:	dd16      	ble.n	200011e8 <async+0xbc>
200011ba:	4926      	ldr	r1, [pc, #152]	@ (20001254 <async+0x128>)
200011bc:	69b8      	ldr	r0, [r7, #24]
200011be:	f7ff fdcb 	bl	20000d58 <enqueueByBaseline>
200011c2:	4b24      	ldr	r3, [pc, #144]	@ (20001254 <async+0x128>)
200011c4:	681b      	ldr	r3, [r3, #0]
200011c6:	685b      	ldr	r3, [r3, #4]
200011c8:	697a      	ldr	r2, [r7, #20]
200011ca:	429a      	cmp	r2, r3
200011cc:	dd04      	ble.n	200011d8 <async+0xac>
200011ce:	2200      	movs	r2, #0
200011d0:	2102      	movs	r1, #2
200011d2:	4821      	ldr	r0, [pc, #132]	@ (20001258 <async+0x12c>)
200011d4:	f002 ff0d 	bl	20003ff2 <GPIO_WriteBit>
200011d8:	4b1e      	ldr	r3, [pc, #120]	@ (20001254 <async+0x128>)
200011da:	681b      	ldr	r3, [r3, #0]
200011dc:	685b      	ldr	r3, [r3, #4]
200011de:	4619      	mov	r1, r3
200011e0:	481b      	ldr	r0, [pc, #108]	@ (20001250 <async+0x124>)
200011e2:	f004 fb7c 	bl	200058de <TIM_SetCompare1>
200011e6:	e021      	b.n	2000122c <async+0x100>
200011e8:	491c      	ldr	r1, [pc, #112]	@ (2000125c <async+0x130>)
200011ea:	69b8      	ldr	r0, [r7, #24]
200011ec:	f7ff fd88 	bl	20000d00 <enqueueByDeadline>
200011f0:	7ffb      	ldrb	r3, [r7, #31]
200011f2:	2b00      	cmp	r3, #0
200011f4:	d01a      	beq.n	2000122c <async+0x100>
200011f6:	4b1a      	ldr	r3, [pc, #104]	@ (20001260 <async+0x134>)
200011f8:	681b      	ldr	r3, [r3, #0]
200011fa:	2b00      	cmp	r3, #0
200011fc:	d016      	beq.n	2000122c <async+0x100>
200011fe:	4b17      	ldr	r3, [pc, #92]	@ (2000125c <async+0x130>)
20001200:	681b      	ldr	r3, [r3, #0]
20001202:	689a      	ldr	r2, [r3, #8]
20001204:	4b17      	ldr	r3, [pc, #92]	@ (20001264 <async+0x138>)
20001206:	681b      	ldr	r3, [r3, #0]
20001208:	68db      	ldr	r3, [r3, #12]
2000120a:	689b      	ldr	r3, [r3, #8]
2000120c:	1ad3      	subs	r3, r2, r3
2000120e:	2b00      	cmp	r3, #0
20001210:	da0c      	bge.n	2000122c <async+0x100>
20001212:	4813      	ldr	r0, [pc, #76]	@ (20001260 <async+0x134>)
20001214:	f7ff fe40 	bl	20000e98 <pop>
20001218:	4603      	mov	r3, r0
2000121a:	4912      	ldr	r1, [pc, #72]	@ (20001264 <async+0x138>)
2000121c:	4618      	mov	r0, r3
2000121e:	f7ff fe29 	bl	20000e74 <push>
20001222:	4b10      	ldr	r3, [pc, #64]	@ (20001264 <async+0x138>)
20001224:	681b      	ldr	r3, [r3, #0]
20001226:	4618      	mov	r0, r3
20001228:	f7ff fed8 	bl	20000fdc <dispatch>
2000122c:	7ffb      	ldrb	r3, [r7, #31]
2000122e:	2b00      	cmp	r3, #0
20001230:	d001      	beq.n	20001236 <async+0x10a>
20001232:	f7ff fbee 	bl	20000a12 <cli>
20001236:	69bb      	ldr	r3, [r7, #24]
20001238:	4618      	mov	r0, r3
2000123a:	3720      	adds	r7, #32
2000123c:	46bd      	mov	sp, r7
2000123e:	bd80      	pop	{r7, pc}
20001240:	200094dc 	.word	0x200094dc
20001244:	200123b4 	.word	0x200123b4
20001248:	200094e8 	.word	0x200094e8
2000124c:	200123bc 	.word	0x200123bc
20001250:	40000c00 	.word	0x40000c00
20001254:	200123b0 	.word	0x200123b0
20001258:	40020400 	.word	0x40020400
2000125c:	200123ac 	.word	0x200123ac
20001260:	200094e0 	.word	0x200094e0
20001264:	200094e4 	.word	0x200094e4

20001268 <sync>:
20001268:	b580      	push	{r7, lr}
2000126a:	b088      	sub	sp, #32
2000126c:	af00      	add	r7, sp, #0
2000126e:	60f8      	str	r0, [r7, #12]
20001270:	60b9      	str	r1, [r7, #8]
20001272:	607a      	str	r2, [r7, #4]
20001274:	f3ef 8312 	mrs	r3, BASEPRI_MAX
20001278:	613b      	str	r3, [r7, #16]
2000127a:	693b      	ldr	r3, [r7, #16]
2000127c:	091b      	lsrs	r3, r3, #4
2000127e:	2b01      	cmp	r3, #1
20001280:	bf14      	ite	ne
20001282:	2301      	movne	r3, #1
20001284:	2300      	moveq	r3, #0
20001286:	b2db      	uxtb	r3, r3
20001288:	76fb      	strb	r3, [r7, #27]
2000128a:	f7ff fbb3 	bl	200009f4 <sei>
2000128e:	68fb      	ldr	r3, [r7, #12]
20001290:	681b      	ldr	r3, [r3, #0]
20001292:	61fb      	str	r3, [r7, #28]
20001294:	69fb      	ldr	r3, [r7, #28]
20001296:	2b00      	cmp	r3, #0
20001298:	d037      	beq.n	2000130a <sync+0xa2>
2000129a:	e003      	b.n	200012a4 <sync+0x3c>
2000129c:	69fb      	ldr	r3, [r7, #28]
2000129e:	691b      	ldr	r3, [r3, #16]
200012a0:	681b      	ldr	r3, [r3, #0]
200012a2:	61fb      	str	r3, [r7, #28]
200012a4:	69fb      	ldr	r3, [r7, #28]
200012a6:	691b      	ldr	r3, [r3, #16]
200012a8:	2b00      	cmp	r3, #0
200012aa:	d1f7      	bne.n	2000129c <sync+0x34>
200012ac:	4b30      	ldr	r3, [pc, #192]	@ (20001370 <sync+0x108>)
200012ae:	681b      	ldr	r3, [r3, #0]
200012b0:	69fa      	ldr	r2, [r7, #28]
200012b2:	429a      	cmp	r2, r3
200012b4:	d002      	beq.n	200012bc <sync+0x54>
200012b6:	7efb      	ldrb	r3, [r7, #27]
200012b8:	2b00      	cmp	r3, #0
200012ba:	d107      	bne.n	200012cc <sync+0x64>
200012bc:	7efb      	ldrb	r3, [r7, #27]
200012be:	2b00      	cmp	r3, #0
200012c0:	d001      	beq.n	200012c6 <sync+0x5e>
200012c2:	f7ff fba6 	bl	20000a12 <cli>
200012c6:	f04f 33ff 	mov.w	r3, #4294967295
200012ca:	e04d      	b.n	20001368 <sync+0x100>
200012cc:	68fb      	ldr	r3, [r7, #12]
200012ce:	685b      	ldr	r3, [r3, #4]
200012d0:	2b00      	cmp	r3, #0
200012d2:	d003      	beq.n	200012dc <sync+0x74>
200012d4:	68fb      	ldr	r3, [r7, #12]
200012d6:	685b      	ldr	r3, [r3, #4]
200012d8:	2200      	movs	r2, #0
200012da:	611a      	str	r2, [r3, #16]
200012dc:	4b24      	ldr	r3, [pc, #144]	@ (20001370 <sync+0x108>)
200012de:	681a      	ldr	r2, [r3, #0]
200012e0:	68fb      	ldr	r3, [r7, #12]
200012e2:	605a      	str	r2, [r3, #4]
200012e4:	4b22      	ldr	r3, [pc, #136]	@ (20001370 <sync+0x108>)
200012e6:	681b      	ldr	r3, [r3, #0]
200012e8:	68fa      	ldr	r2, [r7, #12]
200012ea:	611a      	str	r2, [r3, #16]
200012ec:	69f8      	ldr	r0, [r7, #28]
200012ee:	f7ff fe75 	bl	20000fdc <dispatch>
200012f2:	4b1f      	ldr	r3, [pc, #124]	@ (20001370 <sync+0x108>)
200012f4:	681b      	ldr	r3, [r3, #0]
200012f6:	68db      	ldr	r3, [r3, #12]
200012f8:	2b00      	cmp	r3, #0
200012fa:	d106      	bne.n	2000130a <sync+0xa2>
200012fc:	7efb      	ldrb	r3, [r7, #27]
200012fe:	2b00      	cmp	r3, #0
20001300:	d001      	beq.n	20001306 <sync+0x9e>
20001302:	f7ff fb86 	bl	20000a12 <cli>
20001306:	2300      	movs	r3, #0
20001308:	e02e      	b.n	20001368 <sync+0x100>
2000130a:	4b19      	ldr	r3, [pc, #100]	@ (20001370 <sync+0x108>)
2000130c:	681a      	ldr	r2, [r3, #0]
2000130e:	68fb      	ldr	r3, [r7, #12]
20001310:	601a      	str	r2, [r3, #0]
20001312:	7efb      	ldrb	r3, [r7, #27]
20001314:	2b00      	cmp	r3, #0
20001316:	d005      	beq.n	20001324 <sync+0xbc>
20001318:	68fb      	ldr	r3, [r7, #12]
2000131a:	685b      	ldr	r3, [r3, #4]
2000131c:	2b01      	cmp	r3, #1
2000131e:	d001      	beq.n	20001324 <sync+0xbc>
20001320:	f7ff fb77 	bl	20000a12 <cli>
20001324:	68bb      	ldr	r3, [r7, #8]
20001326:	6879      	ldr	r1, [r7, #4]
20001328:	68f8      	ldr	r0, [r7, #12]
2000132a:	4798      	blx	r3
2000132c:	6178      	str	r0, [r7, #20]
2000132e:	f7ff fb61 	bl	200009f4 <sei>
20001332:	68fb      	ldr	r3, [r7, #12]
20001334:	2200      	movs	r2, #0
20001336:	601a      	str	r2, [r3, #0]
20001338:	68fb      	ldr	r3, [r7, #12]
2000133a:	685b      	ldr	r3, [r3, #4]
2000133c:	61fb      	str	r3, [r7, #28]
2000133e:	69fb      	ldr	r3, [r7, #28]
20001340:	2b00      	cmp	r3, #0
20001342:	d00b      	beq.n	2000135c <sync+0xf4>
20001344:	69fb      	ldr	r3, [r7, #28]
20001346:	2b01      	cmp	r3, #1
20001348:	d008      	beq.n	2000135c <sync+0xf4>
2000134a:	68fb      	ldr	r3, [r7, #12]
2000134c:	2200      	movs	r2, #0
2000134e:	605a      	str	r2, [r3, #4]
20001350:	69fb      	ldr	r3, [r7, #28]
20001352:	2200      	movs	r2, #0
20001354:	611a      	str	r2, [r3, #16]
20001356:	69f8      	ldr	r0, [r7, #28]
20001358:	f7ff fe40 	bl	20000fdc <dispatch>
2000135c:	7efb      	ldrb	r3, [r7, #27]
2000135e:	2b00      	cmp	r3, #0
20001360:	d001      	beq.n	20001366 <sync+0xfe>
20001362:	f7ff fb56 	bl	20000a12 <cli>
20001366:	697b      	ldr	r3, [r7, #20]
20001368:	4618      	mov	r0, r3
2000136a:	3720      	adds	r7, #32
2000136c:	46bd      	mov	sp, r7
2000136e:	bd80      	pop	{r7, pc}
20001370:	200094e8 	.word	0x200094e8

20001374 <ABORT>:
20001374:	b580      	push	{r7, lr}
20001376:	b086      	sub	sp, #24
20001378:	af00      	add	r7, sp, #0
2000137a:	6078      	str	r0, [r7, #4]
2000137c:	f3ef 8312 	mrs	r3, BASEPRI_MAX
20001380:	60fb      	str	r3, [r7, #12]
20001382:	68fb      	ldr	r3, [r7, #12]
20001384:	091b      	lsrs	r3, r3, #4
20001386:	2b01      	cmp	r3, #1
20001388:	bf14      	ite	ne
2000138a:	2301      	movne	r3, #1
2000138c:	2300      	moveq	r3, #0
2000138e:	b2db      	uxtb	r3, r3
20001390:	74fb      	strb	r3, [r7, #19]
20001392:	f7ff fb2f 	bl	200009f4 <sei>
20001396:	491f      	ldr	r1, [pc, #124]	@ (20001414 <ABORT+0xa0>)
20001398:	6878      	ldr	r0, [r7, #4]
2000139a:	f7ff fd8f 	bl	20000ebc <remove>
2000139e:	4603      	mov	r3, r0
200013a0:	2b00      	cmp	r3, #0
200013a2:	d106      	bne.n	200013b2 <ABORT+0x3e>
200013a4:	491c      	ldr	r1, [pc, #112]	@ (20001418 <ABORT+0xa4>)
200013a6:	6878      	ldr	r0, [r7, #4]
200013a8:	f7ff fd88 	bl	20000ebc <remove>
200013ac:	4603      	mov	r3, r0
200013ae:	2b00      	cmp	r3, #0
200013b0:	d004      	beq.n	200013bc <ABORT+0x48>
200013b2:	491a      	ldr	r1, [pc, #104]	@ (2000141c <ABORT+0xa8>)
200013b4:	6878      	ldr	r0, [r7, #4]
200013b6:	f7ff fd4b 	bl	20000e50 <insert>
200013ba:	e021      	b.n	20001400 <ABORT+0x8c>
200013bc:	4b18      	ldr	r3, [pc, #96]	@ (20001420 <ABORT+0xac>)
200013be:	681b      	ldr	r3, [r3, #0]
200013c0:	617b      	str	r3, [r7, #20]
200013c2:	e01a      	b.n	200013fa <ABORT+0x86>
200013c4:	4b17      	ldr	r3, [pc, #92]	@ (20001424 <ABORT+0xb0>)
200013c6:	681b      	ldr	r3, [r3, #0]
200013c8:	697a      	ldr	r2, [r7, #20]
200013ca:	429a      	cmp	r2, r3
200013cc:	d012      	beq.n	200013f4 <ABORT+0x80>
200013ce:	697b      	ldr	r3, [r7, #20]
200013d0:	68db      	ldr	r3, [r3, #12]
200013d2:	687a      	ldr	r2, [r7, #4]
200013d4:	429a      	cmp	r2, r3
200013d6:	d10d      	bne.n	200013f4 <ABORT+0x80>
200013d8:	697b      	ldr	r3, [r7, #20]
200013da:	691a      	ldr	r2, [r3, #16]
200013dc:	687b      	ldr	r3, [r7, #4]
200013de:	68db      	ldr	r3, [r3, #12]
200013e0:	429a      	cmp	r2, r3
200013e2:	d107      	bne.n	200013f4 <ABORT+0x80>
200013e4:	697b      	ldr	r3, [r7, #20]
200013e6:	2200      	movs	r2, #0
200013e8:	60da      	str	r2, [r3, #12]
200013ea:	490c      	ldr	r1, [pc, #48]	@ (2000141c <ABORT+0xa8>)
200013ec:	6878      	ldr	r0, [r7, #4]
200013ee:	f7ff fd2f 	bl	20000e50 <insert>
200013f2:	e005      	b.n	20001400 <ABORT+0x8c>
200013f4:	697b      	ldr	r3, [r7, #20]
200013f6:	689b      	ldr	r3, [r3, #8]
200013f8:	617b      	str	r3, [r7, #20]
200013fa:	697b      	ldr	r3, [r7, #20]
200013fc:	2b00      	cmp	r3, #0
200013fe:	d1e1      	bne.n	200013c4 <ABORT+0x50>
20001400:	7cfb      	ldrb	r3, [r7, #19]
20001402:	2b00      	cmp	r3, #0
20001404:	d001      	beq.n	2000140a <ABORT+0x96>
20001406:	f7ff fb04 	bl	20000a12 <cli>
2000140a:	bf00      	nop
2000140c:	3718      	adds	r7, #24
2000140e:	46bd      	mov	sp, r7
20001410:	bd80      	pop	{r7, pc}
20001412:	bf00      	nop
20001414:	200123b0 	.word	0x200123b0
20001418:	200123ac 	.word	0x200123ac
2000141c:	200094dc 	.word	0x200094dc
20001420:	200094e4 	.word	0x200094e4
20001424:	200094e8 	.word	0x200094e8

20001428 <T_RESET>:
20001428:	b480      	push	{r7}
2000142a:	b085      	sub	sp, #20
2000142c:	af00      	add	r7, sp, #0
2000142e:	6078      	str	r0, [r7, #4]
20001430:	f3ef 8312 	mrs	r3, BASEPRI_MAX
20001434:	60fb      	str	r3, [r7, #12]
20001436:	68fb      	ldr	r3, [r7, #12]
20001438:	091b      	lsrs	r3, r3, #4
2000143a:	2b01      	cmp	r3, #1
2000143c:	d004      	beq.n	20001448 <T_RESET+0x20>
2000143e:	4b07      	ldr	r3, [pc, #28]	@ (2000145c <T_RESET+0x34>)
20001440:	681b      	ldr	r3, [r3, #0]
20001442:	68db      	ldr	r3, [r3, #12]
20001444:	685b      	ldr	r3, [r3, #4]
20001446:	e001      	b.n	2000144c <T_RESET+0x24>
20001448:	4b05      	ldr	r3, [pc, #20]	@ (20001460 <T_RESET+0x38>)
2000144a:	681b      	ldr	r3, [r3, #0]
2000144c:	687a      	ldr	r2, [r7, #4]
2000144e:	6013      	str	r3, [r2, #0]
20001450:	bf00      	nop
20001452:	3714      	adds	r7, #20
20001454:	46bd      	mov	sp, r7
20001456:	f85d 7b04 	ldr.w	r7, [sp], #4
2000145a:	4770      	bx	lr
2000145c:	200094e8 	.word	0x200094e8
20001460:	200123bc 	.word	0x200123bc

20001464 <T_SAMPLE>:
20001464:	b480      	push	{r7}
20001466:	b085      	sub	sp, #20
20001468:	af00      	add	r7, sp, #0
2000146a:	6078      	str	r0, [r7, #4]
2000146c:	f3ef 8312 	mrs	r3, BASEPRI_MAX
20001470:	60fb      	str	r3, [r7, #12]
20001472:	68fb      	ldr	r3, [r7, #12]
20001474:	091b      	lsrs	r3, r3, #4
20001476:	2b01      	cmp	r3, #1
20001478:	d004      	beq.n	20001484 <T_SAMPLE+0x20>
2000147a:	4b08      	ldr	r3, [pc, #32]	@ (2000149c <T_SAMPLE+0x38>)
2000147c:	681b      	ldr	r3, [r3, #0]
2000147e:	68db      	ldr	r3, [r3, #12]
20001480:	685b      	ldr	r3, [r3, #4]
20001482:	e001      	b.n	20001488 <T_SAMPLE+0x24>
20001484:	4b06      	ldr	r3, [pc, #24]	@ (200014a0 <T_SAMPLE+0x3c>)
20001486:	681b      	ldr	r3, [r3, #0]
20001488:	687a      	ldr	r2, [r7, #4]
2000148a:	6812      	ldr	r2, [r2, #0]
2000148c:	1a9b      	subs	r3, r3, r2
2000148e:	4618      	mov	r0, r3
20001490:	3714      	adds	r7, #20
20001492:	46bd      	mov	sp, r7
20001494:	f85d 7b04 	ldr.w	r7, [sp], #4
20001498:	4770      	bx	lr
2000149a:	bf00      	nop
2000149c:	200094e8 	.word	0x200094e8
200014a0:	200123bc 	.word	0x200123bc

200014a4 <CURRENT_OFFSET>:
200014a4:	b580      	push	{r7, lr}
200014a6:	b084      	sub	sp, #16
200014a8:	af00      	add	r7, sp, #0
200014aa:	f3ef 8312 	mrs	r3, BASEPRI_MAX
200014ae:	607b      	str	r3, [r7, #4]
200014b0:	687b      	ldr	r3, [r7, #4]
200014b2:	091b      	lsrs	r3, r3, #4
200014b4:	2b01      	cmp	r3, #1
200014b6:	bf14      	ite	ne
200014b8:	2301      	movne	r3, #1
200014ba:	2300      	moveq	r3, #0
200014bc:	b2db      	uxtb	r3, r3
200014be:	73fb      	strb	r3, [r7, #15]
200014c0:	f7ff fa98 	bl	200009f4 <sei>
200014c4:	480c      	ldr	r0, [pc, #48]	@ (200014f8 <CURRENT_OFFSET+0x54>)
200014c6:	f003 fecb 	bl	20005260 <TIM_GetCounter>
200014ca:	4603      	mov	r3, r0
200014cc:	60bb      	str	r3, [r7, #8]
200014ce:	7bfb      	ldrb	r3, [r7, #15]
200014d0:	2b00      	cmp	r3, #0
200014d2:	d001      	beq.n	200014d8 <CURRENT_OFFSET+0x34>
200014d4:	f7ff fa9d 	bl	20000a12 <cli>
200014d8:	7bfb      	ldrb	r3, [r7, #15]
200014da:	2b00      	cmp	r3, #0
200014dc:	d004      	beq.n	200014e8 <CURRENT_OFFSET+0x44>
200014de:	4b07      	ldr	r3, [pc, #28]	@ (200014fc <CURRENT_OFFSET+0x58>)
200014e0:	681b      	ldr	r3, [r3, #0]
200014e2:	68db      	ldr	r3, [r3, #12]
200014e4:	685b      	ldr	r3, [r3, #4]
200014e6:	e001      	b.n	200014ec <CURRENT_OFFSET+0x48>
200014e8:	4b05      	ldr	r3, [pc, #20]	@ (20001500 <CURRENT_OFFSET+0x5c>)
200014ea:	681b      	ldr	r3, [r3, #0]
200014ec:	68ba      	ldr	r2, [r7, #8]
200014ee:	1ad3      	subs	r3, r2, r3
200014f0:	4618      	mov	r0, r3
200014f2:	3710      	adds	r7, #16
200014f4:	46bd      	mov	sp, r7
200014f6:	bd80      	pop	{r7, pc}
200014f8:	40000c00 	.word	0x40000c00
200014fc:	200094e8 	.word	0x200094e8
20001500:	200123bc 	.word	0x200123bc

20001504 <initialize>:
20001504:	b580      	push	{r7, lr}
20001506:	b082      	sub	sp, #8
20001508:	af00      	add	r7, sp, #0
2000150a:	2300      	movs	r3, #0
2000150c:	607b      	str	r3, [r7, #4]
2000150e:	e012      	b.n	20001536 <initialize+0x32>
20001510:	687b      	ldr	r3, [r7, #4]
20001512:	1c5a      	adds	r2, r3, #1
20001514:	4613      	mov	r3, r2
20001516:	005b      	lsls	r3, r3, #1
20001518:	4413      	add	r3, r2
2000151a:	00db      	lsls	r3, r3, #3
2000151c:	4a44      	ldr	r2, [pc, #272]	@ (20001630 <initialize+0x12c>)
2000151e:	1899      	adds	r1, r3, r2
20001520:	4843      	ldr	r0, [pc, #268]	@ (20001630 <initialize+0x12c>)
20001522:	687a      	ldr	r2, [r7, #4]
20001524:	4613      	mov	r3, r2
20001526:	005b      	lsls	r3, r3, #1
20001528:	4413      	add	r3, r2
2000152a:	00db      	lsls	r3, r3, #3
2000152c:	4403      	add	r3, r0
2000152e:	6019      	str	r1, [r3, #0]
20001530:	687b      	ldr	r3, [r7, #4]
20001532:	3301      	adds	r3, #1
20001534:	607b      	str	r3, [r7, #4]
20001536:	687b      	ldr	r3, [r7, #4]
20001538:	2b1c      	cmp	r3, #28
2000153a:	dde9      	ble.n	20001510 <initialize+0xc>
2000153c:	4b3c      	ldr	r3, [pc, #240]	@ (20001630 <initialize+0x12c>)
2000153e:	2200      	movs	r2, #0
20001540:	f8c3 22b8 	str.w	r2, [r3, #696]	@ 0x2b8
20001544:	2300      	movs	r3, #0
20001546:	607b      	str	r3, [r7, #4]
20001548:	e013      	b.n	20001572 <initialize+0x6e>
2000154a:	687b      	ldr	r3, [r7, #4]
2000154c:	1c5a      	adds	r2, r3, #1
2000154e:	4613      	mov	r3, r2
20001550:	009b      	lsls	r3, r3, #2
20001552:	4413      	add	r3, r2
20001554:	009b      	lsls	r3, r3, #2
20001556:	4a37      	ldr	r2, [pc, #220]	@ (20001634 <initialize+0x130>)
20001558:	1899      	adds	r1, r3, r2
2000155a:	4836      	ldr	r0, [pc, #216]	@ (20001634 <initialize+0x130>)
2000155c:	687a      	ldr	r2, [r7, #4]
2000155e:	4613      	mov	r3, r2
20001560:	009b      	lsls	r3, r3, #2
20001562:	4413      	add	r3, r2
20001564:	009b      	lsls	r3, r3, #2
20001566:	4403      	add	r3, r0
20001568:	3308      	adds	r3, #8
2000156a:	6019      	str	r1, [r3, #0]
2000156c:	687b      	ldr	r3, [r7, #4]
2000156e:	3301      	adds	r3, #1
20001570:	607b      	str	r3, [r7, #4]
20001572:	687b      	ldr	r3, [r7, #4]
20001574:	2b02      	cmp	r3, #2
20001576:	dde8      	ble.n	2000154a <initialize+0x46>
20001578:	4b2e      	ldr	r3, [pc, #184]	@ (20001634 <initialize+0x130>)
2000157a:	2200      	movs	r2, #0
2000157c:	645a      	str	r2, [r3, #68]	@ 0x44
2000157e:	2300      	movs	r3, #0
20001580:	607b      	str	r3, [r7, #4]
20001582:	e030      	b.n	200015e6 <initialize+0xe2>
20001584:	492b      	ldr	r1, [pc, #172]	@ (20001634 <initialize+0x130>)
20001586:	687a      	ldr	r2, [r7, #4]
20001588:	4613      	mov	r3, r2
2000158a:	009b      	lsls	r3, r3, #2
2000158c:	4413      	add	r3, r2
2000158e:	009b      	lsls	r3, r3, #2
20001590:	440b      	add	r3, r1
20001592:	3304      	adds	r3, #4
20001594:	687a      	ldr	r2, [r7, #4]
20001596:	601a      	str	r2, [r3, #0]
20001598:	687a      	ldr	r2, [r7, #4]
2000159a:	4613      	mov	r3, r2
2000159c:	009b      	lsls	r3, r3, #2
2000159e:	4413      	add	r3, r2
200015a0:	009b      	lsls	r3, r3, #2
200015a2:	4a24      	ldr	r2, [pc, #144]	@ (20001634 <initialize+0x130>)
200015a4:	441a      	add	r2, r3
200015a6:	687b      	ldr	r3, [r7, #4]
200015a8:	035b      	lsls	r3, r3, #13
200015aa:	4923      	ldr	r1, [pc, #140]	@ (20001638 <initialize+0x134>)
200015ac:	440b      	add	r3, r1
200015ae:	4619      	mov	r1, r3
200015b0:	4610      	mov	r0, r2
200015b2:	f7ff fa5f 	bl	20000a74 <SETSTACK>
200015b6:	687a      	ldr	r2, [r7, #4]
200015b8:	4613      	mov	r3, r2
200015ba:	009b      	lsls	r3, r3, #2
200015bc:	4413      	add	r3, r2
200015be:	009b      	lsls	r3, r3, #2
200015c0:	4a1c      	ldr	r2, [pc, #112]	@ (20001634 <initialize+0x130>)
200015c2:	4413      	add	r3, r2
200015c4:	491d      	ldr	r1, [pc, #116]	@ (2000163c <initialize+0x138>)
200015c6:	4618      	mov	r0, r3
200015c8:	f7ff fa87 	bl	20000ada <SETPC>
200015cc:	4919      	ldr	r1, [pc, #100]	@ (20001634 <initialize+0x130>)
200015ce:	687a      	ldr	r2, [r7, #4]
200015d0:	4613      	mov	r3, r2
200015d2:	009b      	lsls	r3, r3, #2
200015d4:	4413      	add	r3, r2
200015d6:	009b      	lsls	r3, r3, #2
200015d8:	440b      	add	r3, r1
200015da:	3310      	adds	r3, #16
200015dc:	2200      	movs	r2, #0
200015de:	601a      	str	r2, [r3, #0]
200015e0:	687b      	ldr	r3, [r7, #4]
200015e2:	3301      	adds	r3, #1
200015e4:	607b      	str	r3, [r7, #4]
200015e6:	687b      	ldr	r3, [r7, #4]
200015e8:	2b03      	cmp	r3, #3
200015ea:	ddcb      	ble.n	20001584 <initialize+0x80>
200015ec:	4b14      	ldr	r3, [pc, #80]	@ (20001640 <initialize+0x13c>)
200015ee:	f04f 32ff 	mov.w	r2, #4294967295
200015f2:	605a      	str	r2, [r3, #4]
200015f4:	4b12      	ldr	r3, [pc, #72]	@ (20001640 <initialize+0x13c>)
200015f6:	2200      	movs	r2, #0
200015f8:	609a      	str	r2, [r3, #8]
200015fa:	4b11      	ldr	r3, [pc, #68]	@ (20001640 <initialize+0x13c>)
200015fc:	2200      	movs	r2, #0
200015fe:	611a      	str	r2, [r3, #16]
20001600:	4b0f      	ldr	r3, [pc, #60]	@ (20001640 <initialize+0x13c>)
20001602:	2200      	movs	r2, #0
20001604:	60da      	str	r2, [r3, #12]
20001606:	480f      	ldr	r0, [pc, #60]	@ (20001644 <initialize+0x140>)
20001608:	f7ff f956 	bl	200008b8 <DUMP>
2000160c:	480e      	ldr	r0, [pc, #56]	@ (20001648 <initialize+0x144>)
2000160e:	f7ff f953 	bl	200008b8 <DUMP>
20001612:	480e      	ldr	r0, [pc, #56]	@ (2000164c <initialize+0x148>)
20001614:	f7ff f950 	bl	200008b8 <DUMP>
20001618:	480a      	ldr	r0, [pc, #40]	@ (20001644 <initialize+0x140>)
2000161a:	f7ff f94d 	bl	200008b8 <DUMP>
2000161e:	4809      	ldr	r0, [pc, #36]	@ (20001644 <initialize+0x140>)
20001620:	f7ff f94a 	bl	200008b8 <DUMP>
20001624:	f7ff fa6b 	bl	20000afe <TIMER_INIT>
20001628:	bf00      	nop
2000162a:	3708      	adds	r7, #8
2000162c:	46bd      	mov	sp, r7
2000162e:	bd80      	pop	{r7, pc}
20001630:	2000a074 	.word	0x2000a074
20001634:	2000a344 	.word	0x2000a344
20001638:	2000a398 	.word	0x2000a398
2000163c:	20001011 	.word	0x20001011
20001640:	20012398 	.word	0x20012398
20001644:	20008388 	.word	0x20008388
20001648:	2000838c 	.word	0x2000838c
2000164c:	20008398 	.word	0x20008398

20001650 <install>:
20001650:	b580      	push	{r7, lr}
20001652:	b086      	sub	sp, #24
20001654:	af00      	add	r7, sp, #0
20001656:	60f8      	str	r0, [r7, #12]
20001658:	60b9      	str	r1, [r7, #8]
2000165a:	4613      	mov	r3, r2
2000165c:	71fb      	strb	r3, [r7, #7]
2000165e:	79fb      	ldrb	r3, [r7, #7]
20001660:	2b02      	cmp	r3, #2
20001662:	d841      	bhi.n	200016e8 <install+0x98>
20001664:	f3ef 8312 	mrs	r3, BASEPRI_MAX
20001668:	613b      	str	r3, [r7, #16]
2000166a:	693b      	ldr	r3, [r7, #16]
2000166c:	091b      	lsrs	r3, r3, #4
2000166e:	2b01      	cmp	r3, #1
20001670:	bf14      	ite	ne
20001672:	2301      	movne	r3, #1
20001674:	2300      	moveq	r3, #0
20001676:	b2db      	uxtb	r3, r3
20001678:	75fb      	strb	r3, [r7, #23]
2000167a:	f7ff f9bb 	bl	200009f4 <sei>
2000167e:	79fb      	ldrb	r3, [r7, #7]
20001680:	2b02      	cmp	r3, #2
20001682:	d00e      	beq.n	200016a2 <install+0x52>
20001684:	2b02      	cmp	r3, #2
20001686:	dc10      	bgt.n	200016aa <install+0x5a>
20001688:	2b00      	cmp	r3, #0
2000168a:	d002      	beq.n	20001692 <install+0x42>
2000168c:	2b01      	cmp	r3, #1
2000168e:	d004      	beq.n	2000169a <install+0x4a>
20001690:	e00b      	b.n	200016aa <install+0x5a>
20001692:	4b17      	ldr	r3, [pc, #92]	@ (200016f0 <install+0xa0>)
20001694:	4a17      	ldr	r2, [pc, #92]	@ (200016f4 <install+0xa4>)
20001696:	601a      	str	r2, [r3, #0]
20001698:	e014      	b.n	200016c4 <install+0x74>
2000169a:	4b17      	ldr	r3, [pc, #92]	@ (200016f8 <install+0xa8>)
2000169c:	4a17      	ldr	r2, [pc, #92]	@ (200016fc <install+0xac>)
2000169e:	601a      	str	r2, [r3, #0]
200016a0:	e010      	b.n	200016c4 <install+0x74>
200016a2:	4b17      	ldr	r3, [pc, #92]	@ (20001700 <install+0xb0>)
200016a4:	4a17      	ldr	r2, [pc, #92]	@ (20001704 <install+0xb4>)
200016a6:	601a      	str	r2, [r3, #0]
200016a8:	e00c      	b.n	200016c4 <install+0x74>
200016aa:	4817      	ldr	r0, [pc, #92]	@ (20001708 <install+0xb8>)
200016ac:	f7ff f904 	bl	200008b8 <DUMP>
200016b0:	2200      	movs	r2, #0
200016b2:	2102      	movs	r1, #2
200016b4:	4815      	ldr	r0, [pc, #84]	@ (2000170c <install+0xbc>)
200016b6:	f002 fc9c 	bl	20003ff2 <GPIO_WriteBit>
200016ba:	4815      	ldr	r0, [pc, #84]	@ (20001710 <install+0xc0>)
200016bc:	f7ff f8fc 	bl	200008b8 <DUMP>
200016c0:	bf30      	wfi
200016c2:	e7fd      	b.n	200016c0 <install+0x70>
200016c4:	79fb      	ldrb	r3, [r7, #7]
200016c6:	4913      	ldr	r1, [pc, #76]	@ (20001714 <install+0xc4>)
200016c8:	68fa      	ldr	r2, [r7, #12]
200016ca:	f841 2023 	str.w	r2, [r1, r3, lsl #2]
200016ce:	79fb      	ldrb	r3, [r7, #7]
200016d0:	4911      	ldr	r1, [pc, #68]	@ (20001718 <install+0xc8>)
200016d2:	68ba      	ldr	r2, [r7, #8]
200016d4:	f841 2023 	str.w	r2, [r1, r3, lsl #2]
200016d8:	68fb      	ldr	r3, [r7, #12]
200016da:	2201      	movs	r2, #1
200016dc:	605a      	str	r2, [r3, #4]
200016de:	7dfb      	ldrb	r3, [r7, #23]
200016e0:	2b00      	cmp	r3, #0
200016e2:	d001      	beq.n	200016e8 <install+0x98>
200016e4:	f7ff f995 	bl	20000a12 <cli>
200016e8:	bf00      	nop
200016ea:	3718      	adds	r7, #24
200016ec:	46bd      	mov	sp, r7
200016ee:	bd80      	pop	{r7, pc}
200016f0:	2001c0d4 	.word	0x2001c0d4
200016f4:	20000bc9 	.word	0x20000bc9
200016f8:	2001c090 	.word	0x2001c090
200016fc:	20000c31 	.word	0x20000c31
20001700:	2001c09c 	.word	0x2001c09c
20001704:	20000c99 	.word	0x20000c99
20001708:	20008364 	.word	0x20008364
2000170c:	40020400 	.word	0x40020400
20001710:	200083b0 	.word	0x200083b0
20001714:	200123d4 	.word	0x200123d4
20001718:	200123c8 	.word	0x200123c8

2000171c <tinytimber>:
2000171c:	b580      	push	{r7, lr}
2000171e:	b086      	sub	sp, #24
20001720:	af02      	add	r7, sp, #8
20001722:	60f8      	str	r0, [r7, #12]
20001724:	60b9      	str	r1, [r7, #8]
20001726:	607a      	str	r2, [r7, #4]
20001728:	f7ff f964 	bl	200009f4 <sei>
2000172c:	f7ff feea 	bl	20001504 <initialize>
20001730:	68bb      	ldr	r3, [r7, #8]
20001732:	2b00      	cmp	r3, #0
20001734:	d016      	beq.n	20001764 <tinytimber+0x48>
20001736:	480f      	ldr	r0, [pc, #60]	@ (20001774 <tinytimber+0x58>)
20001738:	f003 fd92 	bl	20005260 <TIM_GetCounter>
2000173c:	4603      	mov	r3, r0
2000173e:	461a      	mov	r2, r3
20001740:	4b0d      	ldr	r3, [pc, #52]	@ (20001778 <tinytimber+0x5c>)
20001742:	601a      	str	r2, [r3, #0]
20001744:	4b0d      	ldr	r3, [pc, #52]	@ (2000177c <tinytimber+0x60>)
20001746:	2201      	movs	r2, #1
20001748:	601a      	str	r2, [r3, #0]
2000174a:	687b      	ldr	r3, [r7, #4]
2000174c:	9300      	str	r3, [sp, #0]
2000174e:	68bb      	ldr	r3, [r7, #8]
20001750:	68fa      	ldr	r2, [r7, #12]
20001752:	2100      	movs	r1, #0
20001754:	2000      	movs	r0, #0
20001756:	f7ff fce9 	bl	2000112c <async>
2000175a:	4b08      	ldr	r3, [pc, #32]	@ (2000177c <tinytimber+0x60>)
2000175c:	2200      	movs	r2, #0
2000175e:	601a      	str	r2, [r3, #0]
20001760:	f7ff fcb2 	bl	200010c8 <schedule>
20001764:	f7ff fca8 	bl	200010b8 <idle>
20001768:	2300      	movs	r3, #0
2000176a:	4618      	mov	r0, r3
2000176c:	3710      	adds	r7, #16
2000176e:	46bd      	mov	sp, r7
20001770:	bd80      	pop	{r7, pc}
20001772:	bf00      	nop
20001774:	40000c00 	.word	0x40000c00
20001778:	200123bc 	.word	0x200123bc
2000177c:	200123b4 	.word	0x200123b4

20001780 <NVIC_EnableIRQ>:
20001780:	b480      	push	{r7}
20001782:	b083      	sub	sp, #12
20001784:	af00      	add	r7, sp, #0
20001786:	4603      	mov	r3, r0
20001788:	71fb      	strb	r3, [r7, #7]
2000178a:	79fb      	ldrb	r3, [r7, #7]
2000178c:	f003 031f 	and.w	r3, r3, #31
20001790:	2201      	movs	r2, #1
20001792:	fa02 f103 	lsl.w	r1, r2, r3
20001796:	4a06      	ldr	r2, [pc, #24]	@ (200017b0 <NVIC_EnableIRQ+0x30>)
20001798:	f997 3007 	ldrsb.w	r3, [r7, #7]
2000179c:	095b      	lsrs	r3, r3, #5
2000179e:	f842 1023 	str.w	r1, [r2, r3, lsl #2]
200017a2:	bf00      	nop
200017a4:	370c      	adds	r7, #12
200017a6:	46bd      	mov	sp, r7
200017a8:	f85d 7b04 	ldr.w	r7, [sp], #4
200017ac:	4770      	bx	lr
200017ae:	bf00      	nop
200017b0:	e000e100 	.word	0xe000e100

200017b4 <NVIC_SetPriority>:
200017b4:	b480      	push	{r7}
200017b6:	b083      	sub	sp, #12
200017b8:	af00      	add	r7, sp, #0
200017ba:	4603      	mov	r3, r0
200017bc:	6039      	str	r1, [r7, #0]
200017be:	71fb      	strb	r3, [r7, #7]
200017c0:	f997 3007 	ldrsb.w	r3, [r7, #7]
200017c4:	2b00      	cmp	r3, #0
200017c6:	da0b      	bge.n	200017e0 <NVIC_SetPriority+0x2c>
200017c8:	683b      	ldr	r3, [r7, #0]
200017ca:	b2da      	uxtb	r2, r3
200017cc:	490c      	ldr	r1, [pc, #48]	@ (20001800 <NVIC_SetPriority+0x4c>)
200017ce:	79fb      	ldrb	r3, [r7, #7]
200017d0:	f003 030f 	and.w	r3, r3, #15
200017d4:	3b04      	subs	r3, #4
200017d6:	0112      	lsls	r2, r2, #4
200017d8:	b2d2      	uxtb	r2, r2
200017da:	440b      	add	r3, r1
200017dc:	761a      	strb	r2, [r3, #24]
200017de:	e009      	b.n	200017f4 <NVIC_SetPriority+0x40>
200017e0:	683b      	ldr	r3, [r7, #0]
200017e2:	b2da      	uxtb	r2, r3
200017e4:	4907      	ldr	r1, [pc, #28]	@ (20001804 <NVIC_SetPriority+0x50>)
200017e6:	f997 3007 	ldrsb.w	r3, [r7, #7]
200017ea:	0112      	lsls	r2, r2, #4
200017ec:	b2d2      	uxtb	r2, r2
200017ee:	440b      	add	r3, r1
200017f0:	f883 2300 	strb.w	r2, [r3, #768]	@ 0x300
200017f4:	bf00      	nop
200017f6:	370c      	adds	r7, #12
200017f8:	46bd      	mov	sp, r7
200017fa:	f85d 7b04 	ldr.w	r7, [sp], #4
200017fe:	4770      	bx	lr
20001800:	e000ed00 	.word	0xe000ed00
20001804:	e000e100 	.word	0xe000e100

20001808 <can_init>:
20001808:	b580      	push	{r7, lr}
2000180a:	b086      	sub	sp, #24
2000180c:	af00      	add	r7, sp, #0
2000180e:	6078      	str	r0, [r7, #4]
20001810:	6039      	str	r1, [r7, #0]
20001812:	687b      	ldr	r3, [r7, #4]
20001814:	2200      	movs	r2, #0
20001816:	619a      	str	r2, [r3, #24]
20001818:	687b      	ldr	r3, [r7, #4]
2000181a:	699a      	ldr	r2, [r3, #24]
2000181c:	687b      	ldr	r3, [r7, #4]
2000181e:	615a      	str	r2, [r3, #20]
20001820:	687b      	ldr	r3, [r7, #4]
20001822:	695a      	ldr	r2, [r3, #20]
20001824:	687b      	ldr	r3, [r7, #4]
20001826:	61da      	str	r2, [r3, #28]
20001828:	f107 030c 	add.w	r3, r7, #12
2000182c:	4618      	mov	r0, r3
2000182e:	f000 ffa5 	bl	2000277c <CAN_StructInit>
20001832:	2300      	movs	r3, #0
20001834:	74bb      	strb	r3, [r7, #18]
20001836:	2300      	movs	r3, #0
20001838:	74fb      	strb	r3, [r7, #19]
2000183a:	2300      	movs	r3, #0
2000183c:	753b      	strb	r3, [r7, #20]
2000183e:	2300      	movs	r3, #0
20001840:	757b      	strb	r3, [r7, #21]
20001842:	2300      	movs	r3, #0
20001844:	75bb      	strb	r3, [r7, #22]
20001846:	2300      	movs	r3, #0
20001848:	75fb      	strb	r3, [r7, #23]
2000184a:	2300      	movs	r3, #0
2000184c:	73bb      	strb	r3, [r7, #14]
2000184e:	2300      	movs	r3, #0
20001850:	73fb      	strb	r3, [r7, #15]
20001852:	2302      	movs	r3, #2
20001854:	743b      	strb	r3, [r7, #16]
20001856:	2303      	movs	r3, #3
20001858:	747b      	strb	r3, [r7, #17]
2000185a:	2307      	movs	r3, #7
2000185c:	81bb      	strh	r3, [r7, #12]
2000185e:	f107 030c 	add.w	r3, r7, #12
20001862:	4619      	mov	r1, r3
20001864:	4812      	ldr	r0, [pc, #72]	@ (200018b0 <can_init+0xa8>)
20001866:	f000 fdf5 	bl	20002454 <CAN_Init>
2000186a:	4603      	mov	r3, r0
2000186c:	2b00      	cmp	r3, #0
2000186e:	d102      	bne.n	20001876 <can_init+0x6e>
20001870:	4810      	ldr	r0, [pc, #64]	@ (200018b4 <can_init+0xac>)
20001872:	f7ff f821 	bl	200008b8 <DUMP>
20001876:	f107 030c 	add.w	r3, r7, #12
2000187a:	4619      	mov	r1, r3
2000187c:	480e      	ldr	r0, [pc, #56]	@ (200018b8 <can_init+0xb0>)
2000187e:	f000 fde9 	bl	20002454 <CAN_Init>
20001882:	4603      	mov	r3, r0
20001884:	2b00      	cmp	r3, #0
20001886:	d102      	bne.n	2000188e <can_init+0x86>
20001888:	480c      	ldr	r0, [pc, #48]	@ (200018bc <can_init+0xb4>)
2000188a:	f7ff f815 	bl	200008b8 <DUMP>
2000188e:	2102      	movs	r1, #2
20001890:	2014      	movs	r0, #20
20001892:	f7ff ff8f 	bl	200017b4 <NVIC_SetPriority>
20001896:	2014      	movs	r0, #20
20001898:	f7ff ff72 	bl	20001780 <NVIC_EnableIRQ>
2000189c:	2201      	movs	r2, #1
2000189e:	2102      	movs	r1, #2
200018a0:	4803      	ldr	r0, [pc, #12]	@ (200018b0 <can_init+0xa8>)
200018a2:	f001 fba9 	bl	20002ff8 <CAN_ITConfig>
200018a6:	bf00      	nop
200018a8:	3718      	adds	r7, #24
200018aa:	46bd      	mov	sp, r7
200018ac:	bd80      	pop	{r7, pc}
200018ae:	bf00      	nop
200018b0:	40006400 	.word	0x40006400
200018b4:	200083d0 	.word	0x200083d0
200018b8:	40006800 	.word	0x40006800
200018bc:	200083e8 	.word	0x200083e8

200018c0 <can_interrupt>:
200018c0:	b5b0      	push	{r4, r5, r7, lr}
200018c2:	b08a      	sub	sp, #40	@ 0x28
200018c4:	af02      	add	r7, sp, #8
200018c6:	6078      	str	r0, [r7, #4]
200018c8:	6039      	str	r1, [r7, #0]
200018ca:	687b      	ldr	r3, [r7, #4]
200018cc:	689b      	ldr	r3, [r3, #8]
200018ce:	495a      	ldr	r1, [pc, #360]	@ (20001a38 <can_interrupt+0x178>)
200018d0:	4618      	mov	r0, r3
200018d2:	f001 fbaf 	bl	20003034 <CAN_GetFlagStatus>
200018d6:	4603      	mov	r3, r0
200018d8:	2b01      	cmp	r3, #1
200018da:	d002      	beq.n	200018e2 <can_interrupt+0x22>
200018dc:	4857      	ldr	r0, [pc, #348]	@ (20001a3c <can_interrupt+0x17c>)
200018de:	f7fe ffeb 	bl	200008b8 <DUMP>
200018e2:	687b      	ldr	r3, [r7, #4]
200018e4:	69db      	ldr	r3, [r3, #28]
200018e6:	2b07      	cmp	r3, #7
200018e8:	f300 809e 	bgt.w	20001a28 <can_interrupt+0x168>
200018ec:	687b      	ldr	r3, [r7, #4]
200018ee:	689b      	ldr	r3, [r3, #8]
200018f0:	f107 0208 	add.w	r2, r7, #8
200018f4:	2100      	movs	r1, #0
200018f6:	4618      	mov	r0, r3
200018f8:	f001 f984 	bl	20002c04 <CAN_Receive>
200018fc:	68bb      	ldr	r3, [r7, #8]
200018fe:	091b      	lsrs	r3, r3, #4
20001900:	b2db      	uxtb	r3, r3
20001902:	687a      	ldr	r2, [r7, #4]
20001904:	6952      	ldr	r2, [r2, #20]
20001906:	f003 037f 	and.w	r3, r3, #127	@ 0x7f
2000190a:	b2d8      	uxtb	r0, r3
2000190c:	6879      	ldr	r1, [r7, #4]
2000190e:	4613      	mov	r3, r2
20001910:	009b      	lsls	r3, r3, #2
20001912:	4413      	add	r3, r2
20001914:	005b      	lsls	r3, r3, #1
20001916:	4413      	add	r3, r2
20001918:	440b      	add	r3, r1
2000191a:	3320      	adds	r3, #32
2000191c:	4602      	mov	r2, r0
2000191e:	701a      	strb	r2, [r3, #0]
20001920:	68bb      	ldr	r3, [r7, #8]
20001922:	b2db      	uxtb	r3, r3
20001924:	687a      	ldr	r2, [r7, #4]
20001926:	6952      	ldr	r2, [r2, #20]
20001928:	f003 030f 	and.w	r3, r3, #15
2000192c:	b2d8      	uxtb	r0, r3
2000192e:	6879      	ldr	r1, [r7, #4]
20001930:	4613      	mov	r3, r2
20001932:	009b      	lsls	r3, r3, #2
20001934:	4413      	add	r3, r2
20001936:	005b      	lsls	r3, r3, #1
20001938:	4413      	add	r3, r2
2000193a:	440b      	add	r3, r1
2000193c:	3321      	adds	r3, #33	@ 0x21
2000193e:	4602      	mov	r2, r0
20001940:	701a      	strb	r2, [r3, #0]
20001942:	7cbb      	ldrb	r3, [r7, #18]
20001944:	687a      	ldr	r2, [r7, #4]
20001946:	6952      	ldr	r2, [r2, #20]
20001948:	f003 030f 	and.w	r3, r3, #15
2000194c:	b2d8      	uxtb	r0, r3
2000194e:	6879      	ldr	r1, [r7, #4]
20001950:	4613      	mov	r3, r2
20001952:	009b      	lsls	r3, r3, #2
20001954:	4413      	add	r3, r2
20001956:	005b      	lsls	r3, r3, #1
20001958:	4413      	add	r3, r2
2000195a:	440b      	add	r3, r1
2000195c:	3322      	adds	r3, #34	@ 0x22
2000195e:	4602      	mov	r2, r0
20001960:	701a      	strb	r2, [r3, #0]
20001962:	2300      	movs	r3, #0
20001964:	77fb      	strb	r3, [r7, #31]
20001966:	e015      	b.n	20001994 <can_interrupt+0xd4>
20001968:	7ffb      	ldrb	r3, [r7, #31]
2000196a:	687a      	ldr	r2, [r7, #4]
2000196c:	6952      	ldr	r2, [r2, #20]
2000196e:	7ff9      	ldrb	r1, [r7, #31]
20001970:	3320      	adds	r3, #32
20001972:	443b      	add	r3, r7
20001974:	f813 4c0d 	ldrb.w	r4, [r3, #-13]
20001978:	6878      	ldr	r0, [r7, #4]
2000197a:	4613      	mov	r3, r2
2000197c:	009b      	lsls	r3, r3, #2
2000197e:	4413      	add	r3, r2
20001980:	005b      	lsls	r3, r3, #1
20001982:	4413      	add	r3, r2
20001984:	4403      	add	r3, r0
20001986:	440b      	add	r3, r1
20001988:	3323      	adds	r3, #35	@ 0x23
2000198a:	4622      	mov	r2, r4
2000198c:	701a      	strb	r2, [r3, #0]
2000198e:	7ffb      	ldrb	r3, [r7, #31]
20001990:	3301      	adds	r3, #1
20001992:	77fb      	strb	r3, [r7, #31]
20001994:	687b      	ldr	r3, [r7, #4]
20001996:	695a      	ldr	r2, [r3, #20]
20001998:	6879      	ldr	r1, [r7, #4]
2000199a:	4613      	mov	r3, r2
2000199c:	009b      	lsls	r3, r3, #2
2000199e:	4413      	add	r3, r2
200019a0:	005b      	lsls	r3, r3, #1
200019a2:	4413      	add	r3, r2
200019a4:	440b      	add	r3, r1
200019a6:	3322      	adds	r3, #34	@ 0x22
200019a8:	781b      	ldrb	r3, [r3, #0]
200019aa:	7ffa      	ldrb	r2, [r7, #31]
200019ac:	429a      	cmp	r2, r3
200019ae:	d3db      	bcc.n	20001968 <can_interrupt+0xa8>
200019b0:	687b      	ldr	r3, [r7, #4]
200019b2:	68db      	ldr	r3, [r3, #12]
200019b4:	2b00      	cmp	r3, #0
200019b6:	d025      	beq.n	20001a04 <can_interrupt+0x144>
200019b8:	687b      	ldr	r3, [r7, #4]
200019ba:	68dc      	ldr	r4, [r3, #12]
200019bc:	687b      	ldr	r3, [r7, #4]
200019be:	691d      	ldr	r5, [r3, #16]
200019c0:	687b      	ldr	r3, [r7, #4]
200019c2:	695a      	ldr	r2, [r3, #20]
200019c4:	6879      	ldr	r1, [r7, #4]
200019c6:	4613      	mov	r3, r2
200019c8:	009b      	lsls	r3, r3, #2
200019ca:	4413      	add	r3, r2
200019cc:	005b      	lsls	r3, r3, #1
200019ce:	4413      	add	r3, r2
200019d0:	440b      	add	r3, r1
200019d2:	3320      	adds	r3, #32
200019d4:	781b      	ldrb	r3, [r3, #0]
200019d6:	0119      	lsls	r1, r3, #4
200019d8:	687b      	ldr	r3, [r7, #4]
200019da:	695a      	ldr	r2, [r3, #20]
200019dc:	6878      	ldr	r0, [r7, #4]
200019de:	4613      	mov	r3, r2
200019e0:	009b      	lsls	r3, r3, #2
200019e2:	4413      	add	r3, r2
200019e4:	005b      	lsls	r3, r3, #1
200019e6:	4413      	add	r3, r2
200019e8:	4403      	add	r3, r0
200019ea:	3321      	adds	r3, #33	@ 0x21
200019ec:	781b      	ldrb	r3, [r3, #0]
200019ee:	440b      	add	r3, r1
200019f0:	9300      	str	r3, [sp, #0]
200019f2:	462b      	mov	r3, r5
200019f4:	4622      	mov	r2, r4
200019f6:	2100      	movs	r1, #0
200019f8:	2000      	movs	r0, #0
200019fa:	f7ff fb97 	bl	2000112c <async>
200019fe:	4b10      	ldr	r3, [pc, #64]	@ (20001a40 <can_interrupt+0x180>)
20001a00:	2201      	movs	r2, #1
20001a02:	601a      	str	r2, [r3, #0]
20001a04:	687b      	ldr	r3, [r7, #4]
20001a06:	695b      	ldr	r3, [r3, #20]
20001a08:	3301      	adds	r3, #1
20001a0a:	425a      	negs	r2, r3
20001a0c:	f003 0307 	and.w	r3, r3, #7
20001a10:	f002 0207 	and.w	r2, r2, #7
20001a14:	bf58      	it	pl
20001a16:	4253      	negpl	r3, r2
20001a18:	687a      	ldr	r2, [r7, #4]
20001a1a:	6153      	str	r3, [r2, #20]
20001a1c:	687b      	ldr	r3, [r7, #4]
20001a1e:	69db      	ldr	r3, [r3, #28]
20001a20:	1c5a      	adds	r2, r3, #1
20001a22:	687b      	ldr	r3, [r7, #4]
20001a24:	61da      	str	r2, [r3, #28]
20001a26:	e002      	b.n	20001a2e <can_interrupt+0x16e>
20001a28:	4806      	ldr	r0, [pc, #24]	@ (20001a44 <can_interrupt+0x184>)
20001a2a:	f7fe ff45 	bl	200008b8 <DUMP>
20001a2e:	bf00      	nop
20001a30:	3720      	adds	r7, #32
20001a32:	46bd      	mov	sp, r7
20001a34:	bdb0      	pop	{r4, r5, r7, pc}
20001a36:	bf00      	nop
20001a38:	12000003 	.word	0x12000003
20001a3c:	20008400 	.word	0x20008400
20001a40:	200123b8 	.word	0x200123b8
20001a44:	20008428 	.word	0x20008428

20001a48 <can_receive>:
20001a48:	b490      	push	{r4, r7}
20001a4a:	b084      	sub	sp, #16
20001a4c:	af00      	add	r7, sp, #0
20001a4e:	6078      	str	r0, [r7, #4]
20001a50:	6039      	str	r1, [r7, #0]
20001a52:	687b      	ldr	r3, [r7, #4]
20001a54:	69db      	ldr	r3, [r3, #28]
20001a56:	2b00      	cmp	r3, #0
20001a58:	dd55      	ble.n	20001b06 <can_receive+0xbe>
20001a5a:	687b      	ldr	r3, [r7, #4]
20001a5c:	699a      	ldr	r2, [r3, #24]
20001a5e:	6879      	ldr	r1, [r7, #4]
20001a60:	4613      	mov	r3, r2
20001a62:	009b      	lsls	r3, r3, #2
20001a64:	4413      	add	r3, r2
20001a66:	005b      	lsls	r3, r3, #1
20001a68:	4413      	add	r3, r2
20001a6a:	440b      	add	r3, r1
20001a6c:	3320      	adds	r3, #32
20001a6e:	781a      	ldrb	r2, [r3, #0]
20001a70:	683b      	ldr	r3, [r7, #0]
20001a72:	701a      	strb	r2, [r3, #0]
20001a74:	687b      	ldr	r3, [r7, #4]
20001a76:	699a      	ldr	r2, [r3, #24]
20001a78:	6879      	ldr	r1, [r7, #4]
20001a7a:	4613      	mov	r3, r2
20001a7c:	009b      	lsls	r3, r3, #2
20001a7e:	4413      	add	r3, r2
20001a80:	005b      	lsls	r3, r3, #1
20001a82:	4413      	add	r3, r2
20001a84:	440b      	add	r3, r1
20001a86:	3321      	adds	r3, #33	@ 0x21
20001a88:	781a      	ldrb	r2, [r3, #0]
20001a8a:	683b      	ldr	r3, [r7, #0]
20001a8c:	705a      	strb	r2, [r3, #1]
20001a8e:	687b      	ldr	r3, [r7, #4]
20001a90:	699a      	ldr	r2, [r3, #24]
20001a92:	6879      	ldr	r1, [r7, #4]
20001a94:	4613      	mov	r3, r2
20001a96:	009b      	lsls	r3, r3, #2
20001a98:	4413      	add	r3, r2
20001a9a:	005b      	lsls	r3, r3, #1
20001a9c:	4413      	add	r3, r2
20001a9e:	440b      	add	r3, r1
20001aa0:	3322      	adds	r3, #34	@ 0x22
20001aa2:	781a      	ldrb	r2, [r3, #0]
20001aa4:	683b      	ldr	r3, [r7, #0]
20001aa6:	709a      	strb	r2, [r3, #2]
20001aa8:	2300      	movs	r3, #0
20001aaa:	73fb      	strb	r3, [r7, #15]
20001aac:	e013      	b.n	20001ad6 <can_receive+0x8e>
20001aae:	687b      	ldr	r3, [r7, #4]
20001ab0:	699a      	ldr	r2, [r3, #24]
20001ab2:	7bf8      	ldrb	r0, [r7, #15]
20001ab4:	7bf9      	ldrb	r1, [r7, #15]
20001ab6:	687c      	ldr	r4, [r7, #4]
20001ab8:	4613      	mov	r3, r2
20001aba:	009b      	lsls	r3, r3, #2
20001abc:	4413      	add	r3, r2
20001abe:	005b      	lsls	r3, r3, #1
20001ac0:	4413      	add	r3, r2
20001ac2:	4423      	add	r3, r4
20001ac4:	4403      	add	r3, r0
20001ac6:	3323      	adds	r3, #35	@ 0x23
20001ac8:	781a      	ldrb	r2, [r3, #0]
20001aca:	683b      	ldr	r3, [r7, #0]
20001acc:	440b      	add	r3, r1
20001ace:	70da      	strb	r2, [r3, #3]
20001ad0:	7bfb      	ldrb	r3, [r7, #15]
20001ad2:	3301      	adds	r3, #1
20001ad4:	73fb      	strb	r3, [r7, #15]
20001ad6:	683b      	ldr	r3, [r7, #0]
20001ad8:	789b      	ldrb	r3, [r3, #2]
20001ada:	7bfa      	ldrb	r2, [r7, #15]
20001adc:	429a      	cmp	r2, r3
20001ade:	d3e6      	bcc.n	20001aae <can_receive+0x66>
20001ae0:	687b      	ldr	r3, [r7, #4]
20001ae2:	699b      	ldr	r3, [r3, #24]
20001ae4:	3301      	adds	r3, #1
20001ae6:	425a      	negs	r2, r3
20001ae8:	f003 0307 	and.w	r3, r3, #7
20001aec:	f002 0207 	and.w	r2, r2, #7
20001af0:	bf58      	it	pl
20001af2:	4253      	negpl	r3, r2
20001af4:	687a      	ldr	r2, [r7, #4]
20001af6:	6193      	str	r3, [r2, #24]
20001af8:	687b      	ldr	r3, [r7, #4]
20001afa:	69db      	ldr	r3, [r3, #28]
20001afc:	1e5a      	subs	r2, r3, #1
20001afe:	687b      	ldr	r3, [r7, #4]
20001b00:	61da      	str	r2, [r3, #28]
20001b02:	2300      	movs	r3, #0
20001b04:	e000      	b.n	20001b08 <can_receive+0xc0>
20001b06:	2301      	movs	r3, #1
20001b08:	4618      	mov	r0, r3
20001b0a:	3710      	adds	r7, #16
20001b0c:	46bd      	mov	sp, r7
20001b0e:	bc90      	pop	{r4, r7}
20001b10:	4770      	bx	lr

20001b12 <can_send>:
20001b12:	b580      	push	{r7, lr}
20001b14:	b08a      	sub	sp, #40	@ 0x28
20001b16:	af00      	add	r7, sp, #0
20001b18:	6078      	str	r0, [r7, #4]
20001b1a:	6039      	str	r1, [r7, #0]
20001b1c:	687b      	ldr	r3, [r7, #4]
20001b1e:	689b      	ldr	r3, [r3, #8]
20001b20:	623b      	str	r3, [r7, #32]
20001b22:	2300      	movs	r3, #0
20001b24:	77fb      	strb	r3, [r7, #31]
20001b26:	683b      	ldr	r3, [r7, #0]
20001b28:	781b      	ldrb	r3, [r3, #0]
20001b2a:	011b      	lsls	r3, r3, #4
20001b2c:	683a      	ldr	r2, [r7, #0]
20001b2e:	7852      	ldrb	r2, [r2, #1]
20001b30:	4413      	add	r3, r2
20001b32:	60bb      	str	r3, [r7, #8]
20001b34:	2300      	movs	r3, #0
20001b36:	747b      	strb	r3, [r7, #17]
20001b38:	2300      	movs	r3, #0
20001b3a:	743b      	strb	r3, [r7, #16]
20001b3c:	683b      	ldr	r3, [r7, #0]
20001b3e:	789b      	ldrb	r3, [r3, #2]
20001b40:	2b08      	cmp	r3, #8
20001b42:	d902      	bls.n	20001b4a <can_send+0x38>
20001b44:	683b      	ldr	r3, [r7, #0]
20001b46:	2208      	movs	r2, #8
20001b48:	709a      	strb	r2, [r3, #2]
20001b4a:	683b      	ldr	r3, [r7, #0]
20001b4c:	789b      	ldrb	r3, [r3, #2]
20001b4e:	74bb      	strb	r3, [r7, #18]
20001b50:	2300      	movs	r3, #0
20001b52:	f887 3027 	strb.w	r3, [r7, #39]	@ 0x27
20001b56:	e00f      	b.n	20001b78 <can_send+0x66>
20001b58:	f897 2027 	ldrb.w	r2, [r7, #39]	@ 0x27
20001b5c:	f897 3027 	ldrb.w	r3, [r7, #39]	@ 0x27
20001b60:	6839      	ldr	r1, [r7, #0]
20001b62:	440a      	add	r2, r1
20001b64:	78d2      	ldrb	r2, [r2, #3]
20001b66:	3328      	adds	r3, #40	@ 0x28
20001b68:	443b      	add	r3, r7
20001b6a:	f803 2c15 	strb.w	r2, [r3, #-21]
20001b6e:	f897 3027 	ldrb.w	r3, [r7, #39]	@ 0x27
20001b72:	3301      	adds	r3, #1
20001b74:	f887 3027 	strb.w	r3, [r7, #39]	@ 0x27
20001b78:	683b      	ldr	r3, [r7, #0]
20001b7a:	789b      	ldrb	r3, [r3, #2]
20001b7c:	f897 2027 	ldrb.w	r2, [r7, #39]	@ 0x27
20001b80:	429a      	cmp	r2, r3
20001b82:	d3e9      	bcc.n	20001b58 <can_send+0x46>
20001b84:	f107 0308 	add.w	r3, r7, #8
20001b88:	4619      	mov	r1, r3
20001b8a:	6a38      	ldr	r0, [r7, #32]
20001b8c:	f000 feba 	bl	20002904 <CAN_Transmit>
20001b90:	4603      	mov	r3, r0
20001b92:	77fb      	strb	r3, [r7, #31]
20001b94:	7ffb      	ldrb	r3, [r7, #31]
20001b96:	2b04      	cmp	r3, #4
20001b98:	d104      	bne.n	20001ba4 <can_send+0x92>
20001b9a:	4805      	ldr	r0, [pc, #20]	@ (20001bb0 <can_send+0x9e>)
20001b9c:	f7fe fe8c 	bl	200008b8 <DUMP>
20001ba0:	2301      	movs	r3, #1
20001ba2:	e000      	b.n	20001ba6 <can_send+0x94>
20001ba4:	2300      	movs	r3, #0
20001ba6:	4618      	mov	r0, r3
20001ba8:	3728      	adds	r7, #40	@ 0x28
20001baa:	46bd      	mov	sp, r7
20001bac:	bd80      	pop	{r7, pc}
20001bae:	bf00      	nop
20001bb0:	20008448 	.word	0x20008448

20001bb4 <NVIC_EnableIRQ>:
20001bb4:	b480      	push	{r7}
20001bb6:	b083      	sub	sp, #12
20001bb8:	af00      	add	r7, sp, #0
20001bba:	4603      	mov	r3, r0
20001bbc:	71fb      	strb	r3, [r7, #7]
20001bbe:	79fb      	ldrb	r3, [r7, #7]
20001bc0:	f003 031f 	and.w	r3, r3, #31
20001bc4:	2201      	movs	r2, #1
20001bc6:	fa02 f103 	lsl.w	r1, r2, r3
20001bca:	4a06      	ldr	r2, [pc, #24]	@ (20001be4 <NVIC_EnableIRQ+0x30>)
20001bcc:	f997 3007 	ldrsb.w	r3, [r7, #7]
20001bd0:	095b      	lsrs	r3, r3, #5
20001bd2:	f842 1023 	str.w	r1, [r2, r3, lsl #2]
20001bd6:	bf00      	nop
20001bd8:	370c      	adds	r7, #12
20001bda:	46bd      	mov	sp, r7
20001bdc:	f85d 7b04 	ldr.w	r7, [sp], #4
20001be0:	4770      	bx	lr
20001be2:	bf00      	nop
20001be4:	e000e100 	.word	0xe000e100

20001be8 <NVIC_SetPriority>:
20001be8:	b480      	push	{r7}
20001bea:	b083      	sub	sp, #12
20001bec:	af00      	add	r7, sp, #0
20001bee:	4603      	mov	r3, r0
20001bf0:	6039      	str	r1, [r7, #0]
20001bf2:	71fb      	strb	r3, [r7, #7]
20001bf4:	f997 3007 	ldrsb.w	r3, [r7, #7]
20001bf8:	2b00      	cmp	r3, #0
20001bfa:	da0b      	bge.n	20001c14 <NVIC_SetPriority+0x2c>
20001bfc:	683b      	ldr	r3, [r7, #0]
20001bfe:	b2da      	uxtb	r2, r3
20001c00:	490c      	ldr	r1, [pc, #48]	@ (20001c34 <NVIC_SetPriority+0x4c>)
20001c02:	79fb      	ldrb	r3, [r7, #7]
20001c04:	f003 030f 	and.w	r3, r3, #15
20001c08:	3b04      	subs	r3, #4
20001c0a:	0112      	lsls	r2, r2, #4
20001c0c:	b2d2      	uxtb	r2, r2
20001c0e:	440b      	add	r3, r1
20001c10:	761a      	strb	r2, [r3, #24]
20001c12:	e009      	b.n	20001c28 <NVIC_SetPriority+0x40>
20001c14:	683b      	ldr	r3, [r7, #0]
20001c16:	b2da      	uxtb	r2, r3
20001c18:	4907      	ldr	r1, [pc, #28]	@ (20001c38 <NVIC_SetPriority+0x50>)
20001c1a:	f997 3007 	ldrsb.w	r3, [r7, #7]
20001c1e:	0112      	lsls	r2, r2, #4
20001c20:	b2d2      	uxtb	r2, r2
20001c22:	440b      	add	r3, r1
20001c24:	f883 2300 	strb.w	r2, [r3, #768]	@ 0x300
20001c28:	bf00      	nop
20001c2a:	370c      	adds	r7, #12
20001c2c:	46bd      	mov	sp, r7
20001c2e:	f85d 7b04 	ldr.w	r7, [sp], #4
20001c32:	4770      	bx	lr
20001c34:	e000ed00 	.word	0xe000ed00
20001c38:	e000e100 	.word	0xe000e100

20001c3c <sci_init>:
20001c3c:	b580      	push	{r7, lr}
20001c3e:	b082      	sub	sp, #8
20001c40:	af00      	add	r7, sp, #0
20001c42:	6078      	str	r0, [r7, #4]
20001c44:	6039      	str	r1, [r7, #0]
20001c46:	687b      	ldr	r3, [r7, #4]
20001c48:	2200      	movs	r2, #0
20001c4a:	619a      	str	r2, [r3, #24]
20001c4c:	687b      	ldr	r3, [r7, #4]
20001c4e:	699a      	ldr	r2, [r3, #24]
20001c50:	687b      	ldr	r3, [r7, #4]
20001c52:	615a      	str	r2, [r3, #20]
20001c54:	687b      	ldr	r3, [r7, #4]
20001c56:	695a      	ldr	r2, [r3, #20]
20001c58:	687b      	ldr	r3, [r7, #4]
20001c5a:	61da      	str	r2, [r3, #28]
20001c5c:	2201      	movs	r2, #1
20001c5e:	f240 5125 	movw	r1, #1317	@ 0x525
20001c62:	480a      	ldr	r0, [pc, #40]	@ (20001c8c <sci_init+0x50>)
20001c64:	f005 fb22 	bl	200072ac <USART_ITConfig>
20001c68:	2200      	movs	r2, #0
20001c6a:	f240 7127 	movw	r1, #1831	@ 0x727
20001c6e:	4807      	ldr	r0, [pc, #28]	@ (20001c8c <sci_init+0x50>)
20001c70:	f005 fb1c 	bl	200072ac <USART_ITConfig>
20001c74:	2102      	movs	r1, #2
20001c76:	2025      	movs	r0, #37	@ 0x25
20001c78:	f7ff ffb6 	bl	20001be8 <NVIC_SetPriority>
20001c7c:	2025      	movs	r0, #37	@ 0x25
20001c7e:	f7ff ff99 	bl	20001bb4 <NVIC_EnableIRQ>
20001c82:	bf00      	nop
20001c84:	3708      	adds	r7, #8
20001c86:	46bd      	mov	sp, r7
20001c88:	bd80      	pop	{r7, pc}
20001c8a:	bf00      	nop
20001c8c:	40011000 	.word	0x40011000

20001c90 <outc>:
20001c90:	b480      	push	{r7}
20001c92:	b083      	sub	sp, #12
20001c94:	af00      	add	r7, sp, #0
20001c96:	6078      	str	r0, [r7, #4]
20001c98:	460b      	mov	r3, r1
20001c9a:	70fb      	strb	r3, [r7, #3]
20001c9c:	687b      	ldr	r3, [r7, #4]
20001c9e:	69db      	ldr	r3, [r3, #28]
20001ca0:	f5b3 6f80 	cmp.w	r3, #1024	@ 0x400
20001ca4:	da17      	bge.n	20001cd6 <outc+0x46>
20001ca6:	687b      	ldr	r3, [r7, #4]
20001ca8:	695b      	ldr	r3, [r3, #20]
20001caa:	687a      	ldr	r2, [r7, #4]
20001cac:	4413      	add	r3, r2
20001cae:	78fa      	ldrb	r2, [r7, #3]
20001cb0:	f883 2020 	strb.w	r2, [r3, #32]
20001cb4:	687b      	ldr	r3, [r7, #4]
20001cb6:	695b      	ldr	r3, [r3, #20]
20001cb8:	3301      	adds	r3, #1
20001cba:	425a      	negs	r2, r3
20001cbc:	f3c3 0309 	ubfx	r3, r3, #0, #10
20001cc0:	f3c2 0209 	ubfx	r2, r2, #0, #10
20001cc4:	bf58      	it	pl
20001cc6:	4253      	negpl	r3, r2
20001cc8:	687a      	ldr	r2, [r7, #4]
20001cca:	6153      	str	r3, [r2, #20]
20001ccc:	687b      	ldr	r3, [r7, #4]
20001cce:	69db      	ldr	r3, [r3, #28]
20001cd0:	1c5a      	adds	r2, r3, #1
20001cd2:	687b      	ldr	r3, [r7, #4]
20001cd4:	61da      	str	r2, [r3, #28]
20001cd6:	bf00      	nop
20001cd8:	370c      	adds	r7, #12
20001cda:	46bd      	mov	sp, r7
20001cdc:	f85d 7b04 	ldr.w	r7, [sp], #4
20001ce0:	4770      	bx	lr

20001ce2 <sci_write>:
20001ce2:	b580      	push	{r7, lr}
20001ce4:	b082      	sub	sp, #8
20001ce6:	af00      	add	r7, sp, #0
20001ce8:	6078      	str	r0, [r7, #4]
20001cea:	6039      	str	r1, [r7, #0]
20001cec:	687b      	ldr	r3, [r7, #4]
20001cee:	69db      	ldr	r3, [r3, #28]
20001cf0:	2b00      	cmp	r3, #0
20001cf2:	d118      	bne.n	20001d26 <sci_write+0x44>
20001cf4:	687b      	ldr	r3, [r7, #4]
20001cf6:	689b      	ldr	r3, [r3, #8]
20001cf8:	2201      	movs	r2, #1
20001cfa:	f240 7127 	movw	r1, #1831	@ 0x727
20001cfe:	4618      	mov	r0, r3
20001d00:	f005 fad4 	bl	200072ac <USART_ITConfig>
20001d04:	e00f      	b.n	20001d26 <sci_write+0x44>
20001d06:	683b      	ldr	r3, [r7, #0]
20001d08:	781b      	ldrb	r3, [r3, #0]
20001d0a:	2b0a      	cmp	r3, #10
20001d0c:	d103      	bne.n	20001d16 <sci_write+0x34>
20001d0e:	210d      	movs	r1, #13
20001d10:	6878      	ldr	r0, [r7, #4]
20001d12:	f7ff ffbd 	bl	20001c90 <outc>
20001d16:	683b      	ldr	r3, [r7, #0]
20001d18:	1c5a      	adds	r2, r3, #1
20001d1a:	603a      	str	r2, [r7, #0]
20001d1c:	781b      	ldrb	r3, [r3, #0]
20001d1e:	4619      	mov	r1, r3
20001d20:	6878      	ldr	r0, [r7, #4]
20001d22:	f7ff ffb5 	bl	20001c90 <outc>
20001d26:	683b      	ldr	r3, [r7, #0]
20001d28:	781b      	ldrb	r3, [r3, #0]
20001d2a:	2b00      	cmp	r3, #0
20001d2c:	d1eb      	bne.n	20001d06 <sci_write+0x24>
20001d2e:	bf00      	nop
20001d30:	bf00      	nop
20001d32:	3708      	adds	r7, #8
20001d34:	46bd      	mov	sp, r7
20001d36:	bd80      	pop	{r7, pc}

20001d38 <sci_writechar>:
20001d38:	b580      	push	{r7, lr}
20001d3a:	b082      	sub	sp, #8
20001d3c:	af00      	add	r7, sp, #0
20001d3e:	6078      	str	r0, [r7, #4]
20001d40:	6039      	str	r1, [r7, #0]
20001d42:	687b      	ldr	r3, [r7, #4]
20001d44:	69db      	ldr	r3, [r3, #28]
20001d46:	2b00      	cmp	r3, #0
20001d48:	d107      	bne.n	20001d5a <sci_writechar+0x22>
20001d4a:	687b      	ldr	r3, [r7, #4]
20001d4c:	689b      	ldr	r3, [r3, #8]
20001d4e:	2201      	movs	r2, #1
20001d50:	f240 7127 	movw	r1, #1831	@ 0x727
20001d54:	4618      	mov	r0, r3
20001d56:	f005 faa9 	bl	200072ac <USART_ITConfig>
20001d5a:	683b      	ldr	r3, [r7, #0]
20001d5c:	b2db      	uxtb	r3, r3
20001d5e:	4619      	mov	r1, r3
20001d60:	6878      	ldr	r0, [r7, #4]
20001d62:	f7ff ff95 	bl	20001c90 <outc>
20001d66:	bf00      	nop
20001d68:	3708      	adds	r7, #8
20001d6a:	46bd      	mov	sp, r7
20001d6c:	bd80      	pop	{r7, pc}

20001d6e <sci_interrupt>:
20001d6e:	b580      	push	{r7, lr}
20001d70:	b086      	sub	sp, #24
20001d72:	af02      	add	r7, sp, #8
20001d74:	6078      	str	r0, [r7, #4]
20001d76:	6039      	str	r1, [r7, #0]
20001d78:	687b      	ldr	r3, [r7, #4]
20001d7a:	689b      	ldr	r3, [r3, #8]
20001d7c:	2120      	movs	r1, #32
20001d7e:	4618      	mov	r0, r3
20001d80:	f005 fadc 	bl	2000733c <USART_GetFlagStatus>
20001d84:	4603      	mov	r3, r0
20001d86:	2b01      	cmp	r3, #1
20001d88:	d118      	bne.n	20001dbc <sci_interrupt+0x4e>
20001d8a:	687b      	ldr	r3, [r7, #4]
20001d8c:	689b      	ldr	r3, [r3, #8]
20001d8e:	4618      	mov	r0, r3
20001d90:	f005 f8f7 	bl	20006f82 <USART_ReceiveData>
20001d94:	4603      	mov	r3, r0
20001d96:	60fb      	str	r3, [r7, #12]
20001d98:	687b      	ldr	r3, [r7, #4]
20001d9a:	68db      	ldr	r3, [r3, #12]
20001d9c:	2b00      	cmp	r3, #0
20001d9e:	d00d      	beq.n	20001dbc <sci_interrupt+0x4e>
20001da0:	687b      	ldr	r3, [r7, #4]
20001da2:	68da      	ldr	r2, [r3, #12]
20001da4:	687b      	ldr	r3, [r7, #4]
20001da6:	6919      	ldr	r1, [r3, #16]
20001da8:	68fb      	ldr	r3, [r7, #12]
20001daa:	9300      	str	r3, [sp, #0]
20001dac:	460b      	mov	r3, r1
20001dae:	2100      	movs	r1, #0
20001db0:	2000      	movs	r0, #0
20001db2:	f7ff f9bb 	bl	2000112c <async>
20001db6:	4b23      	ldr	r3, [pc, #140]	@ (20001e44 <sci_interrupt+0xd6>)
20001db8:	2201      	movs	r2, #1
20001dba:	601a      	str	r2, [r3, #0]
20001dbc:	687b      	ldr	r3, [r7, #4]
20001dbe:	689b      	ldr	r3, [r3, #8]
20001dc0:	2180      	movs	r1, #128	@ 0x80
20001dc2:	4618      	mov	r0, r3
20001dc4:	f005 faba 	bl	2000733c <USART_GetFlagStatus>
20001dc8:	4603      	mov	r3, r0
20001dca:	2b01      	cmp	r3, #1
20001dcc:	d134      	bne.n	20001e38 <sci_interrupt+0xca>
20001dce:	687b      	ldr	r3, [r7, #4]
20001dd0:	69db      	ldr	r3, [r3, #28]
20001dd2:	2b00      	cmp	r3, #0
20001dd4:	dd28      	ble.n	20001e28 <sci_interrupt+0xba>
20001dd6:	687b      	ldr	r3, [r7, #4]
20001dd8:	6898      	ldr	r0, [r3, #8]
20001dda:	687b      	ldr	r3, [r7, #4]
20001ddc:	699b      	ldr	r3, [r3, #24]
20001dde:	687a      	ldr	r2, [r7, #4]
20001de0:	4413      	add	r3, r2
20001de2:	f893 3020 	ldrb.w	r3, [r3, #32]
20001de6:	4619      	mov	r1, r3
20001de8:	f005 f8b9 	bl	20006f5e <USART_SendData>
20001dec:	687b      	ldr	r3, [r7, #4]
20001dee:	699b      	ldr	r3, [r3, #24]
20001df0:	3301      	adds	r3, #1
20001df2:	425a      	negs	r2, r3
20001df4:	f3c3 0309 	ubfx	r3, r3, #0, #10
20001df8:	f3c2 0209 	ubfx	r2, r2, #0, #10
20001dfc:	bf58      	it	pl
20001dfe:	4253      	negpl	r3, r2
20001e00:	687a      	ldr	r2, [r7, #4]
20001e02:	6193      	str	r3, [r2, #24]
20001e04:	687b      	ldr	r3, [r7, #4]
20001e06:	69db      	ldr	r3, [r3, #28]
20001e08:	1e5a      	subs	r2, r3, #1
20001e0a:	687b      	ldr	r3, [r7, #4]
20001e0c:	61da      	str	r2, [r3, #28]
20001e0e:	687b      	ldr	r3, [r7, #4]
20001e10:	69db      	ldr	r3, [r3, #28]
20001e12:	2b00      	cmp	r3, #0
20001e14:	d110      	bne.n	20001e38 <sci_interrupt+0xca>
20001e16:	687b      	ldr	r3, [r7, #4]
20001e18:	689b      	ldr	r3, [r3, #8]
20001e1a:	2200      	movs	r2, #0
20001e1c:	f240 7127 	movw	r1, #1831	@ 0x727
20001e20:	4618      	mov	r0, r3
20001e22:	f005 fa43 	bl	200072ac <USART_ITConfig>
20001e26:	e007      	b.n	20001e38 <sci_interrupt+0xca>
20001e28:	687b      	ldr	r3, [r7, #4]
20001e2a:	689b      	ldr	r3, [r3, #8]
20001e2c:	2200      	movs	r2, #0
20001e2e:	f240 7127 	movw	r1, #1831	@ 0x727
20001e32:	4618      	mov	r0, r3
20001e34:	f005 fa3a 	bl	200072ac <USART_ITConfig>
20001e38:	2300      	movs	r3, #0
20001e3a:	4618      	mov	r0, r3
20001e3c:	3710      	adds	r7, #16
20001e3e:	46bd      	mov	sp, r7
20001e40:	bd80      	pop	{r7, pc}
20001e42:	bf00      	nop
20001e44:	200123b8 	.word	0x200123b8

20001e48 <NVIC_EnableIRQ>:
20001e48:	b480      	push	{r7}
20001e4a:	b083      	sub	sp, #12
20001e4c:	af00      	add	r7, sp, #0
20001e4e:	4603      	mov	r3, r0
20001e50:	71fb      	strb	r3, [r7, #7]
20001e52:	79fb      	ldrb	r3, [r7, #7]
20001e54:	f003 031f 	and.w	r3, r3, #31
20001e58:	2201      	movs	r2, #1
20001e5a:	fa02 f103 	lsl.w	r1, r2, r3
20001e5e:	4a06      	ldr	r2, [pc, #24]	@ (20001e78 <NVIC_EnableIRQ+0x30>)
20001e60:	f997 3007 	ldrsb.w	r3, [r7, #7]
20001e64:	095b      	lsrs	r3, r3, #5
20001e66:	f842 1023 	str.w	r1, [r2, r3, lsl #2]
20001e6a:	bf00      	nop
20001e6c:	370c      	adds	r7, #12
20001e6e:	46bd      	mov	sp, r7
20001e70:	f85d 7b04 	ldr.w	r7, [sp], #4
20001e74:	4770      	bx	lr
20001e76:	bf00      	nop
20001e78:	e000e100 	.word	0xe000e100

20001e7c <NVIC_SetPriority>:
20001e7c:	b480      	push	{r7}
20001e7e:	b083      	sub	sp, #12
20001e80:	af00      	add	r7, sp, #0
20001e82:	4603      	mov	r3, r0
20001e84:	6039      	str	r1, [r7, #0]
20001e86:	71fb      	strb	r3, [r7, #7]
20001e88:	f997 3007 	ldrsb.w	r3, [r7, #7]
20001e8c:	2b00      	cmp	r3, #0
20001e8e:	da0b      	bge.n	20001ea8 <NVIC_SetPriority+0x2c>
20001e90:	683b      	ldr	r3, [r7, #0]
20001e92:	b2da      	uxtb	r2, r3
20001e94:	490c      	ldr	r1, [pc, #48]	@ (20001ec8 <NVIC_SetPriority+0x4c>)
20001e96:	79fb      	ldrb	r3, [r7, #7]
20001e98:	f003 030f 	and.w	r3, r3, #15
20001e9c:	3b04      	subs	r3, #4
20001e9e:	0112      	lsls	r2, r2, #4
20001ea0:	b2d2      	uxtb	r2, r2
20001ea2:	440b      	add	r3, r1
20001ea4:	761a      	strb	r2, [r3, #24]
20001ea6:	e009      	b.n	20001ebc <NVIC_SetPriority+0x40>
20001ea8:	683b      	ldr	r3, [r7, #0]
20001eaa:	b2da      	uxtb	r2, r3
20001eac:	4907      	ldr	r1, [pc, #28]	@ (20001ecc <NVIC_SetPriority+0x50>)
20001eae:	f997 3007 	ldrsb.w	r3, [r7, #7]
20001eb2:	0112      	lsls	r2, r2, #4
20001eb4:	b2d2      	uxtb	r2, r2
20001eb6:	440b      	add	r3, r1
20001eb8:	f883 2300 	strb.w	r2, [r3, #768]	@ 0x300
20001ebc:	bf00      	nop
20001ebe:	370c      	adds	r7, #12
20001ec0:	46bd      	mov	sp, r7
20001ec2:	f85d 7b04 	ldr.w	r7, [sp], #4
20001ec6:	4770      	bx	lr
20001ec8:	e000ed00 	.word	0xe000ed00
20001ecc:	e000e100 	.word	0xe000e100

20001ed0 <sio_init>:
20001ed0:	b580      	push	{r7, lr}
20001ed2:	b082      	sub	sp, #8
20001ed4:	af00      	add	r7, sp, #0
20001ed6:	6078      	str	r0, [r7, #4]
20001ed8:	6039      	str	r1, [r7, #0]
20001eda:	2200      	movs	r2, #0
20001edc:	2101      	movs	r1, #1
20001ede:	4807      	ldr	r0, [pc, #28]	@ (20001efc <sio_init+0x2c>)
20001ee0:	f002 f887 	bl	20003ff2 <GPIO_WriteBit>
20001ee4:	2102      	movs	r1, #2
20001ee6:	2017      	movs	r0, #23
20001ee8:	f7ff ffc8 	bl	20001e7c <NVIC_SetPriority>
20001eec:	2017      	movs	r0, #23
20001eee:	f7ff ffab 	bl	20001e48 <NVIC_EnableIRQ>
20001ef2:	bf00      	nop
20001ef4:	3708      	adds	r7, #8
20001ef6:	46bd      	mov	sp, r7
20001ef8:	bd80      	pop	{r7, pc}
20001efa:	bf00      	nop
20001efc:	40020400 	.word	0x40020400

20001f00 <sio_read>:
20001f00:	b580      	push	{r7, lr}
20001f02:	b082      	sub	sp, #8
20001f04:	af00      	add	r7, sp, #0
20001f06:	6078      	str	r0, [r7, #4]
20001f08:	6039      	str	r1, [r7, #0]
20001f0a:	687b      	ldr	r3, [r7, #4]
20001f0c:	689b      	ldr	r3, [r3, #8]
20001f0e:	2180      	movs	r1, #128	@ 0x80
20001f10:	4618      	mov	r0, r3
20001f12:	f002 f802 	bl	20003f1a <GPIO_ReadInputDataBit>
20001f16:	4603      	mov	r3, r0
20001f18:	4618      	mov	r0, r3
20001f1a:	3708      	adds	r7, #8
20001f1c:	46bd      	mov	sp, r7
20001f1e:	bd80      	pop	{r7, pc}

20001f20 <sio_write>:
20001f20:	b580      	push	{r7, lr}
20001f22:	b082      	sub	sp, #8
20001f24:	af00      	add	r7, sp, #0
20001f26:	6078      	str	r0, [r7, #4]
20001f28:	6039      	str	r1, [r7, #0]
20001f2a:	687b      	ldr	r3, [r7, #4]
20001f2c:	689b      	ldr	r3, [r3, #8]
20001f2e:	683a      	ldr	r2, [r7, #0]
20001f30:	b2d2      	uxtb	r2, r2
20001f32:	2101      	movs	r1, #1
20001f34:	4618      	mov	r0, r3
20001f36:	f002 f85c 	bl	20003ff2 <GPIO_WriteBit>
20001f3a:	bf00      	nop
20001f3c:	3708      	adds	r7, #8
20001f3e:	46bd      	mov	sp, r7
20001f40:	bd80      	pop	{r7, pc}

20001f42 <sio_toggle>:
20001f42:	b580      	push	{r7, lr}
20001f44:	b082      	sub	sp, #8
20001f46:	af00      	add	r7, sp, #0
20001f48:	6078      	str	r0, [r7, #4]
20001f4a:	6039      	str	r1, [r7, #0]
20001f4c:	687b      	ldr	r3, [r7, #4]
20001f4e:	689b      	ldr	r3, [r3, #8]
20001f50:	2101      	movs	r1, #1
20001f52:	4618      	mov	r0, r3
20001f54:	f002 f874 	bl	20004040 <GPIO_ToggleBits>
20001f58:	bf00      	nop
20001f5a:	3708      	adds	r7, #8
20001f5c:	46bd      	mov	sp, r7
20001f5e:	bd80      	pop	{r7, pc}

20001f60 <sio_trig>:
20001f60:	b580      	push	{r7, lr}
20001f62:	b084      	sub	sp, #16
20001f64:	af00      	add	r7, sp, #0
20001f66:	6078      	str	r0, [r7, #4]
20001f68:	6039      	str	r1, [r7, #0]
20001f6a:	f107 0308 	add.w	r3, r7, #8
20001f6e:	4618      	mov	r0, r3
20001f70:	f001 fdda 	bl	20003b28 <EXTI_StructInit>
20001f74:	2380      	movs	r3, #128	@ 0x80
20001f76:	60bb      	str	r3, [r7, #8]
20001f78:	2300      	movs	r3, #0
20001f7a:	733b      	strb	r3, [r7, #12]
20001f7c:	683b      	ldr	r3, [r7, #0]
20001f7e:	2b00      	cmp	r3, #0
20001f80:	d001      	beq.n	20001f86 <sio_trig+0x26>
20001f82:	2308      	movs	r3, #8
20001f84:	e000      	b.n	20001f88 <sio_trig+0x28>
20001f86:	230c      	movs	r3, #12
20001f88:	737b      	strb	r3, [r7, #13]
20001f8a:	2301      	movs	r3, #1
20001f8c:	73bb      	strb	r3, [r7, #14]
20001f8e:	f107 0308 	add.w	r3, r7, #8
20001f92:	4618      	mov	r0, r3
20001f94:	f001 fd56 	bl	20003a44 <EXTI_Init>
20001f98:	bf00      	nop
20001f9a:	3710      	adds	r7, #16
20001f9c:	46bd      	mov	sp, r7
20001f9e:	bd80      	pop	{r7, pc}

20001fa0 <sio_interrupt>:
20001fa0:	b580      	push	{r7, lr}
20001fa2:	b084      	sub	sp, #16
20001fa4:	af02      	add	r7, sp, #8
20001fa6:	6078      	str	r0, [r7, #4]
20001fa8:	6039      	str	r1, [r7, #0]
20001faa:	2080      	movs	r0, #128	@ 0x80
20001fac:	f001 fe0e 	bl	20003bcc <EXTI_GetITStatus>
20001fb0:	4603      	mov	r3, r0
20001fb2:	2b01      	cmp	r3, #1
20001fb4:	d114      	bne.n	20001fe0 <sio_interrupt+0x40>
20001fb6:	2080      	movs	r0, #128	@ 0x80
20001fb8:	f001 fe22 	bl	20003c00 <EXTI_ClearITPendingBit>
20001fbc:	687b      	ldr	r3, [r7, #4]
20001fbe:	68db      	ldr	r3, [r3, #12]
20001fc0:	2b00      	cmp	r3, #0
20001fc2:	d010      	beq.n	20001fe6 <sio_interrupt+0x46>
20001fc4:	687b      	ldr	r3, [r7, #4]
20001fc6:	68da      	ldr	r2, [r3, #12]
20001fc8:	687b      	ldr	r3, [r7, #4]
20001fca:	691b      	ldr	r3, [r3, #16]
20001fcc:	2100      	movs	r1, #0
20001fce:	9100      	str	r1, [sp, #0]
20001fd0:	2100      	movs	r1, #0
20001fd2:	2000      	movs	r0, #0
20001fd4:	f7ff f8aa 	bl	2000112c <async>
20001fd8:	4b05      	ldr	r3, [pc, #20]	@ (20001ff0 <sio_interrupt+0x50>)
20001fda:	2201      	movs	r2, #1
20001fdc:	601a      	str	r2, [r3, #0]
20001fde:	e002      	b.n	20001fe6 <sio_interrupt+0x46>
20001fe0:	4804      	ldr	r0, [pc, #16]	@ (20001ff4 <sio_interrupt+0x54>)
20001fe2:	f7fe fc69 	bl	200008b8 <DUMP>
20001fe6:	2300      	movs	r3, #0
20001fe8:	4618      	mov	r0, r3
20001fea:	3708      	adds	r7, #8
20001fec:	46bd      	mov	sp, r7
20001fee:	bd80      	pop	{r7, pc}
20001ff0:	200123b8 	.word	0x200123b8
20001ff4:	2000845c 	.word	0x2000845c

20001ff8 <vect_SVCall>:
20001ff8:	4931      	ldr	r1, [pc, #196]	@ (200020c0 <L000b+0x26>)
20001ffa:	e000      	b.n	20001ffe <vect_PendSV1>

20001ffc <vect_PendSV>:
20001ffc:	4931      	ldr	r1, [pc, #196]	@ (200020c4 <L000b+0x2a>)

20001ffe <vect_PendSV1>:
20001ffe:	f3ef 8008 	mrs	r0, MSP
20002002:	ed20 8a10 	vstmdb	r0!, {s16-s31}
20002006:	4672      	mov	r2, lr
20002008:	f3ef 8311 	mrs	r3, BASEPRI
2000200c:	e920 0ffc 	stmdb	r0!, {r2, r3, r4, r5, r6, r7, r8, r9, sl, fp}
20002010:	4f2d      	ldr	r7, [pc, #180]	@ (200020c8 <L000b+0x2e>)
20002012:	f8d7 8000 	ldr.w	r8, [r7]
20002016:	f8c8 0000 	str.w	r0, [r8]
2000201a:	e01e      	b.n	2000205a <L000a>
2000201c:	4608      	mov	r0, r1
2000201e:	f7fe fc4b 	bl	200008b8 <DUMP>
20002022:	482a      	ldr	r0, [pc, #168]	@ (200020cc <L000b+0x32>)
20002024:	f7fe fc48 	bl	200008b8 <DUMP>
20002028:	4829      	ldr	r0, [pc, #164]	@ (200020d0 <L000b+0x36>)
2000202a:	f7fe fc45 	bl	200008b8 <DUMP>
2000202e:	f8d8 0004 	ldr.w	r0, [r8, #4]
20002032:	f7fe fc8d 	bl	20000950 <DUMPD>
20002036:	4827      	ldr	r0, [pc, #156]	@ (200020d4 <L000b+0x3a>)
20002038:	f7fe fc3e 	bl	200008b8 <DUMP>
2000203c:	f8d8 0000 	ldr.w	r0, [r8]
20002040:	f7fe fc57 	bl	200008f2 <DUMPH>
20002044:	4824      	ldr	r0, [pc, #144]	@ (200020d8 <L000b+0x3e>)
20002046:	f7fe fc37 	bl	200008b8 <DUMP>
2000204a:	f8d8 0000 	ldr.w	r0, [r8]
2000204e:	6800      	ldr	r0, [r0, #0]
20002050:	f7fe fc4f 	bl	200008f2 <DUMPH>
20002054:	481d      	ldr	r0, [pc, #116]	@ (200020cc <L000b+0x32>)
20002056:	f7fe fc2f 	bl	200008b8 <DUMP>

2000205a <L000a>:
2000205a:	f8df 8080 	ldr.w	r8, [pc, #128]	@ 200020dc <L000b+0x42>
2000205e:	f8d8 8000 	ldr.w	r8, [r8]
20002062:	f8c7 8000 	str.w	r8, [r7]
20002066:	e018      	b.n	2000209a <L000b>
20002068:	481d      	ldr	r0, [pc, #116]	@ (200020e0 <L000b+0x46>)
2000206a:	f7fe fc25 	bl	200008b8 <DUMP>
2000206e:	f8d8 0004 	ldr.w	r0, [r8, #4]
20002072:	f7fe fc6d 	bl	20000950 <DUMPD>
20002076:	481b      	ldr	r0, [pc, #108]	@ (200020e4 <L000b+0x4a>)
20002078:	f7fe fc1e 	bl	200008b8 <DUMP>
2000207c:	f8d8 0000 	ldr.w	r0, [r8]
20002080:	f7fe fc37 	bl	200008f2 <DUMPH>
20002084:	4814      	ldr	r0, [pc, #80]	@ (200020d8 <L000b+0x3e>)
20002086:	f7fe fc17 	bl	200008b8 <DUMP>
2000208a:	f8d8 0000 	ldr.w	r0, [r8]
2000208e:	6800      	ldr	r0, [r0, #0]
20002090:	f7fe fc2f 	bl	200008f2 <DUMPH>
20002094:	480d      	ldr	r0, [pc, #52]	@ (200020cc <L000b+0x32>)
20002096:	f7fe fc0f 	bl	200008b8 <DUMP>

2000209a <L000b>:
2000209a:	4a13      	ldr	r2, [pc, #76]	@ (200020e8 <L000b+0x4e>)
2000209c:	6853      	ldr	r3, [r2, #4]
2000209e:	f043 6300 	orr.w	r3, r3, #134217728	@ 0x8000000
200020a2:	6053      	str	r3, [r2, #4]
200020a4:	bf00      	nop
200020a6:	f8d8 0000 	ldr.w	r0, [r8]
200020aa:	e8b0 0ffc 	ldmia.w	r0!, {r2, r3, r4, r5, r6, r7, r8, r9, sl, fp}
200020ae:	f383 8811 	msr	BASEPRI, r3
200020b2:	4696      	mov	lr, r2
200020b4:	ecb0 8a10 	vldmia	r0!, {s16-s31}
200020b8:	f380 8808 	msr	MSP, r0
200020bc:	4770      	bx	lr
200020be:	0000      	.short	0x0000
200020c0:	200094ec 	.word	0x200094ec
200020c4:	200094fd 	.word	0x200094fd
200020c8:	200094e8 	.word	0x200094e8
200020cc:	2000956d 	.word	0x2000956d
200020d0:	2000951e 	.word	0x2000951e
200020d4:	20009536 	.word	0x20009536
200020d8:	2000953e 	.word	0x2000953e
200020dc:	200123c4 	.word	0x200123c4
200020e0:	20009547 	.word	0x20009547
200020e4:	2000955c 	.word	0x2000955c
200020e8:	e000ed00 	.word	0xe000ed00

200020ec <__usart_init>:
200020ec:	b480      	push	{r7}
200020ee:	af00      	add	r7, sp, #0
200020f0:	bf00      	nop
200020f2:	46bd      	mov	sp, r7
200020f4:	f85d 7b04 	ldr.w	r7, [sp], #4
200020f8:	4770      	bx	lr

200020fa <__can_init>:
200020fa:	b580      	push	{r7, lr}
200020fc:	b086      	sub	sp, #24
200020fe:	af00      	add	r7, sp, #0
20002100:	4845      	ldr	r0, [pc, #276]	@ (20002218 <__can_init+0x11e>)
20002102:	f001 fd8d 	bl	20003c20 <GPIO_DeInit>
20002106:	4845      	ldr	r0, [pc, #276]	@ (2000221c <__can_init+0x122>)
20002108:	f000 f980 	bl	2000240c <CAN_DeInit>
2000210c:	4844      	ldr	r0, [pc, #272]	@ (20002220 <__can_init+0x126>)
2000210e:	f000 f97d 	bl	2000240c <CAN_DeInit>
20002112:	2101      	movs	r1, #1
20002114:	f04f 7000 	mov.w	r0, #33554432	@ 0x2000000
20002118:	f002 fc2a 	bl	20004970 <RCC_APB1PeriphClockCmd>
2000211c:	2101      	movs	r1, #1
2000211e:	f04f 6080 	mov.w	r0, #67108864	@ 0x4000000
20002122:	f002 fc25 	bl	20004970 <RCC_APB1PeriphClockCmd>
20002126:	2101      	movs	r1, #1
20002128:	2002      	movs	r0, #2
2000212a:	f002 fbc1 	bl	200048b0 <RCC_AHB1PeriphClockCmd>
2000212e:	2209      	movs	r2, #9
20002130:	2109      	movs	r1, #9
20002132:	4839      	ldr	r0, [pc, #228]	@ (20002218 <__can_init+0x11e>)
20002134:	f001 ff96 	bl	20004064 <GPIO_PinAFConfig>
20002138:	2209      	movs	r2, #9
2000213a:	2108      	movs	r1, #8
2000213c:	4836      	ldr	r0, [pc, #216]	@ (20002218 <__can_init+0x11e>)
2000213e:	f001 ff91 	bl	20004064 <GPIO_PinAFConfig>
20002142:	f107 0310 	add.w	r3, r7, #16
20002146:	4618      	mov	r0, r3
20002148:	f001 feab 	bl	20003ea2 <GPIO_StructInit>
2000214c:	f44f 7300 	mov.w	r3, #512	@ 0x200
20002150:	613b      	str	r3, [r7, #16]
20002152:	2302      	movs	r3, #2
20002154:	753b      	strb	r3, [r7, #20]
20002156:	2300      	movs	r3, #0
20002158:	75bb      	strb	r3, [r7, #22]
2000215a:	2300      	movs	r3, #0
2000215c:	75fb      	strb	r3, [r7, #23]
2000215e:	2302      	movs	r3, #2
20002160:	757b      	strb	r3, [r7, #21]
20002162:	f107 0310 	add.w	r3, r7, #16
20002166:	4619      	mov	r1, r3
20002168:	482b      	ldr	r0, [pc, #172]	@ (20002218 <__can_init+0x11e>)
2000216a:	f001 fe0b 	bl	20003d84 <GPIO_Init>
2000216e:	f44f 7380 	mov.w	r3, #256	@ 0x100
20002172:	613b      	str	r3, [r7, #16]
20002174:	2302      	movs	r3, #2
20002176:	753b      	strb	r3, [r7, #20]
20002178:	2300      	movs	r3, #0
2000217a:	75bb      	strb	r3, [r7, #22]
2000217c:	2301      	movs	r3, #1
2000217e:	75fb      	strb	r3, [r7, #23]
20002180:	2302      	movs	r3, #2
20002182:	757b      	strb	r3, [r7, #21]
20002184:	f107 0310 	add.w	r3, r7, #16
20002188:	4619      	mov	r1, r3
2000218a:	4823      	ldr	r0, [pc, #140]	@ (20002218 <__can_init+0x11e>)
2000218c:	f001 fdfa 	bl	20003d84 <GPIO_Init>
20002190:	2209      	movs	r2, #9
20002192:	2106      	movs	r1, #6
20002194:	4820      	ldr	r0, [pc, #128]	@ (20002218 <__can_init+0x11e>)
20002196:	f001 ff65 	bl	20004064 <GPIO_PinAFConfig>
2000219a:	2209      	movs	r2, #9
2000219c:	2105      	movs	r1, #5
2000219e:	481e      	ldr	r0, [pc, #120]	@ (20002218 <__can_init+0x11e>)
200021a0:	f001 ff60 	bl	20004064 <GPIO_PinAFConfig>
200021a4:	2340      	movs	r3, #64	@ 0x40
200021a6:	613b      	str	r3, [r7, #16]
200021a8:	2302      	movs	r3, #2
200021aa:	753b      	strb	r3, [r7, #20]
200021ac:	2300      	movs	r3, #0
200021ae:	75bb      	strb	r3, [r7, #22]
200021b0:	2300      	movs	r3, #0
200021b2:	75fb      	strb	r3, [r7, #23]
200021b4:	2302      	movs	r3, #2
200021b6:	757b      	strb	r3, [r7, #21]
200021b8:	f107 0310 	add.w	r3, r7, #16
200021bc:	4619      	mov	r1, r3
200021be:	4816      	ldr	r0, [pc, #88]	@ (20002218 <__can_init+0x11e>)
200021c0:	f001 fde0 	bl	20003d84 <GPIO_Init>
200021c4:	2320      	movs	r3, #32
200021c6:	613b      	str	r3, [r7, #16]
200021c8:	2302      	movs	r3, #2
200021ca:	753b      	strb	r3, [r7, #20]
200021cc:	2300      	movs	r3, #0
200021ce:	75bb      	strb	r3, [r7, #22]
200021d0:	2301      	movs	r3, #1
200021d2:	75fb      	strb	r3, [r7, #23]
200021d4:	2302      	movs	r3, #2
200021d6:	757b      	strb	r3, [r7, #21]
200021d8:	f107 0310 	add.w	r3, r7, #16
200021dc:	4619      	mov	r1, r3
200021de:	480e      	ldr	r0, [pc, #56]	@ (20002218 <__can_init+0x11e>)
200021e0:	f001 fdd0 	bl	20003d84 <GPIO_Init>
200021e4:	2300      	movs	r3, #0
200021e6:	72bb      	strb	r3, [r7, #10]
200021e8:	2300      	movs	r3, #0
200021ea:	72fb      	strb	r3, [r7, #11]
200021ec:	2301      	movs	r3, #1
200021ee:	733b      	strb	r3, [r7, #12]
200021f0:	2300      	movs	r3, #0
200021f2:	803b      	strh	r3, [r7, #0]
200021f4:	2300      	movs	r3, #0
200021f6:	807b      	strh	r3, [r7, #2]
200021f8:	2300      	movs	r3, #0
200021fa:	80bb      	strh	r3, [r7, #4]
200021fc:	2300      	movs	r3, #0
200021fe:	80fb      	strh	r3, [r7, #6]
20002200:	2300      	movs	r3, #0
20002202:	813b      	strh	r3, [r7, #8]
20002204:	2301      	movs	r3, #1
20002206:	737b      	strb	r3, [r7, #13]
20002208:	463b      	mov	r3, r7
2000220a:	4618      	mov	r0, r3
2000220c:	f000 f9f3 	bl	200025f6 <CAN_FilterInit>
20002210:	bf00      	nop
20002212:	3718      	adds	r7, #24
20002214:	46bd      	mov	sp, r7
20002216:	bd80      	pop	{r7, pc}
20002218:	40020400 	.word	0x40020400
2000221c:	40006400 	.word	0x40006400
20002220:	40006800 	.word	0x40006800

20002224 <__dac_init>:
20002224:	b580      	push	{r7, lr}
20002226:	b086      	sub	sp, #24
20002228:	af00      	add	r7, sp, #0
2000222a:	2101      	movs	r1, #1
2000222c:	f04f 5000 	mov.w	r0, #536870912	@ 0x20000000
20002230:	f002 fb9e 	bl	20004970 <RCC_APB1PeriphClockCmd>
20002234:	f107 0310 	add.w	r3, r7, #16
20002238:	4618      	mov	r0, r3
2000223a:	f001 fe32 	bl	20003ea2 <GPIO_StructInit>
2000223e:	2320      	movs	r3, #32
20002240:	613b      	str	r3, [r7, #16]
20002242:	2303      	movs	r3, #3
20002244:	753b      	strb	r3, [r7, #20]
20002246:	2300      	movs	r3, #0
20002248:	75fb      	strb	r3, [r7, #23]
2000224a:	f107 0310 	add.w	r3, r7, #16
2000224e:	4619      	mov	r1, r3
20002250:	480f      	ldr	r0, [pc, #60]	@ (20002290 <__dac_init+0x6c>)
20002252:	f001 fd97 	bl	20003d84 <GPIO_Init>
20002256:	f001 f9b3 	bl	200035c0 <DAC_DeInit>
2000225a:	463b      	mov	r3, r7
2000225c:	4618      	mov	r0, r3
2000225e:	f001 f9f1 	bl	20003644 <DAC_StructInit>
20002262:	2300      	movs	r3, #0
20002264:	603b      	str	r3, [r7, #0]
20002266:	2300      	movs	r3, #0
20002268:	607b      	str	r3, [r7, #4]
2000226a:	2300      	movs	r3, #0
2000226c:	60fb      	str	r3, [r7, #12]
2000226e:	463b      	mov	r3, r7
20002270:	4619      	mov	r1, r3
20002272:	2010      	movs	r0, #16
20002274:	f001 f9b2 	bl	200035dc <DAC_Init>
20002278:	2101      	movs	r1, #1
2000227a:	2010      	movs	r0, #16
2000227c:	f001 f9f8 	bl	20003670 <DAC_Cmd>
20002280:	2100      	movs	r1, #0
20002282:	2008      	movs	r0, #8
20002284:	f001 faa2 	bl	200037cc <DAC_SetChannel2Data>
20002288:	bf00      	nop
2000228a:	3718      	adds	r7, #24
2000228c:	46bd      	mov	sp, r7
2000228e:	bd80      	pop	{r7, pc}
20002290:	40020000 	.word	0x40020000

20002294 <__sio_init>:
20002294:	b580      	push	{r7, lr}
20002296:	b084      	sub	sp, #16
20002298:	af00      	add	r7, sp, #0
2000229a:	2101      	movs	r1, #1
2000229c:	f44f 4080 	mov.w	r0, #16384	@ 0x4000
200022a0:	f002 fb86 	bl	200049b0 <RCC_APB2PeriphClockCmd>
200022a4:	2107      	movs	r1, #7
200022a6:	2001      	movs	r0, #1
200022a8:	f002 fdac 	bl	20004e04 <SYSCFG_EXTILineConfig>
200022ac:	f001 fbb0 	bl	20003a10 <EXTI_DeInit>
200022b0:	463b      	mov	r3, r7
200022b2:	4618      	mov	r0, r3
200022b4:	f001 fc38 	bl	20003b28 <EXTI_StructInit>
200022b8:	2380      	movs	r3, #128	@ 0x80
200022ba:	603b      	str	r3, [r7, #0]
200022bc:	2300      	movs	r3, #0
200022be:	713b      	strb	r3, [r7, #4]
200022c0:	230c      	movs	r3, #12
200022c2:	717b      	strb	r3, [r7, #5]
200022c4:	2301      	movs	r3, #1
200022c6:	71bb      	strb	r3, [r7, #6]
200022c8:	463b      	mov	r3, r7
200022ca:	4618      	mov	r0, r3
200022cc:	f001 fbba 	bl	20003a44 <EXTI_Init>
200022d0:	f107 0308 	add.w	r3, r7, #8
200022d4:	4618      	mov	r0, r3
200022d6:	f001 fde4 	bl	20003ea2 <GPIO_StructInit>
200022da:	2302      	movs	r3, #2
200022dc:	60bb      	str	r3, [r7, #8]
200022de:	2301      	movs	r3, #1
200022e0:	733b      	strb	r3, [r7, #12]
200022e2:	2301      	movs	r3, #1
200022e4:	73bb      	strb	r3, [r7, #14]
200022e6:	2300      	movs	r3, #0
200022e8:	73fb      	strb	r3, [r7, #15]
200022ea:	2301      	movs	r3, #1
200022ec:	737b      	strb	r3, [r7, #13]
200022ee:	f107 0308 	add.w	r3, r7, #8
200022f2:	4619      	mov	r1, r3
200022f4:	4818      	ldr	r0, [pc, #96]	@ (20002358 <__sio_init+0xc4>)
200022f6:	f001 fd45 	bl	20003d84 <GPIO_Init>
200022fa:	2301      	movs	r3, #1
200022fc:	60bb      	str	r3, [r7, #8]
200022fe:	2301      	movs	r3, #1
20002300:	733b      	strb	r3, [r7, #12]
20002302:	2301      	movs	r3, #1
20002304:	73bb      	strb	r3, [r7, #14]
20002306:	2300      	movs	r3, #0
20002308:	73fb      	strb	r3, [r7, #15]
2000230a:	2301      	movs	r3, #1
2000230c:	737b      	strb	r3, [r7, #13]
2000230e:	f107 0308 	add.w	r3, r7, #8
20002312:	4619      	mov	r1, r3
20002314:	4810      	ldr	r0, [pc, #64]	@ (20002358 <__sio_init+0xc4>)
20002316:	f001 fd35 	bl	20003d84 <GPIO_Init>
2000231a:	2201      	movs	r2, #1
2000231c:	2102      	movs	r1, #2
2000231e:	480e      	ldr	r0, [pc, #56]	@ (20002358 <__sio_init+0xc4>)
20002320:	f001 fe67 	bl	20003ff2 <GPIO_WriteBit>
20002324:	2201      	movs	r2, #1
20002326:	2101      	movs	r1, #1
20002328:	480b      	ldr	r0, [pc, #44]	@ (20002358 <__sio_init+0xc4>)
2000232a:	f001 fe62 	bl	20003ff2 <GPIO_WriteBit>
2000232e:	2380      	movs	r3, #128	@ 0x80
20002330:	60bb      	str	r3, [r7, #8]
20002332:	2300      	movs	r3, #0
20002334:	733b      	strb	r3, [r7, #12]
20002336:	2300      	movs	r3, #0
20002338:	73bb      	strb	r3, [r7, #14]
2000233a:	2300      	movs	r3, #0
2000233c:	73fb      	strb	r3, [r7, #15]
2000233e:	2301      	movs	r3, #1
20002340:	737b      	strb	r3, [r7, #13]
20002342:	f107 0308 	add.w	r3, r7, #8
20002346:	4619      	mov	r1, r3
20002348:	4803      	ldr	r0, [pc, #12]	@ (20002358 <__sio_init+0xc4>)
2000234a:	f001 fd1b 	bl	20003d84 <GPIO_Init>
2000234e:	bf00      	nop
20002350:	3710      	adds	r7, #16
20002352:	46bd      	mov	sp, r7
20002354:	bd80      	pop	{r7, pc}
20002356:	bf00      	nop
20002358:	40020400 	.word	0x40020400

2000235c <__sys_init>:
2000235c:	b480      	push	{r7}
2000235e:	b083      	sub	sp, #12
20002360:	af00      	add	r7, sp, #0
20002362:	f3ef 8314 	mrs	r3, CONTROL
20002366:	603b      	str	r3, [r7, #0]
20002368:	683b      	ldr	r3, [r7, #0]
2000236a:	f023 0303 	bic.w	r3, r3, #3
2000236e:	607b      	str	r3, [r7, #4]
20002370:	687b      	ldr	r3, [r7, #4]
20002372:	f383 8814 	msr	CONTROL, r3
20002376:	bf00      	nop
20002378:	4b06      	ldr	r3, [pc, #24]	@ (20002394 <__sys_init+0x38>)
2000237a:	f44f 7204 	mov.w	r2, #528	@ 0x210
2000237e:	615a      	str	r2, [r3, #20]
20002380:	4b05      	ldr	r3, [pc, #20]	@ (20002398 <__sys_init+0x3c>)
20002382:	f04f 4200 	mov.w	r2, #2147483648	@ 0x80000000
20002386:	605a      	str	r2, [r3, #4]
20002388:	bf00      	nop
2000238a:	370c      	adds	r7, #12
2000238c:	46bd      	mov	sp, r7
2000238e:	f85d 7b04 	ldr.w	r7, [sp], #4
20002392:	4770      	bx	lr
20002394:	e000ed00 	.word	0xe000ed00
20002398:	e000ef30 	.word	0xe000ef30

2000239c <__timer_init>:
2000239c:	b580      	push	{r7, lr}
2000239e:	af00      	add	r7, sp, #0
200023a0:	2101      	movs	r1, #1
200023a2:	2008      	movs	r0, #8
200023a4:	f002 fae4 	bl	20004970 <RCC_APB1PeriphClockCmd>
200023a8:	2101      	movs	r1, #1
200023aa:	2008      	movs	r0, #8
200023ac:	f002 fc20 	bl	20004bf0 <RCC_APB1PeriphClockLPModeCmd>
200023b0:	bf00      	nop
200023b2:	bd80      	pop	{r7, pc}

200023b4 <__bss_init>:
200023b4:	b480      	push	{r7}
200023b6:	af00      	add	r7, sp, #0
200023b8:	4a12      	ldr	r2, [pc, #72]	@ (20002404 <Exit+0xe>)
200023ba:	e002      	b.n	200023c2 <LoopFillZerobss>

200023bc <FillZerobss>:
200023bc:	2300      	movs	r3, #0
200023be:	f842 3b04 	str.w	r3, [r2], #4

200023c2 <LoopFillZerobss>:
200023c2:	4b11      	ldr	r3, [pc, #68]	@ (20002408 <Exit+0x12>)
200023c4:	429a      	cmp	r2, r3
200023c6:	d3f9      	bcc.n	200023bc <FillZerobss>
200023c8:	bf00      	nop
200023ca:	46bd      	mov	sp, r7
200023cc:	f85d 7b04 	ldr.w	r7, [sp], #4
200023d0:	4770      	bx	lr

200023d2 <Init>:
200023d2:	b580      	push	{r7, lr}
200023d4:	af00      	add	r7, sp, #0
200023d6:	f7ff ffed 	bl	200023b4 <__bss_init>
200023da:	f7ff fe87 	bl	200020ec <__usart_init>
200023de:	f7ff fe8c 	bl	200020fa <__can_init>
200023e2:	f7ff ff1f 	bl	20002224 <__dac_init>
200023e6:	f7ff ff55 	bl	20002294 <__sio_init>
200023ea:	f7ff ffb7 	bl	2000235c <__sys_init>
200023ee:	f7ff ffd5 	bl	2000239c <__timer_init>
200023f2:	bf00      	nop
200023f4:	bd80      	pop	{r7, pc}

200023f6 <Exit>:
200023f6:	b480      	push	{r7}
200023f8:	af00      	add	r7, sp, #0
200023fa:	bf00      	nop
200023fc:	46bd      	mov	sp, r7
200023fe:	f85d 7b04 	ldr.w	r7, [sp], #4
20002402:	4770      	bx	lr
20002404:	2000a000 	.word	0x2000a000
20002408:	200123f4 	.word	0x200123f4

2000240c <CAN_DeInit>:
2000240c:	b580      	push	{r7, lr}
2000240e:	b082      	sub	sp, #8
20002410:	af00      	add	r7, sp, #0
20002412:	6078      	str	r0, [r7, #4]
20002414:	687b      	ldr	r3, [r7, #4]
20002416:	4a0e      	ldr	r2, [pc, #56]	@ (20002450 <CAN_DeInit+0x44>)
20002418:	4293      	cmp	r3, r2
2000241a:	d10a      	bne.n	20002432 <CAN_DeInit+0x26>
2000241c:	2101      	movs	r1, #1
2000241e:	f04f 7000 	mov.w	r0, #33554432	@ 0x2000000
20002422:	f002 fb45 	bl	20004ab0 <RCC_APB1PeriphResetCmd>
20002426:	2100      	movs	r1, #0
20002428:	f04f 7000 	mov.w	r0, #33554432	@ 0x2000000
2000242c:	f002 fb40 	bl	20004ab0 <RCC_APB1PeriphResetCmd>
20002430:	e009      	b.n	20002446 <CAN_DeInit+0x3a>
20002432:	2101      	movs	r1, #1
20002434:	f04f 6080 	mov.w	r0, #67108864	@ 0x4000000
20002438:	f002 fb3a 	bl	20004ab0 <RCC_APB1PeriphResetCmd>
2000243c:	2100      	movs	r1, #0
2000243e:	f04f 6080 	mov.w	r0, #67108864	@ 0x4000000
20002442:	f002 fb35 	bl	20004ab0 <RCC_APB1PeriphResetCmd>
20002446:	bf00      	nop
20002448:	3708      	adds	r7, #8
2000244a:	46bd      	mov	sp, r7
2000244c:	bd80      	pop	{r7, pc}
2000244e:	bf00      	nop
20002450:	40006400 	.word	0x40006400

20002454 <CAN_Init>:
20002454:	b480      	push	{r7}
20002456:	b085      	sub	sp, #20
20002458:	af00      	add	r7, sp, #0
2000245a:	6078      	str	r0, [r7, #4]
2000245c:	6039      	str	r1, [r7, #0]
2000245e:	2300      	movs	r3, #0
20002460:	73fb      	strb	r3, [r7, #15]
20002462:	2300      	movs	r3, #0
20002464:	60bb      	str	r3, [r7, #8]
20002466:	687b      	ldr	r3, [r7, #4]
20002468:	681b      	ldr	r3, [r3, #0]
2000246a:	f023 0202 	bic.w	r2, r3, #2
2000246e:	687b      	ldr	r3, [r7, #4]
20002470:	601a      	str	r2, [r3, #0]
20002472:	687b      	ldr	r3, [r7, #4]
20002474:	681b      	ldr	r3, [r3, #0]
20002476:	f043 0201 	orr.w	r2, r3, #1
2000247a:	687b      	ldr	r3, [r7, #4]
2000247c:	601a      	str	r2, [r3, #0]
2000247e:	e002      	b.n	20002486 <CAN_Init+0x32>
20002480:	68bb      	ldr	r3, [r7, #8]
20002482:	3301      	adds	r3, #1
20002484:	60bb      	str	r3, [r7, #8]
20002486:	687b      	ldr	r3, [r7, #4]
20002488:	685b      	ldr	r3, [r3, #4]
2000248a:	f003 0301 	and.w	r3, r3, #1
2000248e:	2b01      	cmp	r3, #1
20002490:	d004      	beq.n	2000249c <CAN_Init+0x48>
20002492:	68bb      	ldr	r3, [r7, #8]
20002494:	f64f 72ff 	movw	r2, #65535	@ 0xffff
20002498:	4293      	cmp	r3, r2
2000249a:	d1f1      	bne.n	20002480 <CAN_Init+0x2c>
2000249c:	687b      	ldr	r3, [r7, #4]
2000249e:	685b      	ldr	r3, [r3, #4]
200024a0:	f003 0301 	and.w	r3, r3, #1
200024a4:	2b01      	cmp	r3, #1
200024a6:	d002      	beq.n	200024ae <CAN_Init+0x5a>
200024a8:	2300      	movs	r3, #0
200024aa:	73fb      	strb	r3, [r7, #15]
200024ac:	e09c      	b.n	200025e8 <CAN_Init+0x194>
200024ae:	683b      	ldr	r3, [r7, #0]
200024b0:	799b      	ldrb	r3, [r3, #6]
200024b2:	2b01      	cmp	r3, #1
200024b4:	d106      	bne.n	200024c4 <CAN_Init+0x70>
200024b6:	687b      	ldr	r3, [r7, #4]
200024b8:	681b      	ldr	r3, [r3, #0]
200024ba:	f043 0280 	orr.w	r2, r3, #128	@ 0x80
200024be:	687b      	ldr	r3, [r7, #4]
200024c0:	601a      	str	r2, [r3, #0]
200024c2:	e005      	b.n	200024d0 <CAN_Init+0x7c>
200024c4:	687b      	ldr	r3, [r7, #4]
200024c6:	681b      	ldr	r3, [r3, #0]
200024c8:	f023 0280 	bic.w	r2, r3, #128	@ 0x80
200024cc:	687b      	ldr	r3, [r7, #4]
200024ce:	601a      	str	r2, [r3, #0]
200024d0:	683b      	ldr	r3, [r7, #0]
200024d2:	79db      	ldrb	r3, [r3, #7]
200024d4:	2b01      	cmp	r3, #1
200024d6:	d106      	bne.n	200024e6 <CAN_Init+0x92>
200024d8:	687b      	ldr	r3, [r7, #4]
200024da:	681b      	ldr	r3, [r3, #0]
200024dc:	f043 0240 	orr.w	r2, r3, #64	@ 0x40
200024e0:	687b      	ldr	r3, [r7, #4]
200024e2:	601a      	str	r2, [r3, #0]
200024e4:	e005      	b.n	200024f2 <CAN_Init+0x9e>
200024e6:	687b      	ldr	r3, [r7, #4]
200024e8:	681b      	ldr	r3, [r3, #0]
200024ea:	f023 0240 	bic.w	r2, r3, #64	@ 0x40
200024ee:	687b      	ldr	r3, [r7, #4]
200024f0:	601a      	str	r2, [r3, #0]
200024f2:	683b      	ldr	r3, [r7, #0]
200024f4:	7a1b      	ldrb	r3, [r3, #8]
200024f6:	2b01      	cmp	r3, #1
200024f8:	d106      	bne.n	20002508 <CAN_Init+0xb4>
200024fa:	687b      	ldr	r3, [r7, #4]
200024fc:	681b      	ldr	r3, [r3, #0]
200024fe:	f043 0220 	orr.w	r2, r3, #32
20002502:	687b      	ldr	r3, [r7, #4]
20002504:	601a      	str	r2, [r3, #0]
20002506:	e005      	b.n	20002514 <CAN_Init+0xc0>
20002508:	687b      	ldr	r3, [r7, #4]
2000250a:	681b      	ldr	r3, [r3, #0]
2000250c:	f023 0220 	bic.w	r2, r3, #32
20002510:	687b      	ldr	r3, [r7, #4]
20002512:	601a      	str	r2, [r3, #0]
20002514:	683b      	ldr	r3, [r7, #0]
20002516:	7a5b      	ldrb	r3, [r3, #9]
20002518:	2b01      	cmp	r3, #1
2000251a:	d106      	bne.n	2000252a <CAN_Init+0xd6>
2000251c:	687b      	ldr	r3, [r7, #4]
2000251e:	681b      	ldr	r3, [r3, #0]
20002520:	f043 0210 	orr.w	r2, r3, #16
20002524:	687b      	ldr	r3, [r7, #4]
20002526:	601a      	str	r2, [r3, #0]
20002528:	e005      	b.n	20002536 <CAN_Init+0xe2>
2000252a:	687b      	ldr	r3, [r7, #4]
2000252c:	681b      	ldr	r3, [r3, #0]
2000252e:	f023 0210 	bic.w	r2, r3, #16
20002532:	687b      	ldr	r3, [r7, #4]
20002534:	601a      	str	r2, [r3, #0]
20002536:	683b      	ldr	r3, [r7, #0]
20002538:	7a9b      	ldrb	r3, [r3, #10]
2000253a:	2b01      	cmp	r3, #1
2000253c:	d106      	bne.n	2000254c <CAN_Init+0xf8>
2000253e:	687b      	ldr	r3, [r7, #4]
20002540:	681b      	ldr	r3, [r3, #0]
20002542:	f043 0208 	orr.w	r2, r3, #8
20002546:	687b      	ldr	r3, [r7, #4]
20002548:	601a      	str	r2, [r3, #0]
2000254a:	e005      	b.n	20002558 <CAN_Init+0x104>
2000254c:	687b      	ldr	r3, [r7, #4]
2000254e:	681b      	ldr	r3, [r3, #0]
20002550:	f023 0208 	bic.w	r2, r3, #8
20002554:	687b      	ldr	r3, [r7, #4]
20002556:	601a      	str	r2, [r3, #0]
20002558:	683b      	ldr	r3, [r7, #0]
2000255a:	7adb      	ldrb	r3, [r3, #11]
2000255c:	2b01      	cmp	r3, #1
2000255e:	d106      	bne.n	2000256e <CAN_Init+0x11a>
20002560:	687b      	ldr	r3, [r7, #4]
20002562:	681b      	ldr	r3, [r3, #0]
20002564:	f043 0204 	orr.w	r2, r3, #4
20002568:	687b      	ldr	r3, [r7, #4]
2000256a:	601a      	str	r2, [r3, #0]
2000256c:	e005      	b.n	2000257a <CAN_Init+0x126>
2000256e:	687b      	ldr	r3, [r7, #4]
20002570:	681b      	ldr	r3, [r3, #0]
20002572:	f023 0204 	bic.w	r2, r3, #4
20002576:	687b      	ldr	r3, [r7, #4]
20002578:	601a      	str	r2, [r3, #0]
2000257a:	683b      	ldr	r3, [r7, #0]
2000257c:	789b      	ldrb	r3, [r3, #2]
2000257e:	079a      	lsls	r2, r3, #30
20002580:	683b      	ldr	r3, [r7, #0]
20002582:	78db      	ldrb	r3, [r3, #3]
20002584:	061b      	lsls	r3, r3, #24
20002586:	431a      	orrs	r2, r3
20002588:	683b      	ldr	r3, [r7, #0]
2000258a:	791b      	ldrb	r3, [r3, #4]
2000258c:	041b      	lsls	r3, r3, #16
2000258e:	431a      	orrs	r2, r3
20002590:	683b      	ldr	r3, [r7, #0]
20002592:	795b      	ldrb	r3, [r3, #5]
20002594:	051b      	lsls	r3, r3, #20
20002596:	431a      	orrs	r2, r3
20002598:	683b      	ldr	r3, [r7, #0]
2000259a:	881b      	ldrh	r3, [r3, #0]
2000259c:	3b01      	subs	r3, #1
2000259e:	431a      	orrs	r2, r3
200025a0:	687b      	ldr	r3, [r7, #4]
200025a2:	61da      	str	r2, [r3, #28]
200025a4:	687b      	ldr	r3, [r7, #4]
200025a6:	681b      	ldr	r3, [r3, #0]
200025a8:	f023 0201 	bic.w	r2, r3, #1
200025ac:	687b      	ldr	r3, [r7, #4]
200025ae:	601a      	str	r2, [r3, #0]
200025b0:	2300      	movs	r3, #0
200025b2:	60bb      	str	r3, [r7, #8]
200025b4:	e002      	b.n	200025bc <CAN_Init+0x168>
200025b6:	68bb      	ldr	r3, [r7, #8]
200025b8:	3301      	adds	r3, #1
200025ba:	60bb      	str	r3, [r7, #8]
200025bc:	687b      	ldr	r3, [r7, #4]
200025be:	685b      	ldr	r3, [r3, #4]
200025c0:	f003 0301 	and.w	r3, r3, #1
200025c4:	2b01      	cmp	r3, #1
200025c6:	d104      	bne.n	200025d2 <CAN_Init+0x17e>
200025c8:	68bb      	ldr	r3, [r7, #8]
200025ca:	f64f 72ff 	movw	r2, #65535	@ 0xffff
200025ce:	4293      	cmp	r3, r2
200025d0:	d1f1      	bne.n	200025b6 <CAN_Init+0x162>
200025d2:	687b      	ldr	r3, [r7, #4]
200025d4:	685b      	ldr	r3, [r3, #4]
200025d6:	f003 0301 	and.w	r3, r3, #1
200025da:	2b01      	cmp	r3, #1
200025dc:	d102      	bne.n	200025e4 <CAN_Init+0x190>
200025de:	2300      	movs	r3, #0
200025e0:	73fb      	strb	r3, [r7, #15]
200025e2:	e001      	b.n	200025e8 <CAN_Init+0x194>
200025e4:	2301      	movs	r3, #1
200025e6:	73fb      	strb	r3, [r7, #15]
200025e8:	7bfb      	ldrb	r3, [r7, #15]
200025ea:	4618      	mov	r0, r3
200025ec:	3714      	adds	r7, #20
200025ee:	46bd      	mov	sp, r7
200025f0:	f85d 7b04 	ldr.w	r7, [sp], #4
200025f4:	4770      	bx	lr

200025f6 <CAN_FilterInit>:
200025f6:	b490      	push	{r4, r7}
200025f8:	b084      	sub	sp, #16
200025fa:	af00      	add	r7, sp, #0
200025fc:	6078      	str	r0, [r7, #4]
200025fe:	2300      	movs	r3, #0
20002600:	60fb      	str	r3, [r7, #12]
20002602:	687b      	ldr	r3, [r7, #4]
20002604:	7a9b      	ldrb	r3, [r3, #10]
20002606:	461a      	mov	r2, r3
20002608:	2301      	movs	r3, #1
2000260a:	4093      	lsls	r3, r2
2000260c:	60fb      	str	r3, [r7, #12]
2000260e:	4b5a      	ldr	r3, [pc, #360]	@ (20002778 <CAN_FilterInit+0x182>)
20002610:	f8d3 3200 	ldr.w	r3, [r3, #512]	@ 0x200
20002614:	4a58      	ldr	r2, [pc, #352]	@ (20002778 <CAN_FilterInit+0x182>)
20002616:	f043 0301 	orr.w	r3, r3, #1
2000261a:	f8c2 3200 	str.w	r3, [r2, #512]	@ 0x200
2000261e:	4b56      	ldr	r3, [pc, #344]	@ (20002778 <CAN_FilterInit+0x182>)
20002620:	f8d3 221c 	ldr.w	r2, [r3, #540]	@ 0x21c
20002624:	68fb      	ldr	r3, [r7, #12]
20002626:	43db      	mvns	r3, r3
20002628:	4953      	ldr	r1, [pc, #332]	@ (20002778 <CAN_FilterInit+0x182>)
2000262a:	4013      	ands	r3, r2
2000262c:	f8c1 321c 	str.w	r3, [r1, #540]	@ 0x21c
20002630:	687b      	ldr	r3, [r7, #4]
20002632:	7b1b      	ldrb	r3, [r3, #12]
20002634:	2b00      	cmp	r3, #0
20002636:	d129      	bne.n	2000268c <CAN_FilterInit+0x96>
20002638:	4b4f      	ldr	r3, [pc, #316]	@ (20002778 <CAN_FilterInit+0x182>)
2000263a:	f8d3 220c 	ldr.w	r2, [r3, #524]	@ 0x20c
2000263e:	68fb      	ldr	r3, [r7, #12]
20002640:	43db      	mvns	r3, r3
20002642:	494d      	ldr	r1, [pc, #308]	@ (20002778 <CAN_FilterInit+0x182>)
20002644:	4013      	ands	r3, r2
20002646:	f8c1 320c 	str.w	r3, [r1, #524]	@ 0x20c
2000264a:	687b      	ldr	r3, [r7, #4]
2000264c:	88db      	ldrh	r3, [r3, #6]
2000264e:	041b      	lsls	r3, r3, #16
20002650:	687a      	ldr	r2, [r7, #4]
20002652:	8852      	ldrh	r2, [r2, #2]
20002654:	4614      	mov	r4, r2
20002656:	4948      	ldr	r1, [pc, #288]	@ (20002778 <CAN_FilterInit+0x182>)
20002658:	687a      	ldr	r2, [r7, #4]
2000265a:	7a92      	ldrb	r2, [r2, #10]
2000265c:	4610      	mov	r0, r2
2000265e:	ea43 0204 	orr.w	r2, r3, r4
20002662:	f100 0348 	add.w	r3, r0, #72	@ 0x48
20002666:	f841 2033 	str.w	r2, [r1, r3, lsl #3]
2000266a:	687b      	ldr	r3, [r7, #4]
2000266c:	889b      	ldrh	r3, [r3, #4]
2000266e:	041b      	lsls	r3, r3, #16
20002670:	687a      	ldr	r2, [r7, #4]
20002672:	8812      	ldrh	r2, [r2, #0]
20002674:	4614      	mov	r4, r2
20002676:	4940      	ldr	r1, [pc, #256]	@ (20002778 <CAN_FilterInit+0x182>)
20002678:	687a      	ldr	r2, [r7, #4]
2000267a:	7a92      	ldrb	r2, [r2, #10]
2000267c:	4610      	mov	r0, r2
2000267e:	ea43 0204 	orr.w	r2, r3, r4
20002682:	f100 0348 	add.w	r3, r0, #72	@ 0x48
20002686:	00db      	lsls	r3, r3, #3
20002688:	440b      	add	r3, r1
2000268a:	605a      	str	r2, [r3, #4]
2000268c:	687b      	ldr	r3, [r7, #4]
2000268e:	7b1b      	ldrb	r3, [r3, #12]
20002690:	2b01      	cmp	r3, #1
20002692:	d128      	bne.n	200026e6 <CAN_FilterInit+0xf0>
20002694:	4b38      	ldr	r3, [pc, #224]	@ (20002778 <CAN_FilterInit+0x182>)
20002696:	f8d3 220c 	ldr.w	r2, [r3, #524]	@ 0x20c
2000269a:	4937      	ldr	r1, [pc, #220]	@ (20002778 <CAN_FilterInit+0x182>)
2000269c:	68fb      	ldr	r3, [r7, #12]
2000269e:	4313      	orrs	r3, r2
200026a0:	f8c1 320c 	str.w	r3, [r1, #524]	@ 0x20c
200026a4:	687b      	ldr	r3, [r7, #4]
200026a6:	881b      	ldrh	r3, [r3, #0]
200026a8:	041b      	lsls	r3, r3, #16
200026aa:	687a      	ldr	r2, [r7, #4]
200026ac:	8852      	ldrh	r2, [r2, #2]
200026ae:	4614      	mov	r4, r2
200026b0:	4931      	ldr	r1, [pc, #196]	@ (20002778 <CAN_FilterInit+0x182>)
200026b2:	687a      	ldr	r2, [r7, #4]
200026b4:	7a92      	ldrb	r2, [r2, #10]
200026b6:	4610      	mov	r0, r2
200026b8:	ea43 0204 	orr.w	r2, r3, r4
200026bc:	f100 0348 	add.w	r3, r0, #72	@ 0x48
200026c0:	f841 2033 	str.w	r2, [r1, r3, lsl #3]
200026c4:	687b      	ldr	r3, [r7, #4]
200026c6:	889b      	ldrh	r3, [r3, #4]
200026c8:	041b      	lsls	r3, r3, #16
200026ca:	687a      	ldr	r2, [r7, #4]
200026cc:	88d2      	ldrh	r2, [r2, #6]
200026ce:	4614      	mov	r4, r2
200026d0:	4929      	ldr	r1, [pc, #164]	@ (20002778 <CAN_FilterInit+0x182>)
200026d2:	687a      	ldr	r2, [r7, #4]
200026d4:	7a92      	ldrb	r2, [r2, #10]
200026d6:	4610      	mov	r0, r2
200026d8:	ea43 0204 	orr.w	r2, r3, r4
200026dc:	f100 0348 	add.w	r3, r0, #72	@ 0x48
200026e0:	00db      	lsls	r3, r3, #3
200026e2:	440b      	add	r3, r1
200026e4:	605a      	str	r2, [r3, #4]
200026e6:	687b      	ldr	r3, [r7, #4]
200026e8:	7adb      	ldrb	r3, [r3, #11]
200026ea:	2b00      	cmp	r3, #0
200026ec:	d109      	bne.n	20002702 <CAN_FilterInit+0x10c>
200026ee:	4b22      	ldr	r3, [pc, #136]	@ (20002778 <CAN_FilterInit+0x182>)
200026f0:	f8d3 2204 	ldr.w	r2, [r3, #516]	@ 0x204
200026f4:	68fb      	ldr	r3, [r7, #12]
200026f6:	43db      	mvns	r3, r3
200026f8:	491f      	ldr	r1, [pc, #124]	@ (20002778 <CAN_FilterInit+0x182>)
200026fa:	4013      	ands	r3, r2
200026fc:	f8c1 3204 	str.w	r3, [r1, #516]	@ 0x204
20002700:	e007      	b.n	20002712 <CAN_FilterInit+0x11c>
20002702:	4b1d      	ldr	r3, [pc, #116]	@ (20002778 <CAN_FilterInit+0x182>)
20002704:	f8d3 2204 	ldr.w	r2, [r3, #516]	@ 0x204
20002708:	491b      	ldr	r1, [pc, #108]	@ (20002778 <CAN_FilterInit+0x182>)
2000270a:	68fb      	ldr	r3, [r7, #12]
2000270c:	4313      	orrs	r3, r2
2000270e:	f8c1 3204 	str.w	r3, [r1, #516]	@ 0x204
20002712:	687b      	ldr	r3, [r7, #4]
20002714:	891b      	ldrh	r3, [r3, #8]
20002716:	2b00      	cmp	r3, #0
20002718:	d108      	bne.n	2000272c <CAN_FilterInit+0x136>
2000271a:	4b17      	ldr	r3, [pc, #92]	@ (20002778 <CAN_FilterInit+0x182>)
2000271c:	f8d3 2214 	ldr.w	r2, [r3, #532]	@ 0x214
20002720:	68fb      	ldr	r3, [r7, #12]
20002722:	43db      	mvns	r3, r3
20002724:	4914      	ldr	r1, [pc, #80]	@ (20002778 <CAN_FilterInit+0x182>)
20002726:	4013      	ands	r3, r2
20002728:	f8c1 3214 	str.w	r3, [r1, #532]	@ 0x214
2000272c:	687b      	ldr	r3, [r7, #4]
2000272e:	891b      	ldrh	r3, [r3, #8]
20002730:	2b01      	cmp	r3, #1
20002732:	d107      	bne.n	20002744 <CAN_FilterInit+0x14e>
20002734:	4b10      	ldr	r3, [pc, #64]	@ (20002778 <CAN_FilterInit+0x182>)
20002736:	f8d3 2214 	ldr.w	r2, [r3, #532]	@ 0x214
2000273a:	490f      	ldr	r1, [pc, #60]	@ (20002778 <CAN_FilterInit+0x182>)
2000273c:	68fb      	ldr	r3, [r7, #12]
2000273e:	4313      	orrs	r3, r2
20002740:	f8c1 3214 	str.w	r3, [r1, #532]	@ 0x214
20002744:	687b      	ldr	r3, [r7, #4]
20002746:	7b5b      	ldrb	r3, [r3, #13]
20002748:	2b01      	cmp	r3, #1
2000274a:	d107      	bne.n	2000275c <CAN_FilterInit+0x166>
2000274c:	4b0a      	ldr	r3, [pc, #40]	@ (20002778 <CAN_FilterInit+0x182>)
2000274e:	f8d3 221c 	ldr.w	r2, [r3, #540]	@ 0x21c
20002752:	4909      	ldr	r1, [pc, #36]	@ (20002778 <CAN_FilterInit+0x182>)
20002754:	68fb      	ldr	r3, [r7, #12]
20002756:	4313      	orrs	r3, r2
20002758:	f8c1 321c 	str.w	r3, [r1, #540]	@ 0x21c
2000275c:	4b06      	ldr	r3, [pc, #24]	@ (20002778 <CAN_FilterInit+0x182>)
2000275e:	f8d3 3200 	ldr.w	r3, [r3, #512]	@ 0x200
20002762:	4a05      	ldr	r2, [pc, #20]	@ (20002778 <CAN_FilterInit+0x182>)
20002764:	f023 0301 	bic.w	r3, r3, #1
20002768:	f8c2 3200 	str.w	r3, [r2, #512]	@ 0x200
2000276c:	bf00      	nop
2000276e:	3710      	adds	r7, #16
20002770:	46bd      	mov	sp, r7
20002772:	bc90      	pop	{r4, r7}
20002774:	4770      	bx	lr
20002776:	bf00      	nop
20002778:	40006400 	.word	0x40006400

2000277c <CAN_StructInit>:
2000277c:	b480      	push	{r7}
2000277e:	b083      	sub	sp, #12
20002780:	af00      	add	r7, sp, #0
20002782:	6078      	str	r0, [r7, #4]
20002784:	687b      	ldr	r3, [r7, #4]
20002786:	2200      	movs	r2, #0
20002788:	719a      	strb	r2, [r3, #6]
2000278a:	687b      	ldr	r3, [r7, #4]
2000278c:	2200      	movs	r2, #0
2000278e:	71da      	strb	r2, [r3, #7]
20002790:	687b      	ldr	r3, [r7, #4]
20002792:	2200      	movs	r2, #0
20002794:	721a      	strb	r2, [r3, #8]
20002796:	687b      	ldr	r3, [r7, #4]
20002798:	2200      	movs	r2, #0
2000279a:	725a      	strb	r2, [r3, #9]
2000279c:	687b      	ldr	r3, [r7, #4]
2000279e:	2200      	movs	r2, #0
200027a0:	729a      	strb	r2, [r3, #10]
200027a2:	687b      	ldr	r3, [r7, #4]
200027a4:	2200      	movs	r2, #0
200027a6:	72da      	strb	r2, [r3, #11]
200027a8:	687b      	ldr	r3, [r7, #4]
200027aa:	2200      	movs	r2, #0
200027ac:	709a      	strb	r2, [r3, #2]
200027ae:	687b      	ldr	r3, [r7, #4]
200027b0:	2200      	movs	r2, #0
200027b2:	70da      	strb	r2, [r3, #3]
200027b4:	687b      	ldr	r3, [r7, #4]
200027b6:	2203      	movs	r2, #3
200027b8:	711a      	strb	r2, [r3, #4]
200027ba:	687b      	ldr	r3, [r7, #4]
200027bc:	2202      	movs	r2, #2
200027be:	715a      	strb	r2, [r3, #5]
200027c0:	687b      	ldr	r3, [r7, #4]
200027c2:	2201      	movs	r2, #1
200027c4:	801a      	strh	r2, [r3, #0]
200027c6:	bf00      	nop
200027c8:	370c      	adds	r7, #12
200027ca:	46bd      	mov	sp, r7
200027cc:	f85d 7b04 	ldr.w	r7, [sp], #4
200027d0:	4770      	bx	lr

200027d2 <CAN_SlaveStartBank>:
200027d2:	b480      	push	{r7}
200027d4:	b083      	sub	sp, #12
200027d6:	af00      	add	r7, sp, #0
200027d8:	4603      	mov	r3, r0
200027da:	71fb      	strb	r3, [r7, #7]
200027dc:	4b14      	ldr	r3, [pc, #80]	@ (20002830 <CAN_SlaveStartBank+0x5e>)
200027de:	f8d3 3200 	ldr.w	r3, [r3, #512]	@ 0x200
200027e2:	4a13      	ldr	r2, [pc, #76]	@ (20002830 <CAN_SlaveStartBank+0x5e>)
200027e4:	f043 0301 	orr.w	r3, r3, #1
200027e8:	f8c2 3200 	str.w	r3, [r2, #512]	@ 0x200
200027ec:	4b10      	ldr	r3, [pc, #64]	@ (20002830 <CAN_SlaveStartBank+0x5e>)
200027ee:	f8d3 3200 	ldr.w	r3, [r3, #512]	@ 0x200
200027f2:	4a0f      	ldr	r2, [pc, #60]	@ (20002830 <CAN_SlaveStartBank+0x5e>)
200027f4:	f423 537c 	bic.w	r3, r3, #16128	@ 0x3f00
200027f8:	f023 030e 	bic.w	r3, r3, #14
200027fc:	f8c2 3200 	str.w	r3, [r2, #512]	@ 0x200
20002800:	4b0b      	ldr	r3, [pc, #44]	@ (20002830 <CAN_SlaveStartBank+0x5e>)
20002802:	f8d3 2200 	ldr.w	r2, [r3, #512]	@ 0x200
20002806:	79fb      	ldrb	r3, [r7, #7]
20002808:	021b      	lsls	r3, r3, #8
2000280a:	4909      	ldr	r1, [pc, #36]	@ (20002830 <CAN_SlaveStartBank+0x5e>)
2000280c:	4313      	orrs	r3, r2
2000280e:	f8c1 3200 	str.w	r3, [r1, #512]	@ 0x200
20002812:	4b07      	ldr	r3, [pc, #28]	@ (20002830 <CAN_SlaveStartBank+0x5e>)
20002814:	f8d3 3200 	ldr.w	r3, [r3, #512]	@ 0x200
20002818:	4a05      	ldr	r2, [pc, #20]	@ (20002830 <CAN_SlaveStartBank+0x5e>)
2000281a:	f023 0301 	bic.w	r3, r3, #1
2000281e:	f8c2 3200 	str.w	r3, [r2, #512]	@ 0x200
20002822:	bf00      	nop
20002824:	370c      	adds	r7, #12
20002826:	46bd      	mov	sp, r7
20002828:	f85d 7b04 	ldr.w	r7, [sp], #4
2000282c:	4770      	bx	lr
2000282e:	bf00      	nop
20002830:	40006400 	.word	0x40006400

20002834 <CAN_DBGFreeze>:
20002834:	b480      	push	{r7}
20002836:	b083      	sub	sp, #12
20002838:	af00      	add	r7, sp, #0
2000283a:	6078      	str	r0, [r7, #4]
2000283c:	460b      	mov	r3, r1
2000283e:	70fb      	strb	r3, [r7, #3]
20002840:	78fb      	ldrb	r3, [r7, #3]
20002842:	2b00      	cmp	r3, #0
20002844:	d006      	beq.n	20002854 <CAN_DBGFreeze+0x20>
20002846:	687b      	ldr	r3, [r7, #4]
20002848:	681b      	ldr	r3, [r3, #0]
2000284a:	f443 3280 	orr.w	r2, r3, #65536	@ 0x10000
2000284e:	687b      	ldr	r3, [r7, #4]
20002850:	601a      	str	r2, [r3, #0]
20002852:	e005      	b.n	20002860 <CAN_DBGFreeze+0x2c>
20002854:	687b      	ldr	r3, [r7, #4]
20002856:	681b      	ldr	r3, [r3, #0]
20002858:	f423 3280 	bic.w	r2, r3, #65536	@ 0x10000
2000285c:	687b      	ldr	r3, [r7, #4]
2000285e:	601a      	str	r2, [r3, #0]
20002860:	bf00      	nop
20002862:	370c      	adds	r7, #12
20002864:	46bd      	mov	sp, r7
20002866:	f85d 7b04 	ldr.w	r7, [sp], #4
2000286a:	4770      	bx	lr

2000286c <CAN_TTComModeCmd>:
2000286c:	b480      	push	{r7}
2000286e:	b083      	sub	sp, #12
20002870:	af00      	add	r7, sp, #0
20002872:	6078      	str	r0, [r7, #4]
20002874:	460b      	mov	r3, r1
20002876:	70fb      	strb	r3, [r7, #3]
20002878:	78fb      	ldrb	r3, [r7, #3]
2000287a:	2b00      	cmp	r3, #0
2000287c:	d01e      	beq.n	200028bc <CAN_TTComModeCmd+0x50>
2000287e:	687b      	ldr	r3, [r7, #4]
20002880:	681b      	ldr	r3, [r3, #0]
20002882:	f043 0280 	orr.w	r2, r3, #128	@ 0x80
20002886:	687b      	ldr	r3, [r7, #4]
20002888:	601a      	str	r2, [r3, #0]
2000288a:	687b      	ldr	r3, [r7, #4]
2000288c:	f8d3 3184 	ldr.w	r3, [r3, #388]	@ 0x184
20002890:	f443 7280 	orr.w	r2, r3, #256	@ 0x100
20002894:	687b      	ldr	r3, [r7, #4]
20002896:	f8c3 2184 	str.w	r2, [r3, #388]	@ 0x184
2000289a:	687b      	ldr	r3, [r7, #4]
2000289c:	f8d3 3194 	ldr.w	r3, [r3, #404]	@ 0x194
200028a0:	f443 7280 	orr.w	r2, r3, #256	@ 0x100
200028a4:	687b      	ldr	r3, [r7, #4]
200028a6:	f8c3 2194 	str.w	r2, [r3, #404]	@ 0x194
200028aa:	687b      	ldr	r3, [r7, #4]
200028ac:	f8d3 31a4 	ldr.w	r3, [r3, #420]	@ 0x1a4
200028b0:	f443 7280 	orr.w	r2, r3, #256	@ 0x100
200028b4:	687b      	ldr	r3, [r7, #4]
200028b6:	f8c3 21a4 	str.w	r2, [r3, #420]	@ 0x1a4
200028ba:	e01d      	b.n	200028f8 <CAN_TTComModeCmd+0x8c>
200028bc:	687b      	ldr	r3, [r7, #4]
200028be:	681b      	ldr	r3, [r3, #0]
200028c0:	f023 0280 	bic.w	r2, r3, #128	@ 0x80
200028c4:	687b      	ldr	r3, [r7, #4]
200028c6:	601a      	str	r2, [r3, #0]
200028c8:	687b      	ldr	r3, [r7, #4]
200028ca:	f8d3 3184 	ldr.w	r3, [r3, #388]	@ 0x184
200028ce:	f423 7280 	bic.w	r2, r3, #256	@ 0x100
200028d2:	687b      	ldr	r3, [r7, #4]
200028d4:	f8c3 2184 	str.w	r2, [r3, #388]	@ 0x184
200028d8:	687b      	ldr	r3, [r7, #4]
200028da:	f8d3 3194 	ldr.w	r3, [r3, #404]	@ 0x194
200028de:	f423 7280 	bic.w	r2, r3, #256	@ 0x100
200028e2:	687b      	ldr	r3, [r7, #4]
200028e4:	f8c3 2194 	str.w	r2, [r3, #404]	@ 0x194
200028e8:	687b      	ldr	r3, [r7, #4]
200028ea:	f8d3 31a4 	ldr.w	r3, [r3, #420]	@ 0x1a4
200028ee:	f423 7280 	bic.w	r2, r3, #256	@ 0x100
200028f2:	687b      	ldr	r3, [r7, #4]
200028f4:	f8c3 21a4 	str.w	r2, [r3, #420]	@ 0x1a4
200028f8:	bf00      	nop
200028fa:	370c      	adds	r7, #12
200028fc:	46bd      	mov	sp, r7
200028fe:	f85d 7b04 	ldr.w	r7, [sp], #4
20002902:	4770      	bx	lr

20002904 <CAN_Transmit>:
20002904:	b480      	push	{r7}
20002906:	b085      	sub	sp, #20
20002908:	af00      	add	r7, sp, #0
2000290a:	6078      	str	r0, [r7, #4]
2000290c:	6039      	str	r1, [r7, #0]
2000290e:	2300      	movs	r3, #0
20002910:	73fb      	strb	r3, [r7, #15]
20002912:	687b      	ldr	r3, [r7, #4]
20002914:	689b      	ldr	r3, [r3, #8]
20002916:	f003 6380 	and.w	r3, r3, #67108864	@ 0x4000000
2000291a:	f1b3 6f80 	cmp.w	r3, #67108864	@ 0x4000000
2000291e:	d102      	bne.n	20002926 <CAN_Transmit+0x22>
20002920:	2300      	movs	r3, #0
20002922:	73fb      	strb	r3, [r7, #15]
20002924:	e015      	b.n	20002952 <CAN_Transmit+0x4e>
20002926:	687b      	ldr	r3, [r7, #4]
20002928:	689b      	ldr	r3, [r3, #8]
2000292a:	f003 6300 	and.w	r3, r3, #134217728	@ 0x8000000
2000292e:	f1b3 6f00 	cmp.w	r3, #134217728	@ 0x8000000
20002932:	d102      	bne.n	2000293a <CAN_Transmit+0x36>
20002934:	2301      	movs	r3, #1
20002936:	73fb      	strb	r3, [r7, #15]
20002938:	e00b      	b.n	20002952 <CAN_Transmit+0x4e>
2000293a:	687b      	ldr	r3, [r7, #4]
2000293c:	689b      	ldr	r3, [r3, #8]
2000293e:	f003 5380 	and.w	r3, r3, #268435456	@ 0x10000000
20002942:	f1b3 5f80 	cmp.w	r3, #268435456	@ 0x10000000
20002946:	d102      	bne.n	2000294e <CAN_Transmit+0x4a>
20002948:	2302      	movs	r3, #2
2000294a:	73fb      	strb	r3, [r7, #15]
2000294c:	e001      	b.n	20002952 <CAN_Transmit+0x4e>
2000294e:	2304      	movs	r3, #4
20002950:	73fb      	strb	r3, [r7, #15]
20002952:	7bfb      	ldrb	r3, [r7, #15]
20002954:	2b04      	cmp	r3, #4
20002956:	f000 809f 	beq.w	20002a98 <CAN_Transmit+0x194>
2000295a:	7bfb      	ldrb	r3, [r7, #15]
2000295c:	687a      	ldr	r2, [r7, #4]
2000295e:	3318      	adds	r3, #24
20002960:	011b      	lsls	r3, r3, #4
20002962:	4413      	add	r3, r2
20002964:	681a      	ldr	r2, [r3, #0]
20002966:	7bfb      	ldrb	r3, [r7, #15]
20002968:	f002 0201 	and.w	r2, r2, #1
2000296c:	6879      	ldr	r1, [r7, #4]
2000296e:	3318      	adds	r3, #24
20002970:	011b      	lsls	r3, r3, #4
20002972:	440b      	add	r3, r1
20002974:	601a      	str	r2, [r3, #0]
20002976:	683b      	ldr	r3, [r7, #0]
20002978:	7a1b      	ldrb	r3, [r3, #8]
2000297a:	2b00      	cmp	r3, #0
2000297c:	d113      	bne.n	200029a6 <CAN_Transmit+0xa2>
2000297e:	7bfb      	ldrb	r3, [r7, #15]
20002980:	687a      	ldr	r2, [r7, #4]
20002982:	3318      	adds	r3, #24
20002984:	011b      	lsls	r3, r3, #4
20002986:	4413      	add	r3, r2
20002988:	6819      	ldr	r1, [r3, #0]
2000298a:	683b      	ldr	r3, [r7, #0]
2000298c:	681b      	ldr	r3, [r3, #0]
2000298e:	055b      	lsls	r3, r3, #21
20002990:	683a      	ldr	r2, [r7, #0]
20002992:	7a52      	ldrb	r2, [r2, #9]
20002994:	431a      	orrs	r2, r3
20002996:	7bfb      	ldrb	r3, [r7, #15]
20002998:	430a      	orrs	r2, r1
2000299a:	6879      	ldr	r1, [r7, #4]
2000299c:	3318      	adds	r3, #24
2000299e:	011b      	lsls	r3, r3, #4
200029a0:	440b      	add	r3, r1
200029a2:	601a      	str	r2, [r3, #0]
200029a4:	e015      	b.n	200029d2 <CAN_Transmit+0xce>
200029a6:	7bfb      	ldrb	r3, [r7, #15]
200029a8:	687a      	ldr	r2, [r7, #4]
200029aa:	3318      	adds	r3, #24
200029ac:	011b      	lsls	r3, r3, #4
200029ae:	4413      	add	r3, r2
200029b0:	6819      	ldr	r1, [r3, #0]
200029b2:	683b      	ldr	r3, [r7, #0]
200029b4:	685b      	ldr	r3, [r3, #4]
200029b6:	00db      	lsls	r3, r3, #3
200029b8:	683a      	ldr	r2, [r7, #0]
200029ba:	7a12      	ldrb	r2, [r2, #8]
200029bc:	4313      	orrs	r3, r2
200029be:	683a      	ldr	r2, [r7, #0]
200029c0:	7a52      	ldrb	r2, [r2, #9]
200029c2:	431a      	orrs	r2, r3
200029c4:	7bfb      	ldrb	r3, [r7, #15]
200029c6:	430a      	orrs	r2, r1
200029c8:	6879      	ldr	r1, [r7, #4]
200029ca:	3318      	adds	r3, #24
200029cc:	011b      	lsls	r3, r3, #4
200029ce:	440b      	add	r3, r1
200029d0:	601a      	str	r2, [r3, #0]
200029d2:	683b      	ldr	r3, [r7, #0]
200029d4:	7a9b      	ldrb	r3, [r3, #10]
200029d6:	f003 030f 	and.w	r3, r3, #15
200029da:	b2da      	uxtb	r2, r3
200029dc:	683b      	ldr	r3, [r7, #0]
200029de:	729a      	strb	r2, [r3, #10]
200029e0:	7bfb      	ldrb	r3, [r7, #15]
200029e2:	687a      	ldr	r2, [r7, #4]
200029e4:	3318      	adds	r3, #24
200029e6:	011b      	lsls	r3, r3, #4
200029e8:	4413      	add	r3, r2
200029ea:	3304      	adds	r3, #4
200029ec:	681a      	ldr	r2, [r3, #0]
200029ee:	7bfb      	ldrb	r3, [r7, #15]
200029f0:	f022 020f 	bic.w	r2, r2, #15
200029f4:	6879      	ldr	r1, [r7, #4]
200029f6:	3318      	adds	r3, #24
200029f8:	011b      	lsls	r3, r3, #4
200029fa:	440b      	add	r3, r1
200029fc:	3304      	adds	r3, #4
200029fe:	601a      	str	r2, [r3, #0]
20002a00:	7bfb      	ldrb	r3, [r7, #15]
20002a02:	687a      	ldr	r2, [r7, #4]
20002a04:	3318      	adds	r3, #24
20002a06:	011b      	lsls	r3, r3, #4
20002a08:	4413      	add	r3, r2
20002a0a:	3304      	adds	r3, #4
20002a0c:	681a      	ldr	r2, [r3, #0]
20002a0e:	683b      	ldr	r3, [r7, #0]
20002a10:	7a9b      	ldrb	r3, [r3, #10]
20002a12:	4619      	mov	r1, r3
20002a14:	7bfb      	ldrb	r3, [r7, #15]
20002a16:	430a      	orrs	r2, r1
20002a18:	6879      	ldr	r1, [r7, #4]
20002a1a:	3318      	adds	r3, #24
20002a1c:	011b      	lsls	r3, r3, #4
20002a1e:	440b      	add	r3, r1
20002a20:	3304      	adds	r3, #4
20002a22:	601a      	str	r2, [r3, #0]
20002a24:	683b      	ldr	r3, [r7, #0]
20002a26:	7b9b      	ldrb	r3, [r3, #14]
20002a28:	061a      	lsls	r2, r3, #24
20002a2a:	683b      	ldr	r3, [r7, #0]
20002a2c:	7b5b      	ldrb	r3, [r3, #13]
20002a2e:	041b      	lsls	r3, r3, #16
20002a30:	431a      	orrs	r2, r3
20002a32:	683b      	ldr	r3, [r7, #0]
20002a34:	7b1b      	ldrb	r3, [r3, #12]
20002a36:	021b      	lsls	r3, r3, #8
20002a38:	431a      	orrs	r2, r3
20002a3a:	683b      	ldr	r3, [r7, #0]
20002a3c:	7adb      	ldrb	r3, [r3, #11]
20002a3e:	4619      	mov	r1, r3
20002a40:	7bfb      	ldrb	r3, [r7, #15]
20002a42:	430a      	orrs	r2, r1
20002a44:	6879      	ldr	r1, [r7, #4]
20002a46:	011b      	lsls	r3, r3, #4
20002a48:	440b      	add	r3, r1
20002a4a:	f503 73c4 	add.w	r3, r3, #392	@ 0x188
20002a4e:	601a      	str	r2, [r3, #0]
20002a50:	683b      	ldr	r3, [r7, #0]
20002a52:	7c9b      	ldrb	r3, [r3, #18]
20002a54:	061a      	lsls	r2, r3, #24
20002a56:	683b      	ldr	r3, [r7, #0]
20002a58:	7c5b      	ldrb	r3, [r3, #17]
20002a5a:	041b      	lsls	r3, r3, #16
20002a5c:	431a      	orrs	r2, r3
20002a5e:	683b      	ldr	r3, [r7, #0]
20002a60:	7c1b      	ldrb	r3, [r3, #16]
20002a62:	021b      	lsls	r3, r3, #8
20002a64:	431a      	orrs	r2, r3
20002a66:	683b      	ldr	r3, [r7, #0]
20002a68:	7bdb      	ldrb	r3, [r3, #15]
20002a6a:	4619      	mov	r1, r3
20002a6c:	7bfb      	ldrb	r3, [r7, #15]
20002a6e:	430a      	orrs	r2, r1
20002a70:	6879      	ldr	r1, [r7, #4]
20002a72:	011b      	lsls	r3, r3, #4
20002a74:	440b      	add	r3, r1
20002a76:	f503 73c6 	add.w	r3, r3, #396	@ 0x18c
20002a7a:	601a      	str	r2, [r3, #0]
20002a7c:	7bfb      	ldrb	r3, [r7, #15]
20002a7e:	687a      	ldr	r2, [r7, #4]
20002a80:	3318      	adds	r3, #24
20002a82:	011b      	lsls	r3, r3, #4
20002a84:	4413      	add	r3, r2
20002a86:	681a      	ldr	r2, [r3, #0]
20002a88:	7bfb      	ldrb	r3, [r7, #15]
20002a8a:	f042 0201 	orr.w	r2, r2, #1
20002a8e:	6879      	ldr	r1, [r7, #4]
20002a90:	3318      	adds	r3, #24
20002a92:	011b      	lsls	r3, r3, #4
20002a94:	440b      	add	r3, r1
20002a96:	601a      	str	r2, [r3, #0]
20002a98:	7bfb      	ldrb	r3, [r7, #15]
20002a9a:	4618      	mov	r0, r3
20002a9c:	3714      	adds	r7, #20
20002a9e:	46bd      	mov	sp, r7
20002aa0:	f85d 7b04 	ldr.w	r7, [sp], #4
20002aa4:	4770      	bx	lr

20002aa6 <CAN_TransmitStatus>:
20002aa6:	b480      	push	{r7}
20002aa8:	b085      	sub	sp, #20
20002aaa:	af00      	add	r7, sp, #0
20002aac:	6078      	str	r0, [r7, #4]
20002aae:	460b      	mov	r3, r1
20002ab0:	70fb      	strb	r3, [r7, #3]
20002ab2:	2300      	movs	r3, #0
20002ab4:	60fb      	str	r3, [r7, #12]
20002ab6:	78fb      	ldrb	r3, [r7, #3]
20002ab8:	2b02      	cmp	r3, #2
20002aba:	d012      	beq.n	20002ae2 <CAN_TransmitStatus+0x3c>
20002abc:	2b02      	cmp	r3, #2
20002abe:	dc16      	bgt.n	20002aee <CAN_TransmitStatus+0x48>
20002ac0:	2b00      	cmp	r3, #0
20002ac2:	d002      	beq.n	20002aca <CAN_TransmitStatus+0x24>
20002ac4:	2b01      	cmp	r3, #1
20002ac6:	d006      	beq.n	20002ad6 <CAN_TransmitStatus+0x30>
20002ac8:	e011      	b.n	20002aee <CAN_TransmitStatus+0x48>
20002aca:	687b      	ldr	r3, [r7, #4]
20002acc:	689a      	ldr	r2, [r3, #8]
20002ace:	4b31      	ldr	r3, [pc, #196]	@ (20002b94 <CAN_TransmitStatus+0xee>)
20002ad0:	4013      	ands	r3, r2
20002ad2:	60fb      	str	r3, [r7, #12]
20002ad4:	e00e      	b.n	20002af4 <CAN_TransmitStatus+0x4e>
20002ad6:	687b      	ldr	r3, [r7, #4]
20002ad8:	689a      	ldr	r2, [r3, #8]
20002ada:	4b2f      	ldr	r3, [pc, #188]	@ (20002b98 <CAN_TransmitStatus+0xf2>)
20002adc:	4013      	ands	r3, r2
20002ade:	60fb      	str	r3, [r7, #12]
20002ae0:	e008      	b.n	20002af4 <CAN_TransmitStatus+0x4e>
20002ae2:	687b      	ldr	r3, [r7, #4]
20002ae4:	689a      	ldr	r2, [r3, #8]
20002ae6:	4b2d      	ldr	r3, [pc, #180]	@ (20002b9c <CAN_TransmitStatus+0xf6>)
20002ae8:	4013      	ands	r3, r2
20002aea:	60fb      	str	r3, [r7, #12]
20002aec:	e002      	b.n	20002af4 <CAN_TransmitStatus+0x4e>
20002aee:	2300      	movs	r3, #0
20002af0:	60fb      	str	r3, [r7, #12]
20002af2:	bf00      	nop
20002af4:	68fb      	ldr	r3, [r7, #12]
20002af6:	4a29      	ldr	r2, [pc, #164]	@ (20002b9c <CAN_TransmitStatus+0xf6>)
20002af8:	4293      	cmp	r3, r2
20002afa:	d03d      	beq.n	20002b78 <CAN_TransmitStatus+0xd2>
20002afc:	68fb      	ldr	r3, [r7, #12]
20002afe:	4a27      	ldr	r2, [pc, #156]	@ (20002b9c <CAN_TransmitStatus+0xf6>)
20002b00:	4293      	cmp	r3, r2
20002b02:	d83c      	bhi.n	20002b7e <CAN_TransmitStatus+0xd8>
20002b04:	68fb      	ldr	r3, [r7, #12]
20002b06:	4a26      	ldr	r2, [pc, #152]	@ (20002ba0 <CAN_TransmitStatus+0xfa>)
20002b08:	4293      	cmp	r3, r2
20002b0a:	d02c      	beq.n	20002b66 <CAN_TransmitStatus+0xc0>
20002b0c:	68fb      	ldr	r3, [r7, #12]
20002b0e:	4a24      	ldr	r2, [pc, #144]	@ (20002ba0 <CAN_TransmitStatus+0xfa>)
20002b10:	4293      	cmp	r3, r2
20002b12:	d834      	bhi.n	20002b7e <CAN_TransmitStatus+0xd8>
20002b14:	68fb      	ldr	r3, [r7, #12]
20002b16:	4a20      	ldr	r2, [pc, #128]	@ (20002b98 <CAN_TransmitStatus+0xf2>)
20002b18:	4293      	cmp	r3, r2
20002b1a:	d02a      	beq.n	20002b72 <CAN_TransmitStatus+0xcc>
20002b1c:	68fb      	ldr	r3, [r7, #12]
20002b1e:	4a1e      	ldr	r2, [pc, #120]	@ (20002b98 <CAN_TransmitStatus+0xf2>)
20002b20:	4293      	cmp	r3, r2
20002b22:	d82c      	bhi.n	20002b7e <CAN_TransmitStatus+0xd8>
20002b24:	68fb      	ldr	r3, [r7, #12]
20002b26:	4a1f      	ldr	r2, [pc, #124]	@ (20002ba4 <CAN_TransmitStatus+0xfe>)
20002b28:	4293      	cmp	r3, r2
20002b2a:	d019      	beq.n	20002b60 <CAN_TransmitStatus+0xba>
20002b2c:	68fb      	ldr	r3, [r7, #12]
20002b2e:	4a1d      	ldr	r2, [pc, #116]	@ (20002ba4 <CAN_TransmitStatus+0xfe>)
20002b30:	4293      	cmp	r3, r2
20002b32:	d824      	bhi.n	20002b7e <CAN_TransmitStatus+0xd8>
20002b34:	68fb      	ldr	r3, [r7, #12]
20002b36:	4a17      	ldr	r2, [pc, #92]	@ (20002b94 <CAN_TransmitStatus+0xee>)
20002b38:	4293      	cmp	r3, r2
20002b3a:	d017      	beq.n	20002b6c <CAN_TransmitStatus+0xc6>
20002b3c:	68fb      	ldr	r3, [r7, #12]
20002b3e:	4a15      	ldr	r2, [pc, #84]	@ (20002b94 <CAN_TransmitStatus+0xee>)
20002b40:	4293      	cmp	r3, r2
20002b42:	d81c      	bhi.n	20002b7e <CAN_TransmitStatus+0xd8>
20002b44:	68fb      	ldr	r3, [r7, #12]
20002b46:	2b00      	cmp	r3, #0
20002b48:	d004      	beq.n	20002b54 <CAN_TransmitStatus+0xae>
20002b4a:	68fb      	ldr	r3, [r7, #12]
20002b4c:	4a16      	ldr	r2, [pc, #88]	@ (20002ba8 <CAN_TransmitStatus+0x102>)
20002b4e:	4293      	cmp	r3, r2
20002b50:	d003      	beq.n	20002b5a <CAN_TransmitStatus+0xb4>
20002b52:	e014      	b.n	20002b7e <CAN_TransmitStatus+0xd8>
20002b54:	2302      	movs	r3, #2
20002b56:	60fb      	str	r3, [r7, #12]
20002b58:	e014      	b.n	20002b84 <CAN_TransmitStatus+0xde>
20002b5a:	2300      	movs	r3, #0
20002b5c:	60fb      	str	r3, [r7, #12]
20002b5e:	e011      	b.n	20002b84 <CAN_TransmitStatus+0xde>
20002b60:	2300      	movs	r3, #0
20002b62:	60fb      	str	r3, [r7, #12]
20002b64:	e00e      	b.n	20002b84 <CAN_TransmitStatus+0xde>
20002b66:	2300      	movs	r3, #0
20002b68:	60fb      	str	r3, [r7, #12]
20002b6a:	e00b      	b.n	20002b84 <CAN_TransmitStatus+0xde>
20002b6c:	2301      	movs	r3, #1
20002b6e:	60fb      	str	r3, [r7, #12]
20002b70:	e008      	b.n	20002b84 <CAN_TransmitStatus+0xde>
20002b72:	2301      	movs	r3, #1
20002b74:	60fb      	str	r3, [r7, #12]
20002b76:	e005      	b.n	20002b84 <CAN_TransmitStatus+0xde>
20002b78:	2301      	movs	r3, #1
20002b7a:	60fb      	str	r3, [r7, #12]
20002b7c:	e002      	b.n	20002b84 <CAN_TransmitStatus+0xde>
20002b7e:	2300      	movs	r3, #0
20002b80:	60fb      	str	r3, [r7, #12]
20002b82:	bf00      	nop
20002b84:	68fb      	ldr	r3, [r7, #12]
20002b86:	b2db      	uxtb	r3, r3
20002b88:	4618      	mov	r0, r3
20002b8a:	3714      	adds	r7, #20
20002b8c:	46bd      	mov	sp, r7
20002b8e:	f85d 7b04 	ldr.w	r7, [sp], #4
20002b92:	4770      	bx	lr
20002b94:	04000003 	.word	0x04000003
20002b98:	08000300 	.word	0x08000300
20002b9c:	10030000 	.word	0x10030000
20002ba0:	10010000 	.word	0x10010000
20002ba4:	08000100 	.word	0x08000100
20002ba8:	04000001 	.word	0x04000001

20002bac <CAN_CancelTransmit>:
20002bac:	b480      	push	{r7}
20002bae:	b083      	sub	sp, #12
20002bb0:	af00      	add	r7, sp, #0
20002bb2:	6078      	str	r0, [r7, #4]
20002bb4:	460b      	mov	r3, r1
20002bb6:	70fb      	strb	r3, [r7, #3]
20002bb8:	78fb      	ldrb	r3, [r7, #3]
20002bba:	2b02      	cmp	r3, #2
20002bbc:	d014      	beq.n	20002be8 <CAN_CancelTransmit+0x3c>
20002bbe:	2b02      	cmp	r3, #2
20002bc0:	dc19      	bgt.n	20002bf6 <CAN_CancelTransmit+0x4a>
20002bc2:	2b00      	cmp	r3, #0
20002bc4:	d002      	beq.n	20002bcc <CAN_CancelTransmit+0x20>
20002bc6:	2b01      	cmp	r3, #1
20002bc8:	d007      	beq.n	20002bda <CAN_CancelTransmit+0x2e>
20002bca:	e014      	b.n	20002bf6 <CAN_CancelTransmit+0x4a>
20002bcc:	687b      	ldr	r3, [r7, #4]
20002bce:	689b      	ldr	r3, [r3, #8]
20002bd0:	f043 0280 	orr.w	r2, r3, #128	@ 0x80
20002bd4:	687b      	ldr	r3, [r7, #4]
20002bd6:	609a      	str	r2, [r3, #8]
20002bd8:	e00e      	b.n	20002bf8 <CAN_CancelTransmit+0x4c>
20002bda:	687b      	ldr	r3, [r7, #4]
20002bdc:	689b      	ldr	r3, [r3, #8]
20002bde:	f443 4200 	orr.w	r2, r3, #32768	@ 0x8000
20002be2:	687b      	ldr	r3, [r7, #4]
20002be4:	609a      	str	r2, [r3, #8]
20002be6:	e007      	b.n	20002bf8 <CAN_CancelTransmit+0x4c>
20002be8:	687b      	ldr	r3, [r7, #4]
20002bea:	689b      	ldr	r3, [r3, #8]
20002bec:	f443 0200 	orr.w	r2, r3, #8388608	@ 0x800000
20002bf0:	687b      	ldr	r3, [r7, #4]
20002bf2:	609a      	str	r2, [r3, #8]
20002bf4:	e000      	b.n	20002bf8 <CAN_CancelTransmit+0x4c>
20002bf6:	bf00      	nop
20002bf8:	bf00      	nop
20002bfa:	370c      	adds	r7, #12
20002bfc:	46bd      	mov	sp, r7
20002bfe:	f85d 7b04 	ldr.w	r7, [sp], #4
20002c02:	4770      	bx	lr

20002c04 <CAN_Receive>:
20002c04:	b480      	push	{r7}
20002c06:	b085      	sub	sp, #20
20002c08:	af00      	add	r7, sp, #0
20002c0a:	60f8      	str	r0, [r7, #12]
20002c0c:	460b      	mov	r3, r1
20002c0e:	607a      	str	r2, [r7, #4]
20002c10:	72fb      	strb	r3, [r7, #11]
20002c12:	7afb      	ldrb	r3, [r7, #11]
20002c14:	68fa      	ldr	r2, [r7, #12]
20002c16:	331b      	adds	r3, #27
20002c18:	011b      	lsls	r3, r3, #4
20002c1a:	4413      	add	r3, r2
20002c1c:	681b      	ldr	r3, [r3, #0]
20002c1e:	b2db      	uxtb	r3, r3
20002c20:	f003 0304 	and.w	r3, r3, #4
20002c24:	b2da      	uxtb	r2, r3
20002c26:	687b      	ldr	r3, [r7, #4]
20002c28:	721a      	strb	r2, [r3, #8]
20002c2a:	687b      	ldr	r3, [r7, #4]
20002c2c:	7a1b      	ldrb	r3, [r3, #8]
20002c2e:	2b00      	cmp	r3, #0
20002c30:	d10b      	bne.n	20002c4a <CAN_Receive+0x46>
20002c32:	7afb      	ldrb	r3, [r7, #11]
20002c34:	68fa      	ldr	r2, [r7, #12]
20002c36:	331b      	adds	r3, #27
20002c38:	011b      	lsls	r3, r3, #4
20002c3a:	4413      	add	r3, r2
20002c3c:	681b      	ldr	r3, [r3, #0]
20002c3e:	0d5b      	lsrs	r3, r3, #21
20002c40:	f3c3 020a 	ubfx	r2, r3, #0, #11
20002c44:	687b      	ldr	r3, [r7, #4]
20002c46:	601a      	str	r2, [r3, #0]
20002c48:	e00a      	b.n	20002c60 <CAN_Receive+0x5c>
20002c4a:	7afb      	ldrb	r3, [r7, #11]
20002c4c:	68fa      	ldr	r2, [r7, #12]
20002c4e:	331b      	adds	r3, #27
20002c50:	011b      	lsls	r3, r3, #4
20002c52:	4413      	add	r3, r2
20002c54:	681b      	ldr	r3, [r3, #0]
20002c56:	08db      	lsrs	r3, r3, #3
20002c58:	f023 4260 	bic.w	r2, r3, #3758096384	@ 0xe0000000
20002c5c:	687b      	ldr	r3, [r7, #4]
20002c5e:	605a      	str	r2, [r3, #4]
20002c60:	7afb      	ldrb	r3, [r7, #11]
20002c62:	68fa      	ldr	r2, [r7, #12]
20002c64:	331b      	adds	r3, #27
20002c66:	011b      	lsls	r3, r3, #4
20002c68:	4413      	add	r3, r2
20002c6a:	681b      	ldr	r3, [r3, #0]
20002c6c:	b2db      	uxtb	r3, r3
20002c6e:	f003 0302 	and.w	r3, r3, #2
20002c72:	b2da      	uxtb	r2, r3
20002c74:	687b      	ldr	r3, [r7, #4]
20002c76:	725a      	strb	r2, [r3, #9]
20002c78:	7afb      	ldrb	r3, [r7, #11]
20002c7a:	68fa      	ldr	r2, [r7, #12]
20002c7c:	331b      	adds	r3, #27
20002c7e:	011b      	lsls	r3, r3, #4
20002c80:	4413      	add	r3, r2
20002c82:	3304      	adds	r3, #4
20002c84:	681b      	ldr	r3, [r3, #0]
20002c86:	b2db      	uxtb	r3, r3
20002c88:	f003 030f 	and.w	r3, r3, #15
20002c8c:	b2da      	uxtb	r2, r3
20002c8e:	687b      	ldr	r3, [r7, #4]
20002c90:	729a      	strb	r2, [r3, #10]
20002c92:	7afb      	ldrb	r3, [r7, #11]
20002c94:	68fa      	ldr	r2, [r7, #12]
20002c96:	331b      	adds	r3, #27
20002c98:	011b      	lsls	r3, r3, #4
20002c9a:	4413      	add	r3, r2
20002c9c:	3304      	adds	r3, #4
20002c9e:	681b      	ldr	r3, [r3, #0]
20002ca0:	0a1b      	lsrs	r3, r3, #8
20002ca2:	b2da      	uxtb	r2, r3
20002ca4:	687b      	ldr	r3, [r7, #4]
20002ca6:	74da      	strb	r2, [r3, #19]
20002ca8:	7afb      	ldrb	r3, [r7, #11]
20002caa:	68fa      	ldr	r2, [r7, #12]
20002cac:	011b      	lsls	r3, r3, #4
20002cae:	4413      	add	r3, r2
20002cb0:	f503 73dc 	add.w	r3, r3, #440	@ 0x1b8
20002cb4:	681b      	ldr	r3, [r3, #0]
20002cb6:	b2da      	uxtb	r2, r3
20002cb8:	687b      	ldr	r3, [r7, #4]
20002cba:	72da      	strb	r2, [r3, #11]
20002cbc:	7afb      	ldrb	r3, [r7, #11]
20002cbe:	68fa      	ldr	r2, [r7, #12]
20002cc0:	011b      	lsls	r3, r3, #4
20002cc2:	4413      	add	r3, r2
20002cc4:	f503 73dc 	add.w	r3, r3, #440	@ 0x1b8
20002cc8:	681b      	ldr	r3, [r3, #0]
20002cca:	0a1b      	lsrs	r3, r3, #8
20002ccc:	b2da      	uxtb	r2, r3
20002cce:	687b      	ldr	r3, [r7, #4]
20002cd0:	731a      	strb	r2, [r3, #12]
20002cd2:	7afb      	ldrb	r3, [r7, #11]
20002cd4:	68fa      	ldr	r2, [r7, #12]
20002cd6:	011b      	lsls	r3, r3, #4
20002cd8:	4413      	add	r3, r2
20002cda:	f503 73dc 	add.w	r3, r3, #440	@ 0x1b8
20002cde:	681b      	ldr	r3, [r3, #0]
20002ce0:	0c1b      	lsrs	r3, r3, #16
20002ce2:	b2da      	uxtb	r2, r3
20002ce4:	687b      	ldr	r3, [r7, #4]
20002ce6:	735a      	strb	r2, [r3, #13]
20002ce8:	7afb      	ldrb	r3, [r7, #11]
20002cea:	68fa      	ldr	r2, [r7, #12]
20002cec:	011b      	lsls	r3, r3, #4
20002cee:	4413      	add	r3, r2
20002cf0:	f503 73dc 	add.w	r3, r3, #440	@ 0x1b8
20002cf4:	681b      	ldr	r3, [r3, #0]
20002cf6:	0e1b      	lsrs	r3, r3, #24
20002cf8:	b2da      	uxtb	r2, r3
20002cfa:	687b      	ldr	r3, [r7, #4]
20002cfc:	739a      	strb	r2, [r3, #14]
20002cfe:	7afb      	ldrb	r3, [r7, #11]
20002d00:	68fa      	ldr	r2, [r7, #12]
20002d02:	011b      	lsls	r3, r3, #4
20002d04:	4413      	add	r3, r2
20002d06:	f503 73de 	add.w	r3, r3, #444	@ 0x1bc
20002d0a:	681b      	ldr	r3, [r3, #0]
20002d0c:	b2da      	uxtb	r2, r3
20002d0e:	687b      	ldr	r3, [r7, #4]
20002d10:	73da      	strb	r2, [r3, #15]
20002d12:	7afb      	ldrb	r3, [r7, #11]
20002d14:	68fa      	ldr	r2, [r7, #12]
20002d16:	011b      	lsls	r3, r3, #4
20002d18:	4413      	add	r3, r2
20002d1a:	f503 73de 	add.w	r3, r3, #444	@ 0x1bc
20002d1e:	681b      	ldr	r3, [r3, #0]
20002d20:	0a1b      	lsrs	r3, r3, #8
20002d22:	b2da      	uxtb	r2, r3
20002d24:	687b      	ldr	r3, [r7, #4]
20002d26:	741a      	strb	r2, [r3, #16]
20002d28:	7afb      	ldrb	r3, [r7, #11]
20002d2a:	68fa      	ldr	r2, [r7, #12]
20002d2c:	011b      	lsls	r3, r3, #4
20002d2e:	4413      	add	r3, r2
20002d30:	f503 73de 	add.w	r3, r3, #444	@ 0x1bc
20002d34:	681b      	ldr	r3, [r3, #0]
20002d36:	0c1b      	lsrs	r3, r3, #16
20002d38:	b2da      	uxtb	r2, r3
20002d3a:	687b      	ldr	r3, [r7, #4]
20002d3c:	745a      	strb	r2, [r3, #17]
20002d3e:	7afb      	ldrb	r3, [r7, #11]
20002d40:	68fa      	ldr	r2, [r7, #12]
20002d42:	011b      	lsls	r3, r3, #4
20002d44:	4413      	add	r3, r2
20002d46:	f503 73de 	add.w	r3, r3, #444	@ 0x1bc
20002d4a:	681b      	ldr	r3, [r3, #0]
20002d4c:	0e1b      	lsrs	r3, r3, #24
20002d4e:	b2da      	uxtb	r2, r3
20002d50:	687b      	ldr	r3, [r7, #4]
20002d52:	749a      	strb	r2, [r3, #18]
20002d54:	7afb      	ldrb	r3, [r7, #11]
20002d56:	2b00      	cmp	r3, #0
20002d58:	d106      	bne.n	20002d68 <CAN_Receive+0x164>
20002d5a:	68fb      	ldr	r3, [r7, #12]
20002d5c:	68db      	ldr	r3, [r3, #12]
20002d5e:	f043 0220 	orr.w	r2, r3, #32
20002d62:	68fb      	ldr	r3, [r7, #12]
20002d64:	60da      	str	r2, [r3, #12]
20002d66:	e005      	b.n	20002d74 <CAN_Receive+0x170>
20002d68:	68fb      	ldr	r3, [r7, #12]
20002d6a:	691b      	ldr	r3, [r3, #16]
20002d6c:	f043 0220 	orr.w	r2, r3, #32
20002d70:	68fb      	ldr	r3, [r7, #12]
20002d72:	611a      	str	r2, [r3, #16]
20002d74:	bf00      	nop
20002d76:	3714      	adds	r7, #20
20002d78:	46bd      	mov	sp, r7
20002d7a:	f85d 7b04 	ldr.w	r7, [sp], #4
20002d7e:	4770      	bx	lr

20002d80 <CAN_FIFORelease>:
20002d80:	b480      	push	{r7}
20002d82:	b083      	sub	sp, #12
20002d84:	af00      	add	r7, sp, #0
20002d86:	6078      	str	r0, [r7, #4]
20002d88:	460b      	mov	r3, r1
20002d8a:	70fb      	strb	r3, [r7, #3]
20002d8c:	78fb      	ldrb	r3, [r7, #3]
20002d8e:	2b00      	cmp	r3, #0
20002d90:	d106      	bne.n	20002da0 <CAN_FIFORelease+0x20>
20002d92:	687b      	ldr	r3, [r7, #4]
20002d94:	68db      	ldr	r3, [r3, #12]
20002d96:	f043 0220 	orr.w	r2, r3, #32
20002d9a:	687b      	ldr	r3, [r7, #4]
20002d9c:	60da      	str	r2, [r3, #12]
20002d9e:	e005      	b.n	20002dac <CAN_FIFORelease+0x2c>
20002da0:	687b      	ldr	r3, [r7, #4]
20002da2:	691b      	ldr	r3, [r3, #16]
20002da4:	f043 0220 	orr.w	r2, r3, #32
20002da8:	687b      	ldr	r3, [r7, #4]
20002daa:	611a      	str	r2, [r3, #16]
20002dac:	bf00      	nop
20002dae:	370c      	adds	r7, #12
20002db0:	46bd      	mov	sp, r7
20002db2:	f85d 7b04 	ldr.w	r7, [sp], #4
20002db6:	4770      	bx	lr

20002db8 <CAN_MessagePending>:
20002db8:	b480      	push	{r7}
20002dba:	b085      	sub	sp, #20
20002dbc:	af00      	add	r7, sp, #0
20002dbe:	6078      	str	r0, [r7, #4]
20002dc0:	460b      	mov	r3, r1
20002dc2:	70fb      	strb	r3, [r7, #3]
20002dc4:	2300      	movs	r3, #0
20002dc6:	73fb      	strb	r3, [r7, #15]
20002dc8:	78fb      	ldrb	r3, [r7, #3]
20002dca:	2b00      	cmp	r3, #0
20002dcc:	d106      	bne.n	20002ddc <CAN_MessagePending+0x24>
20002dce:	687b      	ldr	r3, [r7, #4]
20002dd0:	68db      	ldr	r3, [r3, #12]
20002dd2:	b2db      	uxtb	r3, r3
20002dd4:	f003 0303 	and.w	r3, r3, #3
20002dd8:	73fb      	strb	r3, [r7, #15]
20002dda:	e00b      	b.n	20002df4 <CAN_MessagePending+0x3c>
20002ddc:	78fb      	ldrb	r3, [r7, #3]
20002dde:	2b01      	cmp	r3, #1
20002de0:	d106      	bne.n	20002df0 <CAN_MessagePending+0x38>
20002de2:	687b      	ldr	r3, [r7, #4]
20002de4:	691b      	ldr	r3, [r3, #16]
20002de6:	b2db      	uxtb	r3, r3
20002de8:	f003 0303 	and.w	r3, r3, #3
20002dec:	73fb      	strb	r3, [r7, #15]
20002dee:	e001      	b.n	20002df4 <CAN_MessagePending+0x3c>
20002df0:	2300      	movs	r3, #0
20002df2:	73fb      	strb	r3, [r7, #15]
20002df4:	7bfb      	ldrb	r3, [r7, #15]
20002df6:	4618      	mov	r0, r3
20002df8:	3714      	adds	r7, #20
20002dfa:	46bd      	mov	sp, r7
20002dfc:	f85d 7b04 	ldr.w	r7, [sp], #4
20002e00:	4770      	bx	lr

20002e02 <CAN_OperatingModeRequest>:
20002e02:	b480      	push	{r7}
20002e04:	b085      	sub	sp, #20
20002e06:	af00      	add	r7, sp, #0
20002e08:	6078      	str	r0, [r7, #4]
20002e0a:	460b      	mov	r3, r1
20002e0c:	70fb      	strb	r3, [r7, #3]
20002e0e:	2300      	movs	r3, #0
20002e10:	73fb      	strb	r3, [r7, #15]
20002e12:	f64f 73ff 	movw	r3, #65535	@ 0xffff
20002e16:	60bb      	str	r3, [r7, #8]
20002e18:	78fb      	ldrb	r3, [r7, #3]
20002e1a:	2b00      	cmp	r3, #0
20002e1c:	d120      	bne.n	20002e60 <CAN_OperatingModeRequest+0x5e>
20002e1e:	687b      	ldr	r3, [r7, #4]
20002e20:	681b      	ldr	r3, [r3, #0]
20002e22:	f023 0303 	bic.w	r3, r3, #3
20002e26:	f043 0201 	orr.w	r2, r3, #1
20002e2a:	687b      	ldr	r3, [r7, #4]
20002e2c:	601a      	str	r2, [r3, #0]
20002e2e:	e002      	b.n	20002e36 <CAN_OperatingModeRequest+0x34>
20002e30:	68bb      	ldr	r3, [r7, #8]
20002e32:	3b01      	subs	r3, #1
20002e34:	60bb      	str	r3, [r7, #8]
20002e36:	687b      	ldr	r3, [r7, #4]
20002e38:	685b      	ldr	r3, [r3, #4]
20002e3a:	f003 0303 	and.w	r3, r3, #3
20002e3e:	2b01      	cmp	r3, #1
20002e40:	d002      	beq.n	20002e48 <CAN_OperatingModeRequest+0x46>
20002e42:	68bb      	ldr	r3, [r7, #8]
20002e44:	2b00      	cmp	r3, #0
20002e46:	d1f3      	bne.n	20002e30 <CAN_OperatingModeRequest+0x2e>
20002e48:	687b      	ldr	r3, [r7, #4]
20002e4a:	685b      	ldr	r3, [r3, #4]
20002e4c:	f003 0303 	and.w	r3, r3, #3
20002e50:	2b01      	cmp	r3, #1
20002e52:	d002      	beq.n	20002e5a <CAN_OperatingModeRequest+0x58>
20002e54:	2300      	movs	r3, #0
20002e56:	73fb      	strb	r3, [r7, #15]
20002e58:	e04a      	b.n	20002ef0 <CAN_OperatingModeRequest+0xee>
20002e5a:	2301      	movs	r3, #1
20002e5c:	73fb      	strb	r3, [r7, #15]
20002e5e:	e047      	b.n	20002ef0 <CAN_OperatingModeRequest+0xee>
20002e60:	78fb      	ldrb	r3, [r7, #3]
20002e62:	2b01      	cmp	r3, #1
20002e64:	d11e      	bne.n	20002ea4 <CAN_OperatingModeRequest+0xa2>
20002e66:	687b      	ldr	r3, [r7, #4]
20002e68:	681b      	ldr	r3, [r3, #0]
20002e6a:	f023 0203 	bic.w	r2, r3, #3
20002e6e:	687b      	ldr	r3, [r7, #4]
20002e70:	601a      	str	r2, [r3, #0]
20002e72:	e002      	b.n	20002e7a <CAN_OperatingModeRequest+0x78>
20002e74:	68bb      	ldr	r3, [r7, #8]
20002e76:	3b01      	subs	r3, #1
20002e78:	60bb      	str	r3, [r7, #8]
20002e7a:	687b      	ldr	r3, [r7, #4]
20002e7c:	685b      	ldr	r3, [r3, #4]
20002e7e:	f003 0303 	and.w	r3, r3, #3
20002e82:	2b00      	cmp	r3, #0
20002e84:	d002      	beq.n	20002e8c <CAN_OperatingModeRequest+0x8a>
20002e86:	68bb      	ldr	r3, [r7, #8]
20002e88:	2b00      	cmp	r3, #0
20002e8a:	d1f3      	bne.n	20002e74 <CAN_OperatingModeRequest+0x72>
20002e8c:	687b      	ldr	r3, [r7, #4]
20002e8e:	685b      	ldr	r3, [r3, #4]
20002e90:	f003 0303 	and.w	r3, r3, #3
20002e94:	2b00      	cmp	r3, #0
20002e96:	d002      	beq.n	20002e9e <CAN_OperatingModeRequest+0x9c>
20002e98:	2300      	movs	r3, #0
20002e9a:	73fb      	strb	r3, [r7, #15]
20002e9c:	e028      	b.n	20002ef0 <CAN_OperatingModeRequest+0xee>
20002e9e:	2301      	movs	r3, #1
20002ea0:	73fb      	strb	r3, [r7, #15]
20002ea2:	e025      	b.n	20002ef0 <CAN_OperatingModeRequest+0xee>
20002ea4:	78fb      	ldrb	r3, [r7, #3]
20002ea6:	2b02      	cmp	r3, #2
20002ea8:	d120      	bne.n	20002eec <CAN_OperatingModeRequest+0xea>
20002eaa:	687b      	ldr	r3, [r7, #4]
20002eac:	681b      	ldr	r3, [r3, #0]
20002eae:	f023 0303 	bic.w	r3, r3, #3
20002eb2:	f043 0202 	orr.w	r2, r3, #2
20002eb6:	687b      	ldr	r3, [r7, #4]
20002eb8:	601a      	str	r2, [r3, #0]
20002eba:	e002      	b.n	20002ec2 <CAN_OperatingModeRequest+0xc0>
20002ebc:	68bb      	ldr	r3, [r7, #8]
20002ebe:	3b01      	subs	r3, #1
20002ec0:	60bb      	str	r3, [r7, #8]
20002ec2:	687b      	ldr	r3, [r7, #4]
20002ec4:	685b      	ldr	r3, [r3, #4]
20002ec6:	f003 0303 	and.w	r3, r3, #3
20002eca:	2b02      	cmp	r3, #2
20002ecc:	d002      	beq.n	20002ed4 <CAN_OperatingModeRequest+0xd2>
20002ece:	68bb      	ldr	r3, [r7, #8]
20002ed0:	2b00      	cmp	r3, #0
20002ed2:	d1f3      	bne.n	20002ebc <CAN_OperatingModeRequest+0xba>
20002ed4:	687b      	ldr	r3, [r7, #4]
20002ed6:	685b      	ldr	r3, [r3, #4]
20002ed8:	f003 0303 	and.w	r3, r3, #3
20002edc:	2b02      	cmp	r3, #2
20002ede:	d002      	beq.n	20002ee6 <CAN_OperatingModeRequest+0xe4>
20002ee0:	2300      	movs	r3, #0
20002ee2:	73fb      	strb	r3, [r7, #15]
20002ee4:	e004      	b.n	20002ef0 <CAN_OperatingModeRequest+0xee>
20002ee6:	2301      	movs	r3, #1
20002ee8:	73fb      	strb	r3, [r7, #15]
20002eea:	e001      	b.n	20002ef0 <CAN_OperatingModeRequest+0xee>
20002eec:	2300      	movs	r3, #0
20002eee:	73fb      	strb	r3, [r7, #15]
20002ef0:	7bfb      	ldrb	r3, [r7, #15]
20002ef2:	4618      	mov	r0, r3
20002ef4:	3714      	adds	r7, #20
20002ef6:	46bd      	mov	sp, r7
20002ef8:	f85d 7b04 	ldr.w	r7, [sp], #4
20002efc:	4770      	bx	lr

20002efe <CAN_Sleep>:
20002efe:	b480      	push	{r7}
20002f00:	b085      	sub	sp, #20
20002f02:	af00      	add	r7, sp, #0
20002f04:	6078      	str	r0, [r7, #4]
20002f06:	2300      	movs	r3, #0
20002f08:	73fb      	strb	r3, [r7, #15]
20002f0a:	687b      	ldr	r3, [r7, #4]
20002f0c:	681b      	ldr	r3, [r3, #0]
20002f0e:	f023 0303 	bic.w	r3, r3, #3
20002f12:	f043 0202 	orr.w	r2, r3, #2
20002f16:	687b      	ldr	r3, [r7, #4]
20002f18:	601a      	str	r2, [r3, #0]
20002f1a:	687b      	ldr	r3, [r7, #4]
20002f1c:	685b      	ldr	r3, [r3, #4]
20002f1e:	f003 0303 	and.w	r3, r3, #3
20002f22:	2b02      	cmp	r3, #2
20002f24:	d101      	bne.n	20002f2a <CAN_Sleep+0x2c>
20002f26:	2301      	movs	r3, #1
20002f28:	73fb      	strb	r3, [r7, #15]
20002f2a:	7bfb      	ldrb	r3, [r7, #15]
20002f2c:	4618      	mov	r0, r3
20002f2e:	3714      	adds	r7, #20
20002f30:	46bd      	mov	sp, r7
20002f32:	f85d 7b04 	ldr.w	r7, [sp], #4
20002f36:	4770      	bx	lr

20002f38 <CAN_WakeUp>:
20002f38:	b480      	push	{r7}
20002f3a:	b085      	sub	sp, #20
20002f3c:	af00      	add	r7, sp, #0
20002f3e:	6078      	str	r0, [r7, #4]
20002f40:	f64f 73ff 	movw	r3, #65535	@ 0xffff
20002f44:	60fb      	str	r3, [r7, #12]
20002f46:	2300      	movs	r3, #0
20002f48:	72fb      	strb	r3, [r7, #11]
20002f4a:	687b      	ldr	r3, [r7, #4]
20002f4c:	681b      	ldr	r3, [r3, #0]
20002f4e:	f023 0202 	bic.w	r2, r3, #2
20002f52:	687b      	ldr	r3, [r7, #4]
20002f54:	601a      	str	r2, [r3, #0]
20002f56:	e002      	b.n	20002f5e <CAN_WakeUp+0x26>
20002f58:	68fb      	ldr	r3, [r7, #12]
20002f5a:	3b01      	subs	r3, #1
20002f5c:	60fb      	str	r3, [r7, #12]
20002f5e:	687b      	ldr	r3, [r7, #4]
20002f60:	685b      	ldr	r3, [r3, #4]
20002f62:	f003 0302 	and.w	r3, r3, #2
20002f66:	2b02      	cmp	r3, #2
20002f68:	d102      	bne.n	20002f70 <CAN_WakeUp+0x38>
20002f6a:	68fb      	ldr	r3, [r7, #12]
20002f6c:	2b00      	cmp	r3, #0
20002f6e:	d1f3      	bne.n	20002f58 <CAN_WakeUp+0x20>
20002f70:	687b      	ldr	r3, [r7, #4]
20002f72:	685b      	ldr	r3, [r3, #4]
20002f74:	f003 0302 	and.w	r3, r3, #2
20002f78:	2b02      	cmp	r3, #2
20002f7a:	d001      	beq.n	20002f80 <CAN_WakeUp+0x48>
20002f7c:	2301      	movs	r3, #1
20002f7e:	72fb      	strb	r3, [r7, #11]
20002f80:	7afb      	ldrb	r3, [r7, #11]
20002f82:	4618      	mov	r0, r3
20002f84:	3714      	adds	r7, #20
20002f86:	46bd      	mov	sp, r7
20002f88:	f85d 7b04 	ldr.w	r7, [sp], #4
20002f8c:	4770      	bx	lr

20002f8e <CAN_GetLastErrorCode>:
20002f8e:	b480      	push	{r7}
20002f90:	b085      	sub	sp, #20
20002f92:	af00      	add	r7, sp, #0
20002f94:	6078      	str	r0, [r7, #4]
20002f96:	2300      	movs	r3, #0
20002f98:	73fb      	strb	r3, [r7, #15]
20002f9a:	687b      	ldr	r3, [r7, #4]
20002f9c:	699b      	ldr	r3, [r3, #24]
20002f9e:	b2db      	uxtb	r3, r3
20002fa0:	f003 0370 	and.w	r3, r3, #112	@ 0x70
20002fa4:	73fb      	strb	r3, [r7, #15]
20002fa6:	7bfb      	ldrb	r3, [r7, #15]
20002fa8:	4618      	mov	r0, r3
20002faa:	3714      	adds	r7, #20
20002fac:	46bd      	mov	sp, r7
20002fae:	f85d 7b04 	ldr.w	r7, [sp], #4
20002fb2:	4770      	bx	lr

20002fb4 <CAN_GetReceiveErrorCounter>:
20002fb4:	b480      	push	{r7}
20002fb6:	b085      	sub	sp, #20
20002fb8:	af00      	add	r7, sp, #0
20002fba:	6078      	str	r0, [r7, #4]
20002fbc:	2300      	movs	r3, #0
20002fbe:	73fb      	strb	r3, [r7, #15]
20002fc0:	687b      	ldr	r3, [r7, #4]
20002fc2:	699b      	ldr	r3, [r3, #24]
20002fc4:	0e1b      	lsrs	r3, r3, #24
20002fc6:	73fb      	strb	r3, [r7, #15]
20002fc8:	7bfb      	ldrb	r3, [r7, #15]
20002fca:	4618      	mov	r0, r3
20002fcc:	3714      	adds	r7, #20
20002fce:	46bd      	mov	sp, r7
20002fd0:	f85d 7b04 	ldr.w	r7, [sp], #4
20002fd4:	4770      	bx	lr

20002fd6 <CAN_GetLSBTransmitErrorCounter>:
20002fd6:	b480      	push	{r7}
20002fd8:	b085      	sub	sp, #20
20002fda:	af00      	add	r7, sp, #0
20002fdc:	6078      	str	r0, [r7, #4]
20002fde:	2300      	movs	r3, #0
20002fe0:	73fb      	strb	r3, [r7, #15]
20002fe2:	687b      	ldr	r3, [r7, #4]
20002fe4:	699b      	ldr	r3, [r3, #24]
20002fe6:	0c1b      	lsrs	r3, r3, #16
20002fe8:	73fb      	strb	r3, [r7, #15]
20002fea:	7bfb      	ldrb	r3, [r7, #15]
20002fec:	4618      	mov	r0, r3
20002fee:	3714      	adds	r7, #20
20002ff0:	46bd      	mov	sp, r7
20002ff2:	f85d 7b04 	ldr.w	r7, [sp], #4
20002ff6:	4770      	bx	lr

20002ff8 <CAN_ITConfig>:
20002ff8:	b480      	push	{r7}
20002ffa:	b085      	sub	sp, #20
20002ffc:	af00      	add	r7, sp, #0
20002ffe:	60f8      	str	r0, [r7, #12]
20003000:	60b9      	str	r1, [r7, #8]
20003002:	4613      	mov	r3, r2
20003004:	71fb      	strb	r3, [r7, #7]
20003006:	79fb      	ldrb	r3, [r7, #7]
20003008:	2b00      	cmp	r3, #0
2000300a:	d006      	beq.n	2000301a <CAN_ITConfig+0x22>
2000300c:	68fb      	ldr	r3, [r7, #12]
2000300e:	695a      	ldr	r2, [r3, #20]
20003010:	68bb      	ldr	r3, [r7, #8]
20003012:	431a      	orrs	r2, r3
20003014:	68fb      	ldr	r3, [r7, #12]
20003016:	615a      	str	r2, [r3, #20]
20003018:	e006      	b.n	20003028 <CAN_ITConfig+0x30>
2000301a:	68fb      	ldr	r3, [r7, #12]
2000301c:	695a      	ldr	r2, [r3, #20]
2000301e:	68bb      	ldr	r3, [r7, #8]
20003020:	43db      	mvns	r3, r3
20003022:	401a      	ands	r2, r3
20003024:	68fb      	ldr	r3, [r7, #12]
20003026:	615a      	str	r2, [r3, #20]
20003028:	bf00      	nop
2000302a:	3714      	adds	r7, #20
2000302c:	46bd      	mov	sp, r7
2000302e:	f85d 7b04 	ldr.w	r7, [sp], #4
20003032:	4770      	bx	lr

20003034 <CAN_GetFlagStatus>:
20003034:	b480      	push	{r7}
20003036:	b085      	sub	sp, #20
20003038:	af00      	add	r7, sp, #0
2000303a:	6078      	str	r0, [r7, #4]
2000303c:	6039      	str	r1, [r7, #0]
2000303e:	2300      	movs	r3, #0
20003040:	73fb      	strb	r3, [r7, #15]
20003042:	683b      	ldr	r3, [r7, #0]
20003044:	f403 0370 	and.w	r3, r3, #15728640	@ 0xf00000
20003048:	2b00      	cmp	r3, #0
2000304a:	d00d      	beq.n	20003068 <CAN_GetFlagStatus+0x34>
2000304c:	687b      	ldr	r3, [r7, #4]
2000304e:	699a      	ldr	r2, [r3, #24]
20003050:	683b      	ldr	r3, [r7, #0]
20003052:	4013      	ands	r3, r2
20003054:	f3c3 0313 	ubfx	r3, r3, #0, #20
20003058:	2b00      	cmp	r3, #0
2000305a:	d002      	beq.n	20003062 <CAN_GetFlagStatus+0x2e>
2000305c:	2301      	movs	r3, #1
2000305e:	73fb      	strb	r3, [r7, #15]
20003060:	e048      	b.n	200030f4 <CAN_GetFlagStatus+0xc0>
20003062:	2300      	movs	r3, #0
20003064:	73fb      	strb	r3, [r7, #15]
20003066:	e045      	b.n	200030f4 <CAN_GetFlagStatus+0xc0>
20003068:	683b      	ldr	r3, [r7, #0]
2000306a:	f003 7380 	and.w	r3, r3, #16777216	@ 0x1000000
2000306e:	2b00      	cmp	r3, #0
20003070:	d00d      	beq.n	2000308e <CAN_GetFlagStatus+0x5a>
20003072:	687b      	ldr	r3, [r7, #4]
20003074:	685a      	ldr	r2, [r3, #4]
20003076:	683b      	ldr	r3, [r7, #0]
20003078:	4013      	ands	r3, r2
2000307a:	f3c3 0313 	ubfx	r3, r3, #0, #20
2000307e:	2b00      	cmp	r3, #0
20003080:	d002      	beq.n	20003088 <CAN_GetFlagStatus+0x54>
20003082:	2301      	movs	r3, #1
20003084:	73fb      	strb	r3, [r7, #15]
20003086:	e035      	b.n	200030f4 <CAN_GetFlagStatus+0xc0>
20003088:	2300      	movs	r3, #0
2000308a:	73fb      	strb	r3, [r7, #15]
2000308c:	e032      	b.n	200030f4 <CAN_GetFlagStatus+0xc0>
2000308e:	683b      	ldr	r3, [r7, #0]
20003090:	f003 6300 	and.w	r3, r3, #134217728	@ 0x8000000
20003094:	2b00      	cmp	r3, #0
20003096:	d00d      	beq.n	200030b4 <CAN_GetFlagStatus+0x80>
20003098:	687b      	ldr	r3, [r7, #4]
2000309a:	689a      	ldr	r2, [r3, #8]
2000309c:	683b      	ldr	r3, [r7, #0]
2000309e:	4013      	ands	r3, r2
200030a0:	f3c3 0313 	ubfx	r3, r3, #0, #20
200030a4:	2b00      	cmp	r3, #0
200030a6:	d002      	beq.n	200030ae <CAN_GetFlagStatus+0x7a>
200030a8:	2301      	movs	r3, #1
200030aa:	73fb      	strb	r3, [r7, #15]
200030ac:	e022      	b.n	200030f4 <CAN_GetFlagStatus+0xc0>
200030ae:	2300      	movs	r3, #0
200030b0:	73fb      	strb	r3, [r7, #15]
200030b2:	e01f      	b.n	200030f4 <CAN_GetFlagStatus+0xc0>
200030b4:	683b      	ldr	r3, [r7, #0]
200030b6:	f003 7300 	and.w	r3, r3, #33554432	@ 0x2000000
200030ba:	2b00      	cmp	r3, #0
200030bc:	d00d      	beq.n	200030da <CAN_GetFlagStatus+0xa6>
200030be:	687b      	ldr	r3, [r7, #4]
200030c0:	68da      	ldr	r2, [r3, #12]
200030c2:	683b      	ldr	r3, [r7, #0]
200030c4:	4013      	ands	r3, r2
200030c6:	f3c3 0313 	ubfx	r3, r3, #0, #20
200030ca:	2b00      	cmp	r3, #0
200030cc:	d002      	beq.n	200030d4 <CAN_GetFlagStatus+0xa0>
200030ce:	2301      	movs	r3, #1
200030d0:	73fb      	strb	r3, [r7, #15]
200030d2:	e00f      	b.n	200030f4 <CAN_GetFlagStatus+0xc0>
200030d4:	2300      	movs	r3, #0
200030d6:	73fb      	strb	r3, [r7, #15]
200030d8:	e00c      	b.n	200030f4 <CAN_GetFlagStatus+0xc0>
200030da:	687b      	ldr	r3, [r7, #4]
200030dc:	691a      	ldr	r2, [r3, #16]
200030de:	683b      	ldr	r3, [r7, #0]
200030e0:	4013      	ands	r3, r2
200030e2:	f3c3 0313 	ubfx	r3, r3, #0, #20
200030e6:	2b00      	cmp	r3, #0
200030e8:	d002      	beq.n	200030f0 <CAN_GetFlagStatus+0xbc>
200030ea:	2301      	movs	r3, #1
200030ec:	73fb      	strb	r3, [r7, #15]
200030ee:	e001      	b.n	200030f4 <CAN_GetFlagStatus+0xc0>
200030f0:	2300      	movs	r3, #0
200030f2:	73fb      	strb	r3, [r7, #15]
200030f4:	7bfb      	ldrb	r3, [r7, #15]
200030f6:	4618      	mov	r0, r3
200030f8:	3714      	adds	r7, #20
200030fa:	46bd      	mov	sp, r7
200030fc:	f85d 7b04 	ldr.w	r7, [sp], #4
20003100:	4770      	bx	lr

20003102 <CAN_ClearFlag>:
20003102:	b480      	push	{r7}
20003104:	b085      	sub	sp, #20
20003106:	af00      	add	r7, sp, #0
20003108:	6078      	str	r0, [r7, #4]
2000310a:	6039      	str	r1, [r7, #0]
2000310c:	2300      	movs	r3, #0
2000310e:	60fb      	str	r3, [r7, #12]
20003110:	683b      	ldr	r3, [r7, #0]
20003112:	4a17      	ldr	r2, [pc, #92]	@ (20003170 <CAN_ClearFlag+0x6e>)
20003114:	4293      	cmp	r3, r2
20003116:	d103      	bne.n	20003120 <CAN_ClearFlag+0x1e>
20003118:	687b      	ldr	r3, [r7, #4]
2000311a:	2200      	movs	r2, #0
2000311c:	619a      	str	r2, [r3, #24]
2000311e:	e021      	b.n	20003164 <CAN_ClearFlag+0x62>
20003120:	683b      	ldr	r3, [r7, #0]
20003122:	f3c3 0313 	ubfx	r3, r3, #0, #20
20003126:	60fb      	str	r3, [r7, #12]
20003128:	683b      	ldr	r3, [r7, #0]
2000312a:	f003 7300 	and.w	r3, r3, #33554432	@ 0x2000000
2000312e:	2b00      	cmp	r3, #0
20003130:	d003      	beq.n	2000313a <CAN_ClearFlag+0x38>
20003132:	687b      	ldr	r3, [r7, #4]
20003134:	68fa      	ldr	r2, [r7, #12]
20003136:	60da      	str	r2, [r3, #12]
20003138:	e014      	b.n	20003164 <CAN_ClearFlag+0x62>
2000313a:	683b      	ldr	r3, [r7, #0]
2000313c:	f003 6380 	and.w	r3, r3, #67108864	@ 0x4000000
20003140:	2b00      	cmp	r3, #0
20003142:	d003      	beq.n	2000314c <CAN_ClearFlag+0x4a>
20003144:	687b      	ldr	r3, [r7, #4]
20003146:	68fa      	ldr	r2, [r7, #12]
20003148:	611a      	str	r2, [r3, #16]
2000314a:	e00b      	b.n	20003164 <CAN_ClearFlag+0x62>
2000314c:	683b      	ldr	r3, [r7, #0]
2000314e:	f003 6300 	and.w	r3, r3, #134217728	@ 0x8000000
20003152:	2b00      	cmp	r3, #0
20003154:	d003      	beq.n	2000315e <CAN_ClearFlag+0x5c>
20003156:	687b      	ldr	r3, [r7, #4]
20003158:	68fa      	ldr	r2, [r7, #12]
2000315a:	609a      	str	r2, [r3, #8]
2000315c:	e002      	b.n	20003164 <CAN_ClearFlag+0x62>
2000315e:	687b      	ldr	r3, [r7, #4]
20003160:	68fa      	ldr	r2, [r7, #12]
20003162:	605a      	str	r2, [r3, #4]
20003164:	bf00      	nop
20003166:	3714      	adds	r7, #20
20003168:	46bd      	mov	sp, r7
2000316a:	f85d 7b04 	ldr.w	r7, [sp], #4
2000316e:	4770      	bx	lr
20003170:	30f00070 	.word	0x30f00070

20003174 <CAN_GetITStatus>:
20003174:	b580      	push	{r7, lr}
20003176:	b084      	sub	sp, #16
20003178:	af00      	add	r7, sp, #0
2000317a:	6078      	str	r0, [r7, #4]
2000317c:	6039      	str	r1, [r7, #0]
2000317e:	2300      	movs	r3, #0
20003180:	73fb      	strb	r3, [r7, #15]
20003182:	687b      	ldr	r3, [r7, #4]
20003184:	695a      	ldr	r2, [r3, #20]
20003186:	683b      	ldr	r3, [r7, #0]
20003188:	4013      	ands	r3, r2
2000318a:	2b00      	cmp	r3, #0
2000318c:	f000 811b 	beq.w	200033c6 <CAN_GetITStatus+0x252>
20003190:	683b      	ldr	r3, [r7, #0]
20003192:	f5b3 3f00 	cmp.w	r3, #131072	@ 0x20000
20003196:	f000 80dd 	beq.w	20003354 <CAN_GetITStatus+0x1e0>
2000319a:	683b      	ldr	r3, [r7, #0]
2000319c:	f5b3 3f00 	cmp.w	r3, #131072	@ 0x20000
200031a0:	f200 810e 	bhi.w	200033c0 <CAN_GetITStatus+0x24c>
200031a4:	683b      	ldr	r3, [r7, #0]
200031a6:	f5b3 3f80 	cmp.w	r3, #65536	@ 0x10000
200031aa:	f000 80ca 	beq.w	20003342 <CAN_GetITStatus+0x1ce>
200031ae:	683b      	ldr	r3, [r7, #0]
200031b0:	f5b3 3f80 	cmp.w	r3, #65536	@ 0x10000
200031b4:	f200 8104 	bhi.w	200033c0 <CAN_GetITStatus+0x24c>
200031b8:	683b      	ldr	r3, [r7, #0]
200031ba:	f5b3 4f00 	cmp.w	r3, #32768	@ 0x8000
200031be:	f000 80f6 	beq.w	200033ae <CAN_GetITStatus+0x23a>
200031c2:	683b      	ldr	r3, [r7, #0]
200031c4:	f5b3 4f00 	cmp.w	r3, #32768	@ 0x8000
200031c8:	f200 80fa 	bhi.w	200033c0 <CAN_GetITStatus+0x24c>
200031cc:	683b      	ldr	r3, [r7, #0]
200031ce:	f5b3 6f00 	cmp.w	r3, #2048	@ 0x800
200031d2:	f000 80e3 	beq.w	2000339c <CAN_GetITStatus+0x228>
200031d6:	683b      	ldr	r3, [r7, #0]
200031d8:	f5b3 6f00 	cmp.w	r3, #2048	@ 0x800
200031dc:	f200 80f0 	bhi.w	200033c0 <CAN_GetITStatus+0x24c>
200031e0:	683b      	ldr	r3, [r7, #0]
200031e2:	f5b3 6f80 	cmp.w	r3, #1024	@ 0x400
200031e6:	f000 80d0 	beq.w	2000338a <CAN_GetITStatus+0x216>
200031ea:	683b      	ldr	r3, [r7, #0]
200031ec:	f5b3 6f80 	cmp.w	r3, #1024	@ 0x400
200031f0:	f200 80e6 	bhi.w	200033c0 <CAN_GetITStatus+0x24c>
200031f4:	683b      	ldr	r3, [r7, #0]
200031f6:	f5b3 7f00 	cmp.w	r3, #512	@ 0x200
200031fa:	f000 80bd 	beq.w	20003378 <CAN_GetITStatus+0x204>
200031fe:	683b      	ldr	r3, [r7, #0]
20003200:	f5b3 7f00 	cmp.w	r3, #512	@ 0x200
20003204:	f200 80dc 	bhi.w	200033c0 <CAN_GetITStatus+0x24c>
20003208:	683b      	ldr	r3, [r7, #0]
2000320a:	f5b3 7f80 	cmp.w	r3, #256	@ 0x100
2000320e:	f000 80aa 	beq.w	20003366 <CAN_GetITStatus+0x1f2>
20003212:	683b      	ldr	r3, [r7, #0]
20003214:	f5b3 7f80 	cmp.w	r3, #256	@ 0x100
20003218:	f200 80d2 	bhi.w	200033c0 <CAN_GetITStatus+0x24c>
2000321c:	683b      	ldr	r3, [r7, #0]
2000321e:	2b20      	cmp	r3, #32
20003220:	d84c      	bhi.n	200032bc <CAN_GetITStatus+0x148>
20003222:	683b      	ldr	r3, [r7, #0]
20003224:	2b00      	cmp	r3, #0
20003226:	f000 80cb 	beq.w	200033c0 <CAN_GetITStatus+0x24c>
2000322a:	683b      	ldr	r3, [r7, #0]
2000322c:	3b01      	subs	r3, #1
2000322e:	2b1f      	cmp	r3, #31
20003230:	f200 80c6 	bhi.w	200033c0 <CAN_GetITStatus+0x24c>
20003234:	a201      	add	r2, pc, #4	@ (adr r2, 2000323c <CAN_GetITStatus+0xc8>)
20003236:	f852 f023 	ldr.w	pc, [r2, r3, lsl #2]
2000323a:	bf00      	nop
2000323c:	200032c5 	.word	0x200032c5
20003240:	200032d7 	.word	0x200032d7
20003244:	200033c1 	.word	0x200033c1
20003248:	200032e9 	.word	0x200032e9
2000324c:	200033c1 	.word	0x200033c1
20003250:	200033c1 	.word	0x200033c1
20003254:	200033c1 	.word	0x200033c1
20003258:	200032fb 	.word	0x200032fb
2000325c:	200033c1 	.word	0x200033c1
20003260:	200033c1 	.word	0x200033c1
20003264:	200033c1 	.word	0x200033c1
20003268:	200033c1 	.word	0x200033c1
2000326c:	200033c1 	.word	0x200033c1
20003270:	200033c1 	.word	0x200033c1
20003274:	200033c1 	.word	0x200033c1
20003278:	2000330d 	.word	0x2000330d
2000327c:	200033c1 	.word	0x200033c1
20003280:	200033c1 	.word	0x200033c1
20003284:	200033c1 	.word	0x200033c1
20003288:	200033c1 	.word	0x200033c1
2000328c:	200033c1 	.word	0x200033c1
20003290:	200033c1 	.word	0x200033c1
20003294:	200033c1 	.word	0x200033c1
20003298:	200033c1 	.word	0x200033c1
2000329c:	200033c1 	.word	0x200033c1
200032a0:	200033c1 	.word	0x200033c1
200032a4:	200033c1 	.word	0x200033c1
200032a8:	200033c1 	.word	0x200033c1
200032ac:	200033c1 	.word	0x200033c1
200032b0:	200033c1 	.word	0x200033c1
200032b4:	200033c1 	.word	0x200033c1
200032b8:	2000331f 	.word	0x2000331f
200032bc:	683b      	ldr	r3, [r7, #0]
200032be:	2b40      	cmp	r3, #64	@ 0x40
200032c0:	d036      	beq.n	20003330 <CAN_GetITStatus+0x1bc>
200032c2:	e07d      	b.n	200033c0 <CAN_GetITStatus+0x24c>
200032c4:	687b      	ldr	r3, [r7, #4]
200032c6:	689b      	ldr	r3, [r3, #8]
200032c8:	4942      	ldr	r1, [pc, #264]	@ (200033d4 <CAN_GetITStatus+0x260>)
200032ca:	4618      	mov	r0, r3
200032cc:	f000 f960 	bl	20003590 <CheckITStatus>
200032d0:	4603      	mov	r3, r0
200032d2:	73fb      	strb	r3, [r7, #15]
200032d4:	e079      	b.n	200033ca <CAN_GetITStatus+0x256>
200032d6:	687b      	ldr	r3, [r7, #4]
200032d8:	68db      	ldr	r3, [r3, #12]
200032da:	2103      	movs	r1, #3
200032dc:	4618      	mov	r0, r3
200032de:	f000 f957 	bl	20003590 <CheckITStatus>
200032e2:	4603      	mov	r3, r0
200032e4:	73fb      	strb	r3, [r7, #15]
200032e6:	e070      	b.n	200033ca <CAN_GetITStatus+0x256>
200032e8:	687b      	ldr	r3, [r7, #4]
200032ea:	68db      	ldr	r3, [r3, #12]
200032ec:	2108      	movs	r1, #8
200032ee:	4618      	mov	r0, r3
200032f0:	f000 f94e 	bl	20003590 <CheckITStatus>
200032f4:	4603      	mov	r3, r0
200032f6:	73fb      	strb	r3, [r7, #15]
200032f8:	e067      	b.n	200033ca <CAN_GetITStatus+0x256>
200032fa:	687b      	ldr	r3, [r7, #4]
200032fc:	68db      	ldr	r3, [r3, #12]
200032fe:	2110      	movs	r1, #16
20003300:	4618      	mov	r0, r3
20003302:	f000 f945 	bl	20003590 <CheckITStatus>
20003306:	4603      	mov	r3, r0
20003308:	73fb      	strb	r3, [r7, #15]
2000330a:	e05e      	b.n	200033ca <CAN_GetITStatus+0x256>
2000330c:	687b      	ldr	r3, [r7, #4]
2000330e:	691b      	ldr	r3, [r3, #16]
20003310:	2103      	movs	r1, #3
20003312:	4618      	mov	r0, r3
20003314:	f000 f93c 	bl	20003590 <CheckITStatus>
20003318:	4603      	mov	r3, r0
2000331a:	73fb      	strb	r3, [r7, #15]
2000331c:	e055      	b.n	200033ca <CAN_GetITStatus+0x256>
2000331e:	687b      	ldr	r3, [r7, #4]
20003320:	691b      	ldr	r3, [r3, #16]
20003322:	2108      	movs	r1, #8
20003324:	4618      	mov	r0, r3
20003326:	f000 f933 	bl	20003590 <CheckITStatus>
2000332a:	4603      	mov	r3, r0
2000332c:	73fb      	strb	r3, [r7, #15]
2000332e:	e04c      	b.n	200033ca <CAN_GetITStatus+0x256>
20003330:	687b      	ldr	r3, [r7, #4]
20003332:	691b      	ldr	r3, [r3, #16]
20003334:	2110      	movs	r1, #16
20003336:	4618      	mov	r0, r3
20003338:	f000 f92a 	bl	20003590 <CheckITStatus>
2000333c:	4603      	mov	r3, r0
2000333e:	73fb      	strb	r3, [r7, #15]
20003340:	e043      	b.n	200033ca <CAN_GetITStatus+0x256>
20003342:	687b      	ldr	r3, [r7, #4]
20003344:	685b      	ldr	r3, [r3, #4]
20003346:	2108      	movs	r1, #8
20003348:	4618      	mov	r0, r3
2000334a:	f000 f921 	bl	20003590 <CheckITStatus>
2000334e:	4603      	mov	r3, r0
20003350:	73fb      	strb	r3, [r7, #15]
20003352:	e03a      	b.n	200033ca <CAN_GetITStatus+0x256>
20003354:	687b      	ldr	r3, [r7, #4]
20003356:	685b      	ldr	r3, [r3, #4]
20003358:	2110      	movs	r1, #16
2000335a:	4618      	mov	r0, r3
2000335c:	f000 f918 	bl	20003590 <CheckITStatus>
20003360:	4603      	mov	r3, r0
20003362:	73fb      	strb	r3, [r7, #15]
20003364:	e031      	b.n	200033ca <CAN_GetITStatus+0x256>
20003366:	687b      	ldr	r3, [r7, #4]
20003368:	699b      	ldr	r3, [r3, #24]
2000336a:	2101      	movs	r1, #1
2000336c:	4618      	mov	r0, r3
2000336e:	f000 f90f 	bl	20003590 <CheckITStatus>
20003372:	4603      	mov	r3, r0
20003374:	73fb      	strb	r3, [r7, #15]
20003376:	e028      	b.n	200033ca <CAN_GetITStatus+0x256>
20003378:	687b      	ldr	r3, [r7, #4]
2000337a:	699b      	ldr	r3, [r3, #24]
2000337c:	2102      	movs	r1, #2
2000337e:	4618      	mov	r0, r3
20003380:	f000 f906 	bl	20003590 <CheckITStatus>
20003384:	4603      	mov	r3, r0
20003386:	73fb      	strb	r3, [r7, #15]
20003388:	e01f      	b.n	200033ca <CAN_GetITStatus+0x256>
2000338a:	687b      	ldr	r3, [r7, #4]
2000338c:	699b      	ldr	r3, [r3, #24]
2000338e:	2104      	movs	r1, #4
20003390:	4618      	mov	r0, r3
20003392:	f000 f8fd 	bl	20003590 <CheckITStatus>
20003396:	4603      	mov	r3, r0
20003398:	73fb      	strb	r3, [r7, #15]
2000339a:	e016      	b.n	200033ca <CAN_GetITStatus+0x256>
2000339c:	687b      	ldr	r3, [r7, #4]
2000339e:	699b      	ldr	r3, [r3, #24]
200033a0:	2170      	movs	r1, #112	@ 0x70
200033a2:	4618      	mov	r0, r3
200033a4:	f000 f8f4 	bl	20003590 <CheckITStatus>
200033a8:	4603      	mov	r3, r0
200033aa:	73fb      	strb	r3, [r7, #15]
200033ac:	e00d      	b.n	200033ca <CAN_GetITStatus+0x256>
200033ae:	687b      	ldr	r3, [r7, #4]
200033b0:	685b      	ldr	r3, [r3, #4]
200033b2:	2104      	movs	r1, #4
200033b4:	4618      	mov	r0, r3
200033b6:	f000 f8eb 	bl	20003590 <CheckITStatus>
200033ba:	4603      	mov	r3, r0
200033bc:	73fb      	strb	r3, [r7, #15]
200033be:	e004      	b.n	200033ca <CAN_GetITStatus+0x256>
200033c0:	2300      	movs	r3, #0
200033c2:	73fb      	strb	r3, [r7, #15]
200033c4:	e001      	b.n	200033ca <CAN_GetITStatus+0x256>
200033c6:	2300      	movs	r3, #0
200033c8:	73fb      	strb	r3, [r7, #15]
200033ca:	7bfb      	ldrb	r3, [r7, #15]
200033cc:	4618      	mov	r0, r3
200033ce:	3710      	adds	r7, #16
200033d0:	46bd      	mov	sp, r7
200033d2:	bd80      	pop	{r7, pc}
200033d4:	00010101 	.word	0x00010101

200033d8 <CAN_ClearITPendingBit>:
200033d8:	b480      	push	{r7}
200033da:	b083      	sub	sp, #12
200033dc:	af00      	add	r7, sp, #0
200033de:	6078      	str	r0, [r7, #4]
200033e0:	6039      	str	r1, [r7, #0]
200033e2:	683b      	ldr	r3, [r7, #0]
200033e4:	f5b3 3f00 	cmp.w	r3, #131072	@ 0x20000
200033e8:	f000 80aa 	beq.w	20003540 <CAN_ClearITPendingBit+0x168>
200033ec:	683b      	ldr	r3, [r7, #0]
200033ee:	f5b3 3f00 	cmp.w	r3, #131072	@ 0x20000
200033f2:	f200 80c3 	bhi.w	2000357c <CAN_ClearITPendingBit+0x1a4>
200033f6:	683b      	ldr	r3, [r7, #0]
200033f8:	f5b3 3f80 	cmp.w	r3, #65536	@ 0x10000
200033fc:	f000 809c 	beq.w	20003538 <CAN_ClearITPendingBit+0x160>
20003400:	683b      	ldr	r3, [r7, #0]
20003402:	f5b3 3f80 	cmp.w	r3, #65536	@ 0x10000
20003406:	f200 80b9 	bhi.w	2000357c <CAN_ClearITPendingBit+0x1a4>
2000340a:	683b      	ldr	r3, [r7, #0]
2000340c:	f5b3 4f00 	cmp.w	r3, #32768	@ 0x8000
20003410:	f000 80ad 	beq.w	2000356e <CAN_ClearITPendingBit+0x196>
20003414:	683b      	ldr	r3, [r7, #0]
20003416:	f5b3 4f00 	cmp.w	r3, #32768	@ 0x8000
2000341a:	f200 80af 	bhi.w	2000357c <CAN_ClearITPendingBit+0x1a4>
2000341e:	683b      	ldr	r3, [r7, #0]
20003420:	f5b3 6f00 	cmp.w	r3, #2048	@ 0x800
20003424:	f000 809c 	beq.w	20003560 <CAN_ClearITPendingBit+0x188>
20003428:	683b      	ldr	r3, [r7, #0]
2000342a:	f5b3 6f00 	cmp.w	r3, #2048	@ 0x800
2000342e:	f200 80a5 	bhi.w	2000357c <CAN_ClearITPendingBit+0x1a4>
20003432:	683b      	ldr	r3, [r7, #0]
20003434:	f5b3 6f80 	cmp.w	r3, #1024	@ 0x400
20003438:	f000 808e 	beq.w	20003558 <CAN_ClearITPendingBit+0x180>
2000343c:	683b      	ldr	r3, [r7, #0]
2000343e:	f5b3 6f80 	cmp.w	r3, #1024	@ 0x400
20003442:	f200 809b 	bhi.w	2000357c <CAN_ClearITPendingBit+0x1a4>
20003446:	683b      	ldr	r3, [r7, #0]
20003448:	f5b3 7f00 	cmp.w	r3, #512	@ 0x200
2000344c:	f000 8080 	beq.w	20003550 <CAN_ClearITPendingBit+0x178>
20003450:	683b      	ldr	r3, [r7, #0]
20003452:	f5b3 7f00 	cmp.w	r3, #512	@ 0x200
20003456:	f200 8091 	bhi.w	2000357c <CAN_ClearITPendingBit+0x1a4>
2000345a:	683b      	ldr	r3, [r7, #0]
2000345c:	f5b3 7f80 	cmp.w	r3, #256	@ 0x100
20003460:	d072      	beq.n	20003548 <CAN_ClearITPendingBit+0x170>
20003462:	683b      	ldr	r3, [r7, #0]
20003464:	f5b3 7f80 	cmp.w	r3, #256	@ 0x100
20003468:	f200 8088 	bhi.w	2000357c <CAN_ClearITPendingBit+0x1a4>
2000346c:	683b      	ldr	r3, [r7, #0]
2000346e:	2b20      	cmp	r3, #32
20003470:	d84a      	bhi.n	20003508 <CAN_ClearITPendingBit+0x130>
20003472:	683b      	ldr	r3, [r7, #0]
20003474:	2b00      	cmp	r3, #0
20003476:	f000 8081 	beq.w	2000357c <CAN_ClearITPendingBit+0x1a4>
2000347a:	683b      	ldr	r3, [r7, #0]
2000347c:	3b01      	subs	r3, #1
2000347e:	2b1f      	cmp	r3, #31
20003480:	d87c      	bhi.n	2000357c <CAN_ClearITPendingBit+0x1a4>
20003482:	a201      	add	r2, pc, #4	@ (adr r2, 20003488 <CAN_ClearITPendingBit+0xb0>)
20003484:	f852 f023 	ldr.w	pc, [r2, r3, lsl #2]
20003488:	20003511 	.word	0x20003511
2000348c:	2000357d 	.word	0x2000357d
20003490:	2000357d 	.word	0x2000357d
20003494:	20003519 	.word	0x20003519
20003498:	2000357d 	.word	0x2000357d
2000349c:	2000357d 	.word	0x2000357d
200034a0:	2000357d 	.word	0x2000357d
200034a4:	20003521 	.word	0x20003521
200034a8:	2000357d 	.word	0x2000357d
200034ac:	2000357d 	.word	0x2000357d
200034b0:	2000357d 	.word	0x2000357d
200034b4:	2000357d 	.word	0x2000357d
200034b8:	2000357d 	.word	0x2000357d
200034bc:	2000357d 	.word	0x2000357d
200034c0:	2000357d 	.word	0x2000357d
200034c4:	2000357d 	.word	0x2000357d
200034c8:	2000357d 	.word	0x2000357d
200034cc:	2000357d 	.word	0x2000357d
200034d0:	2000357d 	.word	0x2000357d
200034d4:	2000357d 	.word	0x2000357d
200034d8:	2000357d 	.word	0x2000357d
200034dc:	2000357d 	.word	0x2000357d
200034e0:	2000357d 	.word	0x2000357d
200034e4:	2000357d 	.word	0x2000357d
200034e8:	2000357d 	.word	0x2000357d
200034ec:	2000357d 	.word	0x2000357d
200034f0:	2000357d 	.word	0x2000357d
200034f4:	2000357d 	.word	0x2000357d
200034f8:	2000357d 	.word	0x2000357d
200034fc:	2000357d 	.word	0x2000357d
20003500:	2000357d 	.word	0x2000357d
20003504:	20003529 	.word	0x20003529
20003508:	683b      	ldr	r3, [r7, #0]
2000350a:	2b40      	cmp	r3, #64	@ 0x40
2000350c:	d010      	beq.n	20003530 <CAN_ClearITPendingBit+0x158>
2000350e:	e035      	b.n	2000357c <CAN_ClearITPendingBit+0x1a4>
20003510:	687b      	ldr	r3, [r7, #4]
20003512:	4a1e      	ldr	r2, [pc, #120]	@ (2000358c <CAN_ClearITPendingBit+0x1b4>)
20003514:	609a      	str	r2, [r3, #8]
20003516:	e032      	b.n	2000357e <CAN_ClearITPendingBit+0x1a6>
20003518:	687b      	ldr	r3, [r7, #4]
2000351a:	2208      	movs	r2, #8
2000351c:	60da      	str	r2, [r3, #12]
2000351e:	e02e      	b.n	2000357e <CAN_ClearITPendingBit+0x1a6>
20003520:	687b      	ldr	r3, [r7, #4]
20003522:	2210      	movs	r2, #16
20003524:	60da      	str	r2, [r3, #12]
20003526:	e02a      	b.n	2000357e <CAN_ClearITPendingBit+0x1a6>
20003528:	687b      	ldr	r3, [r7, #4]
2000352a:	2208      	movs	r2, #8
2000352c:	611a      	str	r2, [r3, #16]
2000352e:	e026      	b.n	2000357e <CAN_ClearITPendingBit+0x1a6>
20003530:	687b      	ldr	r3, [r7, #4]
20003532:	2210      	movs	r2, #16
20003534:	611a      	str	r2, [r3, #16]
20003536:	e022      	b.n	2000357e <CAN_ClearITPendingBit+0x1a6>
20003538:	687b      	ldr	r3, [r7, #4]
2000353a:	2208      	movs	r2, #8
2000353c:	605a      	str	r2, [r3, #4]
2000353e:	e01e      	b.n	2000357e <CAN_ClearITPendingBit+0x1a6>
20003540:	687b      	ldr	r3, [r7, #4]
20003542:	2210      	movs	r2, #16
20003544:	605a      	str	r2, [r3, #4]
20003546:	e01a      	b.n	2000357e <CAN_ClearITPendingBit+0x1a6>
20003548:	687b      	ldr	r3, [r7, #4]
2000354a:	2204      	movs	r2, #4
2000354c:	605a      	str	r2, [r3, #4]
2000354e:	e016      	b.n	2000357e <CAN_ClearITPendingBit+0x1a6>
20003550:	687b      	ldr	r3, [r7, #4]
20003552:	2204      	movs	r2, #4
20003554:	605a      	str	r2, [r3, #4]
20003556:	e012      	b.n	2000357e <CAN_ClearITPendingBit+0x1a6>
20003558:	687b      	ldr	r3, [r7, #4]
2000355a:	2204      	movs	r2, #4
2000355c:	605a      	str	r2, [r3, #4]
2000355e:	e00e      	b.n	2000357e <CAN_ClearITPendingBit+0x1a6>
20003560:	687b      	ldr	r3, [r7, #4]
20003562:	2200      	movs	r2, #0
20003564:	619a      	str	r2, [r3, #24]
20003566:	687b      	ldr	r3, [r7, #4]
20003568:	2204      	movs	r2, #4
2000356a:	605a      	str	r2, [r3, #4]
2000356c:	e007      	b.n	2000357e <CAN_ClearITPendingBit+0x1a6>
2000356e:	687b      	ldr	r3, [r7, #4]
20003570:	2200      	movs	r2, #0
20003572:	619a      	str	r2, [r3, #24]
20003574:	687b      	ldr	r3, [r7, #4]
20003576:	2204      	movs	r2, #4
20003578:	605a      	str	r2, [r3, #4]
2000357a:	e000      	b.n	2000357e <CAN_ClearITPendingBit+0x1a6>
2000357c:	bf00      	nop
2000357e:	bf00      	nop
20003580:	370c      	adds	r7, #12
20003582:	46bd      	mov	sp, r7
20003584:	f85d 7b04 	ldr.w	r7, [sp], #4
20003588:	4770      	bx	lr
2000358a:	bf00      	nop
2000358c:	00010101 	.word	0x00010101

20003590 <CheckITStatus>:
20003590:	b480      	push	{r7}
20003592:	b085      	sub	sp, #20
20003594:	af00      	add	r7, sp, #0
20003596:	6078      	str	r0, [r7, #4]
20003598:	6039      	str	r1, [r7, #0]
2000359a:	2300      	movs	r3, #0
2000359c:	73fb      	strb	r3, [r7, #15]
2000359e:	687a      	ldr	r2, [r7, #4]
200035a0:	683b      	ldr	r3, [r7, #0]
200035a2:	4013      	ands	r3, r2
200035a4:	2b00      	cmp	r3, #0
200035a6:	d002      	beq.n	200035ae <CheckITStatus+0x1e>
200035a8:	2301      	movs	r3, #1
200035aa:	73fb      	strb	r3, [r7, #15]
200035ac:	e001      	b.n	200035b2 <CheckITStatus+0x22>
200035ae:	2300      	movs	r3, #0
200035b0:	73fb      	strb	r3, [r7, #15]
200035b2:	7bfb      	ldrb	r3, [r7, #15]
200035b4:	4618      	mov	r0, r3
200035b6:	3714      	adds	r7, #20
200035b8:	46bd      	mov	sp, r7
200035ba:	f85d 7b04 	ldr.w	r7, [sp], #4
200035be:	4770      	bx	lr

200035c0 <DAC_DeInit>:
200035c0:	b580      	push	{r7, lr}
200035c2:	af00      	add	r7, sp, #0
200035c4:	2101      	movs	r1, #1
200035c6:	f04f 5000 	mov.w	r0, #536870912	@ 0x20000000
200035ca:	f001 fa71 	bl	20004ab0 <RCC_APB1PeriphResetCmd>
200035ce:	2100      	movs	r1, #0
200035d0:	f04f 5000 	mov.w	r0, #536870912	@ 0x20000000
200035d4:	f001 fa6c 	bl	20004ab0 <RCC_APB1PeriphResetCmd>
200035d8:	bf00      	nop
200035da:	bd80      	pop	{r7, pc}

200035dc <DAC_Init>:
200035dc:	b480      	push	{r7}
200035de:	b085      	sub	sp, #20
200035e0:	af00      	add	r7, sp, #0
200035e2:	6078      	str	r0, [r7, #4]
200035e4:	6039      	str	r1, [r7, #0]
200035e6:	2300      	movs	r3, #0
200035e8:	60fb      	str	r3, [r7, #12]
200035ea:	2300      	movs	r3, #0
200035ec:	60bb      	str	r3, [r7, #8]
200035ee:	4b14      	ldr	r3, [pc, #80]	@ (20003640 <DAC_Init+0x64>)
200035f0:	681b      	ldr	r3, [r3, #0]
200035f2:	60fb      	str	r3, [r7, #12]
200035f4:	f640 72fe 	movw	r2, #4094	@ 0xffe
200035f8:	687b      	ldr	r3, [r7, #4]
200035fa:	fa02 f303 	lsl.w	r3, r2, r3
200035fe:	43db      	mvns	r3, r3
20003600:	68fa      	ldr	r2, [r7, #12]
20003602:	4013      	ands	r3, r2
20003604:	60fb      	str	r3, [r7, #12]
20003606:	683b      	ldr	r3, [r7, #0]
20003608:	681a      	ldr	r2, [r3, #0]
2000360a:	683b      	ldr	r3, [r7, #0]
2000360c:	685b      	ldr	r3, [r3, #4]
2000360e:	431a      	orrs	r2, r3
20003610:	683b      	ldr	r3, [r7, #0]
20003612:	689b      	ldr	r3, [r3, #8]
20003614:	431a      	orrs	r2, r3
20003616:	683b      	ldr	r3, [r7, #0]
20003618:	68db      	ldr	r3, [r3, #12]
2000361a:	4313      	orrs	r3, r2
2000361c:	60bb      	str	r3, [r7, #8]
2000361e:	68ba      	ldr	r2, [r7, #8]
20003620:	687b      	ldr	r3, [r7, #4]
20003622:	fa02 f303 	lsl.w	r3, r2, r3
20003626:	68fa      	ldr	r2, [r7, #12]
20003628:	4313      	orrs	r3, r2
2000362a:	60fb      	str	r3, [r7, #12]
2000362c:	4a04      	ldr	r2, [pc, #16]	@ (20003640 <DAC_Init+0x64>)
2000362e:	68fb      	ldr	r3, [r7, #12]
20003630:	6013      	str	r3, [r2, #0]
20003632:	bf00      	nop
20003634:	3714      	adds	r7, #20
20003636:	46bd      	mov	sp, r7
20003638:	f85d 7b04 	ldr.w	r7, [sp], #4
2000363c:	4770      	bx	lr
2000363e:	bf00      	nop
20003640:	40007400 	.word	0x40007400

20003644 <DAC_StructInit>:
20003644:	b480      	push	{r7}
20003646:	b083      	sub	sp, #12
20003648:	af00      	add	r7, sp, #0
2000364a:	6078      	str	r0, [r7, #4]
2000364c:	687b      	ldr	r3, [r7, #4]
2000364e:	2200      	movs	r2, #0
20003650:	601a      	str	r2, [r3, #0]
20003652:	687b      	ldr	r3, [r7, #4]
20003654:	2200      	movs	r2, #0
20003656:	605a      	str	r2, [r3, #4]
20003658:	687b      	ldr	r3, [r7, #4]
2000365a:	2200      	movs	r2, #0
2000365c:	609a      	str	r2, [r3, #8]
2000365e:	687b      	ldr	r3, [r7, #4]
20003660:	2200      	movs	r2, #0
20003662:	60da      	str	r2, [r3, #12]
20003664:	bf00      	nop
20003666:	370c      	adds	r7, #12
20003668:	46bd      	mov	sp, r7
2000366a:	f85d 7b04 	ldr.w	r7, [sp], #4
2000366e:	4770      	bx	lr

20003670 <DAC_Cmd>:
20003670:	b480      	push	{r7}
20003672:	b083      	sub	sp, #12
20003674:	af00      	add	r7, sp, #0
20003676:	6078      	str	r0, [r7, #4]
20003678:	460b      	mov	r3, r1
2000367a:	70fb      	strb	r3, [r7, #3]
2000367c:	78fb      	ldrb	r3, [r7, #3]
2000367e:	2b00      	cmp	r3, #0
20003680:	d009      	beq.n	20003696 <DAC_Cmd+0x26>
20003682:	4b0d      	ldr	r3, [pc, #52]	@ (200036b8 <DAC_Cmd+0x48>)
20003684:	681a      	ldr	r2, [r3, #0]
20003686:	2101      	movs	r1, #1
20003688:	687b      	ldr	r3, [r7, #4]
2000368a:	fa01 f303 	lsl.w	r3, r1, r3
2000368e:	490a      	ldr	r1, [pc, #40]	@ (200036b8 <DAC_Cmd+0x48>)
20003690:	4313      	orrs	r3, r2
20003692:	600b      	str	r3, [r1, #0]
20003694:	e009      	b.n	200036aa <DAC_Cmd+0x3a>
20003696:	4b08      	ldr	r3, [pc, #32]	@ (200036b8 <DAC_Cmd+0x48>)
20003698:	681a      	ldr	r2, [r3, #0]
2000369a:	2101      	movs	r1, #1
2000369c:	687b      	ldr	r3, [r7, #4]
2000369e:	fa01 f303 	lsl.w	r3, r1, r3
200036a2:	43db      	mvns	r3, r3
200036a4:	4904      	ldr	r1, [pc, #16]	@ (200036b8 <DAC_Cmd+0x48>)
200036a6:	4013      	ands	r3, r2
200036a8:	600b      	str	r3, [r1, #0]
200036aa:	bf00      	nop
200036ac:	370c      	adds	r7, #12
200036ae:	46bd      	mov	sp, r7
200036b0:	f85d 7b04 	ldr.w	r7, [sp], #4
200036b4:	4770      	bx	lr
200036b6:	bf00      	nop
200036b8:	40007400 	.word	0x40007400

200036bc <DAC_SoftwareTriggerCmd>:
200036bc:	b480      	push	{r7}
200036be:	b083      	sub	sp, #12
200036c0:	af00      	add	r7, sp, #0
200036c2:	6078      	str	r0, [r7, #4]
200036c4:	460b      	mov	r3, r1
200036c6:	70fb      	strb	r3, [r7, #3]
200036c8:	78fb      	ldrb	r3, [r7, #3]
200036ca:	2b00      	cmp	r3, #0
200036cc:	d00a      	beq.n	200036e4 <DAC_SoftwareTriggerCmd+0x28>
200036ce:	4b0e      	ldr	r3, [pc, #56]	@ (20003708 <DAC_SoftwareTriggerCmd+0x4c>)
200036d0:	685a      	ldr	r2, [r3, #4]
200036d2:	687b      	ldr	r3, [r7, #4]
200036d4:	091b      	lsrs	r3, r3, #4
200036d6:	2101      	movs	r1, #1
200036d8:	fa01 f303 	lsl.w	r3, r1, r3
200036dc:	490a      	ldr	r1, [pc, #40]	@ (20003708 <DAC_SoftwareTriggerCmd+0x4c>)
200036de:	4313      	orrs	r3, r2
200036e0:	604b      	str	r3, [r1, #4]
200036e2:	e00a      	b.n	200036fa <DAC_SoftwareTriggerCmd+0x3e>
200036e4:	4b08      	ldr	r3, [pc, #32]	@ (20003708 <DAC_SoftwareTriggerCmd+0x4c>)
200036e6:	685a      	ldr	r2, [r3, #4]
200036e8:	687b      	ldr	r3, [r7, #4]
200036ea:	091b      	lsrs	r3, r3, #4
200036ec:	2101      	movs	r1, #1
200036ee:	fa01 f303 	lsl.w	r3, r1, r3
200036f2:	43db      	mvns	r3, r3
200036f4:	4904      	ldr	r1, [pc, #16]	@ (20003708 <DAC_SoftwareTriggerCmd+0x4c>)
200036f6:	4013      	ands	r3, r2
200036f8:	604b      	str	r3, [r1, #4]
200036fa:	bf00      	nop
200036fc:	370c      	adds	r7, #12
200036fe:	46bd      	mov	sp, r7
20003700:	f85d 7b04 	ldr.w	r7, [sp], #4
20003704:	4770      	bx	lr
20003706:	bf00      	nop
20003708:	40007400 	.word	0x40007400

2000370c <DAC_DualSoftwareTriggerCmd>:
2000370c:	b480      	push	{r7}
2000370e:	b083      	sub	sp, #12
20003710:	af00      	add	r7, sp, #0
20003712:	4603      	mov	r3, r0
20003714:	71fb      	strb	r3, [r7, #7]
20003716:	79fb      	ldrb	r3, [r7, #7]
20003718:	2b00      	cmp	r3, #0
2000371a:	d006      	beq.n	2000372a <DAC_DualSoftwareTriggerCmd+0x1e>
2000371c:	4b09      	ldr	r3, [pc, #36]	@ (20003744 <DAC_DualSoftwareTriggerCmd+0x38>)
2000371e:	685b      	ldr	r3, [r3, #4]
20003720:	4a08      	ldr	r2, [pc, #32]	@ (20003744 <DAC_DualSoftwareTriggerCmd+0x38>)
20003722:	f043 0303 	orr.w	r3, r3, #3
20003726:	6053      	str	r3, [r2, #4]
20003728:	e005      	b.n	20003736 <DAC_DualSoftwareTriggerCmd+0x2a>
2000372a:	4b06      	ldr	r3, [pc, #24]	@ (20003744 <DAC_DualSoftwareTriggerCmd+0x38>)
2000372c:	685b      	ldr	r3, [r3, #4]
2000372e:	4a05      	ldr	r2, [pc, #20]	@ (20003744 <DAC_DualSoftwareTriggerCmd+0x38>)
20003730:	f023 0303 	bic.w	r3, r3, #3
20003734:	6053      	str	r3, [r2, #4]
20003736:	bf00      	nop
20003738:	370c      	adds	r7, #12
2000373a:	46bd      	mov	sp, r7
2000373c:	f85d 7b04 	ldr.w	r7, [sp], #4
20003740:	4770      	bx	lr
20003742:	bf00      	nop
20003744:	40007400 	.word	0x40007400

20003748 <DAC_WaveGenerationCmd>:
20003748:	b480      	push	{r7}
2000374a:	b085      	sub	sp, #20
2000374c:	af00      	add	r7, sp, #0
2000374e:	60f8      	str	r0, [r7, #12]
20003750:	60b9      	str	r1, [r7, #8]
20003752:	4613      	mov	r3, r2
20003754:	71fb      	strb	r3, [r7, #7]
20003756:	79fb      	ldrb	r3, [r7, #7]
20003758:	2b00      	cmp	r3, #0
2000375a:	d009      	beq.n	20003770 <DAC_WaveGenerationCmd+0x28>
2000375c:	4b0c      	ldr	r3, [pc, #48]	@ (20003790 <DAC_WaveGenerationCmd+0x48>)
2000375e:	681a      	ldr	r2, [r3, #0]
20003760:	68b9      	ldr	r1, [r7, #8]
20003762:	68fb      	ldr	r3, [r7, #12]
20003764:	fa01 f303 	lsl.w	r3, r1, r3
20003768:	4909      	ldr	r1, [pc, #36]	@ (20003790 <DAC_WaveGenerationCmd+0x48>)
2000376a:	4313      	orrs	r3, r2
2000376c:	600b      	str	r3, [r1, #0]
2000376e:	e009      	b.n	20003784 <DAC_WaveGenerationCmd+0x3c>
20003770:	4b07      	ldr	r3, [pc, #28]	@ (20003790 <DAC_WaveGenerationCmd+0x48>)
20003772:	681a      	ldr	r2, [r3, #0]
20003774:	68b9      	ldr	r1, [r7, #8]
20003776:	68fb      	ldr	r3, [r7, #12]
20003778:	fa01 f303 	lsl.w	r3, r1, r3
2000377c:	43db      	mvns	r3, r3
2000377e:	4904      	ldr	r1, [pc, #16]	@ (20003790 <DAC_WaveGenerationCmd+0x48>)
20003780:	4013      	ands	r3, r2
20003782:	600b      	str	r3, [r1, #0]
20003784:	bf00      	nop
20003786:	3714      	adds	r7, #20
20003788:	46bd      	mov	sp, r7
2000378a:	f85d 7b04 	ldr.w	r7, [sp], #4
2000378e:	4770      	bx	lr
20003790:	40007400 	.word	0x40007400

20003794 <DAC_SetChannel1Data>:
20003794:	b480      	push	{r7}
20003796:	b085      	sub	sp, #20
20003798:	af00      	add	r7, sp, #0
2000379a:	6078      	str	r0, [r7, #4]
2000379c:	460b      	mov	r3, r1
2000379e:	807b      	strh	r3, [r7, #2]
200037a0:	2300      	movs	r3, #0
200037a2:	60fb      	str	r3, [r7, #12]
200037a4:	4b08      	ldr	r3, [pc, #32]	@ (200037c8 <DAC_SetChannel1Data+0x34>)
200037a6:	60fb      	str	r3, [r7, #12]
200037a8:	68fa      	ldr	r2, [r7, #12]
200037aa:	687b      	ldr	r3, [r7, #4]
200037ac:	4413      	add	r3, r2
200037ae:	3308      	adds	r3, #8
200037b0:	60fb      	str	r3, [r7, #12]
200037b2:	68fb      	ldr	r3, [r7, #12]
200037b4:	461a      	mov	r2, r3
200037b6:	887b      	ldrh	r3, [r7, #2]
200037b8:	6013      	str	r3, [r2, #0]
200037ba:	bf00      	nop
200037bc:	3714      	adds	r7, #20
200037be:	46bd      	mov	sp, r7
200037c0:	f85d 7b04 	ldr.w	r7, [sp], #4
200037c4:	4770      	bx	lr
200037c6:	bf00      	nop
200037c8:	40007400 	.word	0x40007400

200037cc <DAC_SetChannel2Data>:
200037cc:	b480      	push	{r7}
200037ce:	b085      	sub	sp, #20
200037d0:	af00      	add	r7, sp, #0
200037d2:	6078      	str	r0, [r7, #4]
200037d4:	460b      	mov	r3, r1
200037d6:	807b      	strh	r3, [r7, #2]
200037d8:	2300      	movs	r3, #0
200037da:	60fb      	str	r3, [r7, #12]
200037dc:	4b08      	ldr	r3, [pc, #32]	@ (20003800 <DAC_SetChannel2Data+0x34>)
200037de:	60fb      	str	r3, [r7, #12]
200037e0:	68fa      	ldr	r2, [r7, #12]
200037e2:	687b      	ldr	r3, [r7, #4]
200037e4:	4413      	add	r3, r2
200037e6:	3314      	adds	r3, #20
200037e8:	60fb      	str	r3, [r7, #12]
200037ea:	68fb      	ldr	r3, [r7, #12]
200037ec:	461a      	mov	r2, r3
200037ee:	887b      	ldrh	r3, [r7, #2]
200037f0:	6013      	str	r3, [r2, #0]
200037f2:	bf00      	nop
200037f4:	3714      	adds	r7, #20
200037f6:	46bd      	mov	sp, r7
200037f8:	f85d 7b04 	ldr.w	r7, [sp], #4
200037fc:	4770      	bx	lr
200037fe:	bf00      	nop
20003800:	40007400 	.word	0x40007400

20003804 <DAC_SetDualChannelData>:
20003804:	b480      	push	{r7}
20003806:	b085      	sub	sp, #20
20003808:	af00      	add	r7, sp, #0
2000380a:	6078      	str	r0, [r7, #4]
2000380c:	460b      	mov	r3, r1
2000380e:	807b      	strh	r3, [r7, #2]
20003810:	4613      	mov	r3, r2
20003812:	803b      	strh	r3, [r7, #0]
20003814:	2300      	movs	r3, #0
20003816:	60fb      	str	r3, [r7, #12]
20003818:	2300      	movs	r3, #0
2000381a:	60bb      	str	r3, [r7, #8]
2000381c:	687b      	ldr	r3, [r7, #4]
2000381e:	2b08      	cmp	r3, #8
20003820:	d105      	bne.n	2000382e <DAC_SetDualChannelData+0x2a>
20003822:	887b      	ldrh	r3, [r7, #2]
20003824:	021a      	lsls	r2, r3, #8
20003826:	883b      	ldrh	r3, [r7, #0]
20003828:	4313      	orrs	r3, r2
2000382a:	60fb      	str	r3, [r7, #12]
2000382c:	e004      	b.n	20003838 <DAC_SetDualChannelData+0x34>
2000382e:	887b      	ldrh	r3, [r7, #2]
20003830:	041a      	lsls	r2, r3, #16
20003832:	883b      	ldrh	r3, [r7, #0]
20003834:	4313      	orrs	r3, r2
20003836:	60fb      	str	r3, [r7, #12]
20003838:	4b07      	ldr	r3, [pc, #28]	@ (20003858 <DAC_SetDualChannelData+0x54>)
2000383a:	60bb      	str	r3, [r7, #8]
2000383c:	687a      	ldr	r2, [r7, #4]
2000383e:	68bb      	ldr	r3, [r7, #8]
20003840:	4413      	add	r3, r2
20003842:	3320      	adds	r3, #32
20003844:	60bb      	str	r3, [r7, #8]
20003846:	68bb      	ldr	r3, [r7, #8]
20003848:	68fa      	ldr	r2, [r7, #12]
2000384a:	601a      	str	r2, [r3, #0]
2000384c:	bf00      	nop
2000384e:	3714      	adds	r7, #20
20003850:	46bd      	mov	sp, r7
20003852:	f85d 7b04 	ldr.w	r7, [sp], #4
20003856:	4770      	bx	lr
20003858:	40007400 	.word	0x40007400

2000385c <DAC_GetDataOutputValue>:
2000385c:	b480      	push	{r7}
2000385e:	b085      	sub	sp, #20
20003860:	af00      	add	r7, sp, #0
20003862:	6078      	str	r0, [r7, #4]
20003864:	2300      	movs	r3, #0
20003866:	60fb      	str	r3, [r7, #12]
20003868:	4b08      	ldr	r3, [pc, #32]	@ (2000388c <DAC_GetDataOutputValue+0x30>)
2000386a:	60fb      	str	r3, [r7, #12]
2000386c:	687b      	ldr	r3, [r7, #4]
2000386e:	089a      	lsrs	r2, r3, #2
20003870:	68fb      	ldr	r3, [r7, #12]
20003872:	4413      	add	r3, r2
20003874:	332c      	adds	r3, #44	@ 0x2c
20003876:	60fb      	str	r3, [r7, #12]
20003878:	68fb      	ldr	r3, [r7, #12]
2000387a:	681b      	ldr	r3, [r3, #0]
2000387c:	b29b      	uxth	r3, r3
2000387e:	4618      	mov	r0, r3
20003880:	3714      	adds	r7, #20
20003882:	46bd      	mov	sp, r7
20003884:	f85d 7b04 	ldr.w	r7, [sp], #4
20003888:	4770      	bx	lr
2000388a:	bf00      	nop
2000388c:	40007400 	.word	0x40007400

20003890 <DAC_DMACmd>:
20003890:	b480      	push	{r7}
20003892:	b083      	sub	sp, #12
20003894:	af00      	add	r7, sp, #0
20003896:	6078      	str	r0, [r7, #4]
20003898:	460b      	mov	r3, r1
2000389a:	70fb      	strb	r3, [r7, #3]
2000389c:	78fb      	ldrb	r3, [r7, #3]
2000389e:	2b00      	cmp	r3, #0
200038a0:	d00a      	beq.n	200038b8 <DAC_DMACmd+0x28>
200038a2:	4b0e      	ldr	r3, [pc, #56]	@ (200038dc <DAC_DMACmd+0x4c>)
200038a4:	681a      	ldr	r2, [r3, #0]
200038a6:	f44f 5180 	mov.w	r1, #4096	@ 0x1000
200038aa:	687b      	ldr	r3, [r7, #4]
200038ac:	fa01 f303 	lsl.w	r3, r1, r3
200038b0:	490a      	ldr	r1, [pc, #40]	@ (200038dc <DAC_DMACmd+0x4c>)
200038b2:	4313      	orrs	r3, r2
200038b4:	600b      	str	r3, [r1, #0]
200038b6:	e00a      	b.n	200038ce <DAC_DMACmd+0x3e>
200038b8:	4b08      	ldr	r3, [pc, #32]	@ (200038dc <DAC_DMACmd+0x4c>)
200038ba:	681a      	ldr	r2, [r3, #0]
200038bc:	f44f 5180 	mov.w	r1, #4096	@ 0x1000
200038c0:	687b      	ldr	r3, [r7, #4]
200038c2:	fa01 f303 	lsl.w	r3, r1, r3
200038c6:	43db      	mvns	r3, r3
200038c8:	4904      	ldr	r1, [pc, #16]	@ (200038dc <DAC_DMACmd+0x4c>)
200038ca:	4013      	ands	r3, r2
200038cc:	600b      	str	r3, [r1, #0]
200038ce:	bf00      	nop
200038d0:	370c      	adds	r7, #12
200038d2:	46bd      	mov	sp, r7
200038d4:	f85d 7b04 	ldr.w	r7, [sp], #4
200038d8:	4770      	bx	lr
200038da:	bf00      	nop
200038dc:	40007400 	.word	0x40007400

200038e0 <DAC_ITConfig>:
200038e0:	b480      	push	{r7}
200038e2:	b085      	sub	sp, #20
200038e4:	af00      	add	r7, sp, #0
200038e6:	60f8      	str	r0, [r7, #12]
200038e8:	60b9      	str	r1, [r7, #8]
200038ea:	4613      	mov	r3, r2
200038ec:	71fb      	strb	r3, [r7, #7]
200038ee:	79fb      	ldrb	r3, [r7, #7]
200038f0:	2b00      	cmp	r3, #0
200038f2:	d009      	beq.n	20003908 <DAC_ITConfig+0x28>
200038f4:	4b0c      	ldr	r3, [pc, #48]	@ (20003928 <DAC_ITConfig+0x48>)
200038f6:	681a      	ldr	r2, [r3, #0]
200038f8:	68b9      	ldr	r1, [r7, #8]
200038fa:	68fb      	ldr	r3, [r7, #12]
200038fc:	fa01 f303 	lsl.w	r3, r1, r3
20003900:	4909      	ldr	r1, [pc, #36]	@ (20003928 <DAC_ITConfig+0x48>)
20003902:	4313      	orrs	r3, r2
20003904:	600b      	str	r3, [r1, #0]
20003906:	e009      	b.n	2000391c <DAC_ITConfig+0x3c>
20003908:	4b07      	ldr	r3, [pc, #28]	@ (20003928 <DAC_ITConfig+0x48>)
2000390a:	681a      	ldr	r2, [r3, #0]
2000390c:	68b9      	ldr	r1, [r7, #8]
2000390e:	68fb      	ldr	r3, [r7, #12]
20003910:	fa01 f303 	lsl.w	r3, r1, r3
20003914:	43db      	mvns	r3, r3
20003916:	4904      	ldr	r1, [pc, #16]	@ (20003928 <DAC_ITConfig+0x48>)
20003918:	4013      	ands	r3, r2
2000391a:	600b      	str	r3, [r1, #0]
2000391c:	bf00      	nop
2000391e:	3714      	adds	r7, #20
20003920:	46bd      	mov	sp, r7
20003922:	f85d 7b04 	ldr.w	r7, [sp], #4
20003926:	4770      	bx	lr
20003928:	40007400 	.word	0x40007400

2000392c <DAC_GetFlagStatus>:
2000392c:	b480      	push	{r7}
2000392e:	b085      	sub	sp, #20
20003930:	af00      	add	r7, sp, #0
20003932:	6078      	str	r0, [r7, #4]
20003934:	6039      	str	r1, [r7, #0]
20003936:	2300      	movs	r3, #0
20003938:	73fb      	strb	r3, [r7, #15]
2000393a:	4b0a      	ldr	r3, [pc, #40]	@ (20003964 <DAC_GetFlagStatus+0x38>)
2000393c:	6b5a      	ldr	r2, [r3, #52]	@ 0x34
2000393e:	6839      	ldr	r1, [r7, #0]
20003940:	687b      	ldr	r3, [r7, #4]
20003942:	fa01 f303 	lsl.w	r3, r1, r3
20003946:	4013      	ands	r3, r2
20003948:	2b00      	cmp	r3, #0
2000394a:	d002      	beq.n	20003952 <DAC_GetFlagStatus+0x26>
2000394c:	2301      	movs	r3, #1
2000394e:	73fb      	strb	r3, [r7, #15]
20003950:	e001      	b.n	20003956 <DAC_GetFlagStatus+0x2a>
20003952:	2300      	movs	r3, #0
20003954:	73fb      	strb	r3, [r7, #15]
20003956:	7bfb      	ldrb	r3, [r7, #15]
20003958:	4618      	mov	r0, r3
2000395a:	3714      	adds	r7, #20
2000395c:	46bd      	mov	sp, r7
2000395e:	f85d 7b04 	ldr.w	r7, [sp], #4
20003962:	4770      	bx	lr
20003964:	40007400 	.word	0x40007400

20003968 <DAC_ClearFlag>:
20003968:	b480      	push	{r7}
2000396a:	b083      	sub	sp, #12
2000396c:	af00      	add	r7, sp, #0
2000396e:	6078      	str	r0, [r7, #4]
20003970:	6039      	str	r1, [r7, #0]
20003972:	4906      	ldr	r1, [pc, #24]	@ (2000398c <DAC_ClearFlag+0x24>)
20003974:	683a      	ldr	r2, [r7, #0]
20003976:	687b      	ldr	r3, [r7, #4]
20003978:	fa02 f303 	lsl.w	r3, r2, r3
2000397c:	634b      	str	r3, [r1, #52]	@ 0x34
2000397e:	bf00      	nop
20003980:	370c      	adds	r7, #12
20003982:	46bd      	mov	sp, r7
20003984:	f85d 7b04 	ldr.w	r7, [sp], #4
20003988:	4770      	bx	lr
2000398a:	bf00      	nop
2000398c:	40007400 	.word	0x40007400

20003990 <DAC_GetITStatus>:
20003990:	b480      	push	{r7}
20003992:	b085      	sub	sp, #20
20003994:	af00      	add	r7, sp, #0
20003996:	6078      	str	r0, [r7, #4]
20003998:	6039      	str	r1, [r7, #0]
2000399a:	2300      	movs	r3, #0
2000399c:	73fb      	strb	r3, [r7, #15]
2000399e:	2300      	movs	r3, #0
200039a0:	60bb      	str	r3, [r7, #8]
200039a2:	4b10      	ldr	r3, [pc, #64]	@ (200039e4 <DAC_GetITStatus+0x54>)
200039a4:	681a      	ldr	r2, [r3, #0]
200039a6:	6839      	ldr	r1, [r7, #0]
200039a8:	687b      	ldr	r3, [r7, #4]
200039aa:	fa01 f303 	lsl.w	r3, r1, r3
200039ae:	4013      	ands	r3, r2
200039b0:	60bb      	str	r3, [r7, #8]
200039b2:	4b0c      	ldr	r3, [pc, #48]	@ (200039e4 <DAC_GetITStatus+0x54>)
200039b4:	6b5a      	ldr	r2, [r3, #52]	@ 0x34
200039b6:	6839      	ldr	r1, [r7, #0]
200039b8:	687b      	ldr	r3, [r7, #4]
200039ba:	fa01 f303 	lsl.w	r3, r1, r3
200039be:	4013      	ands	r3, r2
200039c0:	2b00      	cmp	r3, #0
200039c2:	d005      	beq.n	200039d0 <DAC_GetITStatus+0x40>
200039c4:	68bb      	ldr	r3, [r7, #8]
200039c6:	2b00      	cmp	r3, #0
200039c8:	d002      	beq.n	200039d0 <DAC_GetITStatus+0x40>
200039ca:	2301      	movs	r3, #1
200039cc:	73fb      	strb	r3, [r7, #15]
200039ce:	e001      	b.n	200039d4 <DAC_GetITStatus+0x44>
200039d0:	2300      	movs	r3, #0
200039d2:	73fb      	strb	r3, [r7, #15]
200039d4:	7bfb      	ldrb	r3, [r7, #15]
200039d6:	4618      	mov	r0, r3
200039d8:	3714      	adds	r7, #20
200039da:	46bd      	mov	sp, r7
200039dc:	f85d 7b04 	ldr.w	r7, [sp], #4
200039e0:	4770      	bx	lr
200039e2:	bf00      	nop
200039e4:	40007400 	.word	0x40007400

200039e8 <DAC_ClearITPendingBit>:
200039e8:	b480      	push	{r7}
200039ea:	b083      	sub	sp, #12
200039ec:	af00      	add	r7, sp, #0
200039ee:	6078      	str	r0, [r7, #4]
200039f0:	6039      	str	r1, [r7, #0]
200039f2:	4906      	ldr	r1, [pc, #24]	@ (20003a0c <DAC_ClearITPendingBit+0x24>)
200039f4:	683a      	ldr	r2, [r7, #0]
200039f6:	687b      	ldr	r3, [r7, #4]
200039f8:	fa02 f303 	lsl.w	r3, r2, r3
200039fc:	634b      	str	r3, [r1, #52]	@ 0x34
200039fe:	bf00      	nop
20003a00:	370c      	adds	r7, #12
20003a02:	46bd      	mov	sp, r7
20003a04:	f85d 7b04 	ldr.w	r7, [sp], #4
20003a08:	4770      	bx	lr
20003a0a:	bf00      	nop
20003a0c:	40007400 	.word	0x40007400

20003a10 <EXTI_DeInit>:
20003a10:	b480      	push	{r7}
20003a12:	af00      	add	r7, sp, #0
20003a14:	4b09      	ldr	r3, [pc, #36]	@ (20003a3c <EXTI_DeInit+0x2c>)
20003a16:	2200      	movs	r2, #0
20003a18:	601a      	str	r2, [r3, #0]
20003a1a:	4b08      	ldr	r3, [pc, #32]	@ (20003a3c <EXTI_DeInit+0x2c>)
20003a1c:	2200      	movs	r2, #0
20003a1e:	605a      	str	r2, [r3, #4]
20003a20:	4b06      	ldr	r3, [pc, #24]	@ (20003a3c <EXTI_DeInit+0x2c>)
20003a22:	2200      	movs	r2, #0
20003a24:	609a      	str	r2, [r3, #8]
20003a26:	4b05      	ldr	r3, [pc, #20]	@ (20003a3c <EXTI_DeInit+0x2c>)
20003a28:	2200      	movs	r2, #0
20003a2a:	60da      	str	r2, [r3, #12]
20003a2c:	4b03      	ldr	r3, [pc, #12]	@ (20003a3c <EXTI_DeInit+0x2c>)
20003a2e:	4a04      	ldr	r2, [pc, #16]	@ (20003a40 <EXTI_DeInit+0x30>)
20003a30:	615a      	str	r2, [r3, #20]
20003a32:	bf00      	nop
20003a34:	46bd      	mov	sp, r7
20003a36:	f85d 7b04 	ldr.w	r7, [sp], #4
20003a3a:	4770      	bx	lr
20003a3c:	40013c00 	.word	0x40013c00
20003a40:	007fffff 	.word	0x007fffff

20003a44 <EXTI_Init>:
20003a44:	b480      	push	{r7}
20003a46:	b085      	sub	sp, #20
20003a48:	af00      	add	r7, sp, #0
20003a4a:	6078      	str	r0, [r7, #4]
20003a4c:	2300      	movs	r3, #0
20003a4e:	60fb      	str	r3, [r7, #12]
20003a50:	4b34      	ldr	r3, [pc, #208]	@ (20003b24 <EXTI_Init+0xe0>)
20003a52:	60fb      	str	r3, [r7, #12]
20003a54:	687b      	ldr	r3, [r7, #4]
20003a56:	799b      	ldrb	r3, [r3, #6]
20003a58:	2b00      	cmp	r3, #0
20003a5a:	d04f      	beq.n	20003afc <EXTI_Init+0xb8>
20003a5c:	4b31      	ldr	r3, [pc, #196]	@ (20003b24 <EXTI_Init+0xe0>)
20003a5e:	681a      	ldr	r2, [r3, #0]
20003a60:	687b      	ldr	r3, [r7, #4]
20003a62:	681b      	ldr	r3, [r3, #0]
20003a64:	43db      	mvns	r3, r3
20003a66:	492f      	ldr	r1, [pc, #188]	@ (20003b24 <EXTI_Init+0xe0>)
20003a68:	4013      	ands	r3, r2
20003a6a:	600b      	str	r3, [r1, #0]
20003a6c:	4b2d      	ldr	r3, [pc, #180]	@ (20003b24 <EXTI_Init+0xe0>)
20003a6e:	685a      	ldr	r2, [r3, #4]
20003a70:	687b      	ldr	r3, [r7, #4]
20003a72:	681b      	ldr	r3, [r3, #0]
20003a74:	43db      	mvns	r3, r3
20003a76:	492b      	ldr	r1, [pc, #172]	@ (20003b24 <EXTI_Init+0xe0>)
20003a78:	4013      	ands	r3, r2
20003a7a:	604b      	str	r3, [r1, #4]
20003a7c:	687b      	ldr	r3, [r7, #4]
20003a7e:	791b      	ldrb	r3, [r3, #4]
20003a80:	461a      	mov	r2, r3
20003a82:	68fb      	ldr	r3, [r7, #12]
20003a84:	4413      	add	r3, r2
20003a86:	60fb      	str	r3, [r7, #12]
20003a88:	68fb      	ldr	r3, [r7, #12]
20003a8a:	6819      	ldr	r1, [r3, #0]
20003a8c:	687b      	ldr	r3, [r7, #4]
20003a8e:	681a      	ldr	r2, [r3, #0]
20003a90:	68fb      	ldr	r3, [r7, #12]
20003a92:	430a      	orrs	r2, r1
20003a94:	601a      	str	r2, [r3, #0]
20003a96:	4b23      	ldr	r3, [pc, #140]	@ (20003b24 <EXTI_Init+0xe0>)
20003a98:	689a      	ldr	r2, [r3, #8]
20003a9a:	687b      	ldr	r3, [r7, #4]
20003a9c:	681b      	ldr	r3, [r3, #0]
20003a9e:	43db      	mvns	r3, r3
20003aa0:	4920      	ldr	r1, [pc, #128]	@ (20003b24 <EXTI_Init+0xe0>)
20003aa2:	4013      	ands	r3, r2
20003aa4:	608b      	str	r3, [r1, #8]
20003aa6:	4b1f      	ldr	r3, [pc, #124]	@ (20003b24 <EXTI_Init+0xe0>)
20003aa8:	68da      	ldr	r2, [r3, #12]
20003aaa:	687b      	ldr	r3, [r7, #4]
20003aac:	681b      	ldr	r3, [r3, #0]
20003aae:	43db      	mvns	r3, r3
20003ab0:	491c      	ldr	r1, [pc, #112]	@ (20003b24 <EXTI_Init+0xe0>)
20003ab2:	4013      	ands	r3, r2
20003ab4:	60cb      	str	r3, [r1, #12]
20003ab6:	687b      	ldr	r3, [r7, #4]
20003ab8:	795b      	ldrb	r3, [r3, #5]
20003aba:	2b10      	cmp	r3, #16
20003abc:	d10e      	bne.n	20003adc <EXTI_Init+0x98>
20003abe:	4b19      	ldr	r3, [pc, #100]	@ (20003b24 <EXTI_Init+0xe0>)
20003ac0:	689a      	ldr	r2, [r3, #8]
20003ac2:	687b      	ldr	r3, [r7, #4]
20003ac4:	681b      	ldr	r3, [r3, #0]
20003ac6:	4917      	ldr	r1, [pc, #92]	@ (20003b24 <EXTI_Init+0xe0>)
20003ac8:	4313      	orrs	r3, r2
20003aca:	608b      	str	r3, [r1, #8]
20003acc:	4b15      	ldr	r3, [pc, #84]	@ (20003b24 <EXTI_Init+0xe0>)
20003ace:	68da      	ldr	r2, [r3, #12]
20003ad0:	687b      	ldr	r3, [r7, #4]
20003ad2:	681b      	ldr	r3, [r3, #0]
20003ad4:	4913      	ldr	r1, [pc, #76]	@ (20003b24 <EXTI_Init+0xe0>)
20003ad6:	4313      	orrs	r3, r2
20003ad8:	60cb      	str	r3, [r1, #12]
20003ada:	e01d      	b.n	20003b18 <EXTI_Init+0xd4>
20003adc:	4b11      	ldr	r3, [pc, #68]	@ (20003b24 <EXTI_Init+0xe0>)
20003ade:	60fb      	str	r3, [r7, #12]
20003ae0:	687b      	ldr	r3, [r7, #4]
20003ae2:	795b      	ldrb	r3, [r3, #5]
20003ae4:	461a      	mov	r2, r3
20003ae6:	68fb      	ldr	r3, [r7, #12]
20003ae8:	4413      	add	r3, r2
20003aea:	60fb      	str	r3, [r7, #12]
20003aec:	68fb      	ldr	r3, [r7, #12]
20003aee:	6819      	ldr	r1, [r3, #0]
20003af0:	687b      	ldr	r3, [r7, #4]
20003af2:	681a      	ldr	r2, [r3, #0]
20003af4:	68fb      	ldr	r3, [r7, #12]
20003af6:	430a      	orrs	r2, r1
20003af8:	601a      	str	r2, [r3, #0]
20003afa:	e00d      	b.n	20003b18 <EXTI_Init+0xd4>
20003afc:	687b      	ldr	r3, [r7, #4]
20003afe:	791b      	ldrb	r3, [r3, #4]
20003b00:	461a      	mov	r2, r3
20003b02:	68fb      	ldr	r3, [r7, #12]
20003b04:	4413      	add	r3, r2
20003b06:	60fb      	str	r3, [r7, #12]
20003b08:	68fb      	ldr	r3, [r7, #12]
20003b0a:	6819      	ldr	r1, [r3, #0]
20003b0c:	687b      	ldr	r3, [r7, #4]
20003b0e:	681b      	ldr	r3, [r3, #0]
20003b10:	43da      	mvns	r2, r3
20003b12:	68fb      	ldr	r3, [r7, #12]
20003b14:	400a      	ands	r2, r1
20003b16:	601a      	str	r2, [r3, #0]
20003b18:	bf00      	nop
20003b1a:	3714      	adds	r7, #20
20003b1c:	46bd      	mov	sp, r7
20003b1e:	f85d 7b04 	ldr.w	r7, [sp], #4
20003b22:	4770      	bx	lr
20003b24:	40013c00 	.word	0x40013c00

20003b28 <EXTI_StructInit>:
20003b28:	b480      	push	{r7}
20003b2a:	b083      	sub	sp, #12
20003b2c:	af00      	add	r7, sp, #0
20003b2e:	6078      	str	r0, [r7, #4]
20003b30:	687b      	ldr	r3, [r7, #4]
20003b32:	2200      	movs	r2, #0
20003b34:	601a      	str	r2, [r3, #0]
20003b36:	687b      	ldr	r3, [r7, #4]
20003b38:	2200      	movs	r2, #0
20003b3a:	711a      	strb	r2, [r3, #4]
20003b3c:	687b      	ldr	r3, [r7, #4]
20003b3e:	220c      	movs	r2, #12
20003b40:	715a      	strb	r2, [r3, #5]
20003b42:	687b      	ldr	r3, [r7, #4]
20003b44:	2200      	movs	r2, #0
20003b46:	719a      	strb	r2, [r3, #6]
20003b48:	bf00      	nop
20003b4a:	370c      	adds	r7, #12
20003b4c:	46bd      	mov	sp, r7
20003b4e:	f85d 7b04 	ldr.w	r7, [sp], #4
20003b52:	4770      	bx	lr

20003b54 <EXTI_GenerateSWInterrupt>:
20003b54:	b480      	push	{r7}
20003b56:	b083      	sub	sp, #12
20003b58:	af00      	add	r7, sp, #0
20003b5a:	6078      	str	r0, [r7, #4]
20003b5c:	4b05      	ldr	r3, [pc, #20]	@ (20003b74 <EXTI_GenerateSWInterrupt+0x20>)
20003b5e:	691a      	ldr	r2, [r3, #16]
20003b60:	4904      	ldr	r1, [pc, #16]	@ (20003b74 <EXTI_GenerateSWInterrupt+0x20>)
20003b62:	687b      	ldr	r3, [r7, #4]
20003b64:	4313      	orrs	r3, r2
20003b66:	610b      	str	r3, [r1, #16]
20003b68:	bf00      	nop
20003b6a:	370c      	adds	r7, #12
20003b6c:	46bd      	mov	sp, r7
20003b6e:	f85d 7b04 	ldr.w	r7, [sp], #4
20003b72:	4770      	bx	lr
20003b74:	40013c00 	.word	0x40013c00

20003b78 <EXTI_GetFlagStatus>:
20003b78:	b480      	push	{r7}
20003b7a:	b085      	sub	sp, #20
20003b7c:	af00      	add	r7, sp, #0
20003b7e:	6078      	str	r0, [r7, #4]
20003b80:	2300      	movs	r3, #0
20003b82:	73fb      	strb	r3, [r7, #15]
20003b84:	4b08      	ldr	r3, [pc, #32]	@ (20003ba8 <EXTI_GetFlagStatus+0x30>)
20003b86:	695a      	ldr	r2, [r3, #20]
20003b88:	687b      	ldr	r3, [r7, #4]
20003b8a:	4013      	ands	r3, r2
20003b8c:	2b00      	cmp	r3, #0
20003b8e:	d002      	beq.n	20003b96 <EXTI_GetFlagStatus+0x1e>
20003b90:	2301      	movs	r3, #1
20003b92:	73fb      	strb	r3, [r7, #15]
20003b94:	e001      	b.n	20003b9a <EXTI_GetFlagStatus+0x22>
20003b96:	2300      	movs	r3, #0
20003b98:	73fb      	strb	r3, [r7, #15]
20003b9a:	7bfb      	ldrb	r3, [r7, #15]
20003b9c:	4618      	mov	r0, r3
20003b9e:	3714      	adds	r7, #20
20003ba0:	46bd      	mov	sp, r7
20003ba2:	f85d 7b04 	ldr.w	r7, [sp], #4
20003ba6:	4770      	bx	lr
20003ba8:	40013c00 	.word	0x40013c00

20003bac <EXTI_ClearFlag>:
20003bac:	b480      	push	{r7}
20003bae:	b083      	sub	sp, #12
20003bb0:	af00      	add	r7, sp, #0
20003bb2:	6078      	str	r0, [r7, #4]
20003bb4:	4a04      	ldr	r2, [pc, #16]	@ (20003bc8 <EXTI_ClearFlag+0x1c>)
20003bb6:	687b      	ldr	r3, [r7, #4]
20003bb8:	6153      	str	r3, [r2, #20]
20003bba:	bf00      	nop
20003bbc:	370c      	adds	r7, #12
20003bbe:	46bd      	mov	sp, r7
20003bc0:	f85d 7b04 	ldr.w	r7, [sp], #4
20003bc4:	4770      	bx	lr
20003bc6:	bf00      	nop
20003bc8:	40013c00 	.word	0x40013c00

20003bcc <EXTI_GetITStatus>:
20003bcc:	b480      	push	{r7}
20003bce:	b085      	sub	sp, #20
20003bd0:	af00      	add	r7, sp, #0
20003bd2:	6078      	str	r0, [r7, #4]
20003bd4:	2300      	movs	r3, #0
20003bd6:	73fb      	strb	r3, [r7, #15]
20003bd8:	4b08      	ldr	r3, [pc, #32]	@ (20003bfc <EXTI_GetITStatus+0x30>)
20003bda:	695a      	ldr	r2, [r3, #20]
20003bdc:	687b      	ldr	r3, [r7, #4]
20003bde:	4013      	ands	r3, r2
20003be0:	2b00      	cmp	r3, #0
20003be2:	d002      	beq.n	20003bea <EXTI_GetITStatus+0x1e>
20003be4:	2301      	movs	r3, #1
20003be6:	73fb      	strb	r3, [r7, #15]
20003be8:	e001      	b.n	20003bee <EXTI_GetITStatus+0x22>
20003bea:	2300      	movs	r3, #0
20003bec:	73fb      	strb	r3, [r7, #15]
20003bee:	7bfb      	ldrb	r3, [r7, #15]
20003bf0:	4618      	mov	r0, r3
20003bf2:	3714      	adds	r7, #20
20003bf4:	46bd      	mov	sp, r7
20003bf6:	f85d 7b04 	ldr.w	r7, [sp], #4
20003bfa:	4770      	bx	lr
20003bfc:	40013c00 	.word	0x40013c00

20003c00 <EXTI_ClearITPendingBit>:
20003c00:	b480      	push	{r7}
20003c02:	b083      	sub	sp, #12
20003c04:	af00      	add	r7, sp, #0
20003c06:	6078      	str	r0, [r7, #4]
20003c08:	4a04      	ldr	r2, [pc, #16]	@ (20003c1c <EXTI_ClearITPendingBit+0x1c>)
20003c0a:	687b      	ldr	r3, [r7, #4]
20003c0c:	6153      	str	r3, [r2, #20]
20003c0e:	bf00      	nop
20003c10:	370c      	adds	r7, #12
20003c12:	46bd      	mov	sp, r7
20003c14:	f85d 7b04 	ldr.w	r7, [sp], #4
20003c18:	4770      	bx	lr
20003c1a:	bf00      	nop
20003c1c:	40013c00 	.word	0x40013c00

20003c20 <GPIO_DeInit>:
20003c20:	b580      	push	{r7, lr}
20003c22:	b082      	sub	sp, #8
20003c24:	af00      	add	r7, sp, #0
20003c26:	6078      	str	r0, [r7, #4]
20003c28:	687b      	ldr	r3, [r7, #4]
20003c2a:	4a4b      	ldr	r2, [pc, #300]	@ (20003d58 <GPIO_DeInit+0x138>)
20003c2c:	4293      	cmp	r3, r2
20003c2e:	d108      	bne.n	20003c42 <GPIO_DeInit+0x22>
20003c30:	2101      	movs	r1, #1
20003c32:	2001      	movs	r0, #1
20003c34:	f000 fedc 	bl	200049f0 <RCC_AHB1PeriphResetCmd>
20003c38:	2100      	movs	r1, #0
20003c3a:	2001      	movs	r0, #1
20003c3c:	f000 fed8 	bl	200049f0 <RCC_AHB1PeriphResetCmd>
20003c40:	e086      	b.n	20003d50 <GPIO_DeInit+0x130>
20003c42:	687b      	ldr	r3, [r7, #4]
20003c44:	4a45      	ldr	r2, [pc, #276]	@ (20003d5c <GPIO_DeInit+0x13c>)
20003c46:	4293      	cmp	r3, r2
20003c48:	d108      	bne.n	20003c5c <GPIO_DeInit+0x3c>
20003c4a:	2101      	movs	r1, #1
20003c4c:	2002      	movs	r0, #2
20003c4e:	f000 fecf 	bl	200049f0 <RCC_AHB1PeriphResetCmd>
20003c52:	2100      	movs	r1, #0
20003c54:	2002      	movs	r0, #2
20003c56:	f000 fecb 	bl	200049f0 <RCC_AHB1PeriphResetCmd>
20003c5a:	e079      	b.n	20003d50 <GPIO_DeInit+0x130>
20003c5c:	687b      	ldr	r3, [r7, #4]
20003c5e:	4a40      	ldr	r2, [pc, #256]	@ (20003d60 <GPIO_DeInit+0x140>)
20003c60:	4293      	cmp	r3, r2
20003c62:	d108      	bne.n	20003c76 <GPIO_DeInit+0x56>
20003c64:	2101      	movs	r1, #1
20003c66:	2004      	movs	r0, #4
20003c68:	f000 fec2 	bl	200049f0 <RCC_AHB1PeriphResetCmd>
20003c6c:	2100      	movs	r1, #0
20003c6e:	2004      	movs	r0, #4
20003c70:	f000 febe 	bl	200049f0 <RCC_AHB1PeriphResetCmd>
20003c74:	e06c      	b.n	20003d50 <GPIO_DeInit+0x130>
20003c76:	687b      	ldr	r3, [r7, #4]
20003c78:	4a3a      	ldr	r2, [pc, #232]	@ (20003d64 <GPIO_DeInit+0x144>)
20003c7a:	4293      	cmp	r3, r2
20003c7c:	d108      	bne.n	20003c90 <GPIO_DeInit+0x70>
20003c7e:	2101      	movs	r1, #1
20003c80:	2008      	movs	r0, #8
20003c82:	f000 feb5 	bl	200049f0 <RCC_AHB1PeriphResetCmd>
20003c86:	2100      	movs	r1, #0
20003c88:	2008      	movs	r0, #8
20003c8a:	f000 feb1 	bl	200049f0 <RCC_AHB1PeriphResetCmd>
20003c8e:	e05f      	b.n	20003d50 <GPIO_DeInit+0x130>
20003c90:	687b      	ldr	r3, [r7, #4]
20003c92:	4a35      	ldr	r2, [pc, #212]	@ (20003d68 <GPIO_DeInit+0x148>)
20003c94:	4293      	cmp	r3, r2
20003c96:	d108      	bne.n	20003caa <GPIO_DeInit+0x8a>
20003c98:	2101      	movs	r1, #1
20003c9a:	2010      	movs	r0, #16
20003c9c:	f000 fea8 	bl	200049f0 <RCC_AHB1PeriphResetCmd>
20003ca0:	2100      	movs	r1, #0
20003ca2:	2010      	movs	r0, #16
20003ca4:	f000 fea4 	bl	200049f0 <RCC_AHB1PeriphResetCmd>
20003ca8:	e052      	b.n	20003d50 <GPIO_DeInit+0x130>
20003caa:	687b      	ldr	r3, [r7, #4]
20003cac:	4a2f      	ldr	r2, [pc, #188]	@ (20003d6c <GPIO_DeInit+0x14c>)
20003cae:	4293      	cmp	r3, r2
20003cb0:	d108      	bne.n	20003cc4 <GPIO_DeInit+0xa4>
20003cb2:	2101      	movs	r1, #1
20003cb4:	2020      	movs	r0, #32
20003cb6:	f000 fe9b 	bl	200049f0 <RCC_AHB1PeriphResetCmd>
20003cba:	2100      	movs	r1, #0
20003cbc:	2020      	movs	r0, #32
20003cbe:	f000 fe97 	bl	200049f0 <RCC_AHB1PeriphResetCmd>
20003cc2:	e045      	b.n	20003d50 <GPIO_DeInit+0x130>
20003cc4:	687b      	ldr	r3, [r7, #4]
20003cc6:	4a2a      	ldr	r2, [pc, #168]	@ (20003d70 <GPIO_DeInit+0x150>)
20003cc8:	4293      	cmp	r3, r2
20003cca:	d108      	bne.n	20003cde <GPIO_DeInit+0xbe>
20003ccc:	2101      	movs	r1, #1
20003cce:	2040      	movs	r0, #64	@ 0x40
20003cd0:	f000 fe8e 	bl	200049f0 <RCC_AHB1PeriphResetCmd>
20003cd4:	2100      	movs	r1, #0
20003cd6:	2040      	movs	r0, #64	@ 0x40
20003cd8:	f000 fe8a 	bl	200049f0 <RCC_AHB1PeriphResetCmd>
20003cdc:	e038      	b.n	20003d50 <GPIO_DeInit+0x130>
20003cde:	687b      	ldr	r3, [r7, #4]
20003ce0:	4a24      	ldr	r2, [pc, #144]	@ (20003d74 <GPIO_DeInit+0x154>)
20003ce2:	4293      	cmp	r3, r2
20003ce4:	d108      	bne.n	20003cf8 <GPIO_DeInit+0xd8>
20003ce6:	2101      	movs	r1, #1
20003ce8:	2080      	movs	r0, #128	@ 0x80
20003cea:	f000 fe81 	bl	200049f0 <RCC_AHB1PeriphResetCmd>
20003cee:	2100      	movs	r1, #0
20003cf0:	2080      	movs	r0, #128	@ 0x80
20003cf2:	f000 fe7d 	bl	200049f0 <RCC_AHB1PeriphResetCmd>
20003cf6:	e02b      	b.n	20003d50 <GPIO_DeInit+0x130>
20003cf8:	687b      	ldr	r3, [r7, #4]
20003cfa:	4a1f      	ldr	r2, [pc, #124]	@ (20003d78 <GPIO_DeInit+0x158>)
20003cfc:	4293      	cmp	r3, r2
20003cfe:	d10a      	bne.n	20003d16 <GPIO_DeInit+0xf6>
20003d00:	2101      	movs	r1, #1
20003d02:	f44f 7080 	mov.w	r0, #256	@ 0x100
20003d06:	f000 fe73 	bl	200049f0 <RCC_AHB1PeriphResetCmd>
20003d0a:	2100      	movs	r1, #0
20003d0c:	f44f 7080 	mov.w	r0, #256	@ 0x100
20003d10:	f000 fe6e 	bl	200049f0 <RCC_AHB1PeriphResetCmd>
20003d14:	e01c      	b.n	20003d50 <GPIO_DeInit+0x130>
20003d16:	687b      	ldr	r3, [r7, #4]
20003d18:	4a18      	ldr	r2, [pc, #96]	@ (20003d7c <GPIO_DeInit+0x15c>)
20003d1a:	4293      	cmp	r3, r2
20003d1c:	d10a      	bne.n	20003d34 <GPIO_DeInit+0x114>
20003d1e:	2101      	movs	r1, #1
20003d20:	f44f 7000 	mov.w	r0, #512	@ 0x200
20003d24:	f000 fe64 	bl	200049f0 <RCC_AHB1PeriphResetCmd>
20003d28:	2100      	movs	r1, #0
20003d2a:	f44f 7000 	mov.w	r0, #512	@ 0x200
20003d2e:	f000 fe5f 	bl	200049f0 <RCC_AHB1PeriphResetCmd>
20003d32:	e00d      	b.n	20003d50 <GPIO_DeInit+0x130>
20003d34:	687b      	ldr	r3, [r7, #4]
20003d36:	4a12      	ldr	r2, [pc, #72]	@ (20003d80 <GPIO_DeInit+0x160>)
20003d38:	4293      	cmp	r3, r2
20003d3a:	d109      	bne.n	20003d50 <GPIO_DeInit+0x130>
20003d3c:	2101      	movs	r1, #1
20003d3e:	f44f 6080 	mov.w	r0, #1024	@ 0x400
20003d42:	f000 fe55 	bl	200049f0 <RCC_AHB1PeriphResetCmd>
20003d46:	2100      	movs	r1, #0
20003d48:	f44f 6080 	mov.w	r0, #1024	@ 0x400
20003d4c:	f000 fe50 	bl	200049f0 <RCC_AHB1PeriphResetCmd>
20003d50:	bf00      	nop
20003d52:	3708      	adds	r7, #8
20003d54:	46bd      	mov	sp, r7
20003d56:	bd80      	pop	{r7, pc}
20003d58:	40020000 	.word	0x40020000
20003d5c:	40020400 	.word	0x40020400
20003d60:	40020800 	.word	0x40020800
20003d64:	40020c00 	.word	0x40020c00
20003d68:	40021000 	.word	0x40021000
20003d6c:	40021400 	.word	0x40021400
20003d70:	40021800 	.word	0x40021800
20003d74:	40021c00 	.word	0x40021c00
20003d78:	40022000 	.word	0x40022000
20003d7c:	40022400 	.word	0x40022400
20003d80:	40022800 	.word	0x40022800

20003d84 <GPIO_Init>:
20003d84:	b480      	push	{r7}
20003d86:	b087      	sub	sp, #28
20003d88:	af00      	add	r7, sp, #0
20003d8a:	6078      	str	r0, [r7, #4]
20003d8c:	6039      	str	r1, [r7, #0]
20003d8e:	2300      	movs	r3, #0
20003d90:	617b      	str	r3, [r7, #20]
20003d92:	2300      	movs	r3, #0
20003d94:	613b      	str	r3, [r7, #16]
20003d96:	2300      	movs	r3, #0
20003d98:	60fb      	str	r3, [r7, #12]
20003d9a:	2300      	movs	r3, #0
20003d9c:	617b      	str	r3, [r7, #20]
20003d9e:	e076      	b.n	20003e8e <GPIO_Init+0x10a>
20003da0:	2201      	movs	r2, #1
20003da2:	697b      	ldr	r3, [r7, #20]
20003da4:	fa02 f303 	lsl.w	r3, r2, r3
20003da8:	613b      	str	r3, [r7, #16]
20003daa:	683b      	ldr	r3, [r7, #0]
20003dac:	681b      	ldr	r3, [r3, #0]
20003dae:	693a      	ldr	r2, [r7, #16]
20003db0:	4013      	ands	r3, r2
20003db2:	60fb      	str	r3, [r7, #12]
20003db4:	68fa      	ldr	r2, [r7, #12]
20003db6:	693b      	ldr	r3, [r7, #16]
20003db8:	429a      	cmp	r2, r3
20003dba:	d165      	bne.n	20003e88 <GPIO_Init+0x104>
20003dbc:	687b      	ldr	r3, [r7, #4]
20003dbe:	681a      	ldr	r2, [r3, #0]
20003dc0:	697b      	ldr	r3, [r7, #20]
20003dc2:	005b      	lsls	r3, r3, #1
20003dc4:	2103      	movs	r1, #3
20003dc6:	fa01 f303 	lsl.w	r3, r1, r3
20003dca:	43db      	mvns	r3, r3
20003dcc:	401a      	ands	r2, r3
20003dce:	687b      	ldr	r3, [r7, #4]
20003dd0:	601a      	str	r2, [r3, #0]
20003dd2:	687b      	ldr	r3, [r7, #4]
20003dd4:	681a      	ldr	r2, [r3, #0]
20003dd6:	683b      	ldr	r3, [r7, #0]
20003dd8:	791b      	ldrb	r3, [r3, #4]
20003dda:	4619      	mov	r1, r3
20003ddc:	697b      	ldr	r3, [r7, #20]
20003dde:	005b      	lsls	r3, r3, #1
20003de0:	fa01 f303 	lsl.w	r3, r1, r3
20003de4:	431a      	orrs	r2, r3
20003de6:	687b      	ldr	r3, [r7, #4]
20003de8:	601a      	str	r2, [r3, #0]
20003dea:	683b      	ldr	r3, [r7, #0]
20003dec:	791b      	ldrb	r3, [r3, #4]
20003dee:	2b01      	cmp	r3, #1
20003df0:	d003      	beq.n	20003dfa <GPIO_Init+0x76>
20003df2:	683b      	ldr	r3, [r7, #0]
20003df4:	791b      	ldrb	r3, [r3, #4]
20003df6:	2b02      	cmp	r3, #2
20003df8:	d12e      	bne.n	20003e58 <GPIO_Init+0xd4>
20003dfa:	687b      	ldr	r3, [r7, #4]
20003dfc:	689a      	ldr	r2, [r3, #8]
20003dfe:	697b      	ldr	r3, [r7, #20]
20003e00:	005b      	lsls	r3, r3, #1
20003e02:	2103      	movs	r1, #3
20003e04:	fa01 f303 	lsl.w	r3, r1, r3
20003e08:	43db      	mvns	r3, r3
20003e0a:	401a      	ands	r2, r3
20003e0c:	687b      	ldr	r3, [r7, #4]
20003e0e:	609a      	str	r2, [r3, #8]
20003e10:	687b      	ldr	r3, [r7, #4]
20003e12:	689a      	ldr	r2, [r3, #8]
20003e14:	683b      	ldr	r3, [r7, #0]
20003e16:	795b      	ldrb	r3, [r3, #5]
20003e18:	4619      	mov	r1, r3
20003e1a:	697b      	ldr	r3, [r7, #20]
20003e1c:	005b      	lsls	r3, r3, #1
20003e1e:	fa01 f303 	lsl.w	r3, r1, r3
20003e22:	431a      	orrs	r2, r3
20003e24:	687b      	ldr	r3, [r7, #4]
20003e26:	609a      	str	r2, [r3, #8]
20003e28:	687b      	ldr	r3, [r7, #4]
20003e2a:	685a      	ldr	r2, [r3, #4]
20003e2c:	697b      	ldr	r3, [r7, #20]
20003e2e:	b29b      	uxth	r3, r3
20003e30:	4619      	mov	r1, r3
20003e32:	2301      	movs	r3, #1
20003e34:	408b      	lsls	r3, r1
20003e36:	43db      	mvns	r3, r3
20003e38:	401a      	ands	r2, r3
20003e3a:	687b      	ldr	r3, [r7, #4]
20003e3c:	605a      	str	r2, [r3, #4]
20003e3e:	687b      	ldr	r3, [r7, #4]
20003e40:	685b      	ldr	r3, [r3, #4]
20003e42:	683a      	ldr	r2, [r7, #0]
20003e44:	7992      	ldrb	r2, [r2, #6]
20003e46:	4611      	mov	r1, r2
20003e48:	697a      	ldr	r2, [r7, #20]
20003e4a:	b292      	uxth	r2, r2
20003e4c:	fa01 f202 	lsl.w	r2, r1, r2
20003e50:	b292      	uxth	r2, r2
20003e52:	431a      	orrs	r2, r3
20003e54:	687b      	ldr	r3, [r7, #4]
20003e56:	605a      	str	r2, [r3, #4]
20003e58:	687b      	ldr	r3, [r7, #4]
20003e5a:	68da      	ldr	r2, [r3, #12]
20003e5c:	697b      	ldr	r3, [r7, #20]
20003e5e:	b29b      	uxth	r3, r3
20003e60:	005b      	lsls	r3, r3, #1
20003e62:	2103      	movs	r1, #3
20003e64:	fa01 f303 	lsl.w	r3, r1, r3
20003e68:	43db      	mvns	r3, r3
20003e6a:	401a      	ands	r2, r3
20003e6c:	687b      	ldr	r3, [r7, #4]
20003e6e:	60da      	str	r2, [r3, #12]
20003e70:	687b      	ldr	r3, [r7, #4]
20003e72:	68da      	ldr	r2, [r3, #12]
20003e74:	683b      	ldr	r3, [r7, #0]
20003e76:	79db      	ldrb	r3, [r3, #7]
20003e78:	4619      	mov	r1, r3
20003e7a:	697b      	ldr	r3, [r7, #20]
20003e7c:	005b      	lsls	r3, r3, #1
20003e7e:	fa01 f303 	lsl.w	r3, r1, r3
20003e82:	431a      	orrs	r2, r3
20003e84:	687b      	ldr	r3, [r7, #4]
20003e86:	60da      	str	r2, [r3, #12]
20003e88:	697b      	ldr	r3, [r7, #20]
20003e8a:	3301      	adds	r3, #1
20003e8c:	617b      	str	r3, [r7, #20]
20003e8e:	697b      	ldr	r3, [r7, #20]
20003e90:	2b0f      	cmp	r3, #15
20003e92:	d985      	bls.n	20003da0 <GPIO_Init+0x1c>
20003e94:	bf00      	nop
20003e96:	bf00      	nop
20003e98:	371c      	adds	r7, #28
20003e9a:	46bd      	mov	sp, r7
20003e9c:	f85d 7b04 	ldr.w	r7, [sp], #4
20003ea0:	4770      	bx	lr

20003ea2 <GPIO_StructInit>:
20003ea2:	b480      	push	{r7}
20003ea4:	b083      	sub	sp, #12
20003ea6:	af00      	add	r7, sp, #0
20003ea8:	6078      	str	r0, [r7, #4]
20003eaa:	687b      	ldr	r3, [r7, #4]
20003eac:	f64f 72ff 	movw	r2, #65535	@ 0xffff
20003eb0:	601a      	str	r2, [r3, #0]
20003eb2:	687b      	ldr	r3, [r7, #4]
20003eb4:	2200      	movs	r2, #0
20003eb6:	711a      	strb	r2, [r3, #4]
20003eb8:	687b      	ldr	r3, [r7, #4]
20003eba:	2200      	movs	r2, #0
20003ebc:	715a      	strb	r2, [r3, #5]
20003ebe:	687b      	ldr	r3, [r7, #4]
20003ec0:	2200      	movs	r2, #0
20003ec2:	719a      	strb	r2, [r3, #6]
20003ec4:	687b      	ldr	r3, [r7, #4]
20003ec6:	2200      	movs	r2, #0
20003ec8:	71da      	strb	r2, [r3, #7]
20003eca:	bf00      	nop
20003ecc:	370c      	adds	r7, #12
20003ece:	46bd      	mov	sp, r7
20003ed0:	f85d 7b04 	ldr.w	r7, [sp], #4
20003ed4:	4770      	bx	lr

20003ed6 <GPIO_PinLockConfig>:
20003ed6:	b480      	push	{r7}
20003ed8:	b085      	sub	sp, #20
20003eda:	af00      	add	r7, sp, #0
20003edc:	6078      	str	r0, [r7, #4]
20003ede:	460b      	mov	r3, r1
20003ee0:	807b      	strh	r3, [r7, #2]
20003ee2:	f44f 3380 	mov.w	r3, #65536	@ 0x10000
20003ee6:	60fb      	str	r3, [r7, #12]
20003ee8:	887a      	ldrh	r2, [r7, #2]
20003eea:	68fb      	ldr	r3, [r7, #12]
20003eec:	4313      	orrs	r3, r2
20003eee:	60fb      	str	r3, [r7, #12]
20003ef0:	68fa      	ldr	r2, [r7, #12]
20003ef2:	687b      	ldr	r3, [r7, #4]
20003ef4:	61da      	str	r2, [r3, #28]
20003ef6:	887a      	ldrh	r2, [r7, #2]
20003ef8:	687b      	ldr	r3, [r7, #4]
20003efa:	61da      	str	r2, [r3, #28]
20003efc:	68fa      	ldr	r2, [r7, #12]
20003efe:	687b      	ldr	r3, [r7, #4]
20003f00:	61da      	str	r2, [r3, #28]
20003f02:	687b      	ldr	r3, [r7, #4]
20003f04:	69db      	ldr	r3, [r3, #28]
20003f06:	60fb      	str	r3, [r7, #12]
20003f08:	687b      	ldr	r3, [r7, #4]
20003f0a:	69db      	ldr	r3, [r3, #28]
20003f0c:	60fb      	str	r3, [r7, #12]
20003f0e:	bf00      	nop
20003f10:	3714      	adds	r7, #20
20003f12:	46bd      	mov	sp, r7
20003f14:	f85d 7b04 	ldr.w	r7, [sp], #4
20003f18:	4770      	bx	lr

20003f1a <GPIO_ReadInputDataBit>:
20003f1a:	b480      	push	{r7}
20003f1c:	b085      	sub	sp, #20
20003f1e:	af00      	add	r7, sp, #0
20003f20:	6078      	str	r0, [r7, #4]
20003f22:	460b      	mov	r3, r1
20003f24:	807b      	strh	r3, [r7, #2]
20003f26:	2300      	movs	r3, #0
20003f28:	73fb      	strb	r3, [r7, #15]
20003f2a:	687b      	ldr	r3, [r7, #4]
20003f2c:	691a      	ldr	r2, [r3, #16]
20003f2e:	887b      	ldrh	r3, [r7, #2]
20003f30:	4013      	ands	r3, r2
20003f32:	2b00      	cmp	r3, #0
20003f34:	d002      	beq.n	20003f3c <GPIO_ReadInputDataBit+0x22>
20003f36:	2301      	movs	r3, #1
20003f38:	73fb      	strb	r3, [r7, #15]
20003f3a:	e001      	b.n	20003f40 <GPIO_ReadInputDataBit+0x26>
20003f3c:	2300      	movs	r3, #0
20003f3e:	73fb      	strb	r3, [r7, #15]
20003f40:	7bfb      	ldrb	r3, [r7, #15]
20003f42:	4618      	mov	r0, r3
20003f44:	3714      	adds	r7, #20
20003f46:	46bd      	mov	sp, r7
20003f48:	f85d 7b04 	ldr.w	r7, [sp], #4
20003f4c:	4770      	bx	lr

20003f4e <GPIO_ReadInputData>:
20003f4e:	b480      	push	{r7}
20003f50:	b083      	sub	sp, #12
20003f52:	af00      	add	r7, sp, #0
20003f54:	6078      	str	r0, [r7, #4]
20003f56:	687b      	ldr	r3, [r7, #4]
20003f58:	691b      	ldr	r3, [r3, #16]
20003f5a:	b29b      	uxth	r3, r3
20003f5c:	4618      	mov	r0, r3
20003f5e:	370c      	adds	r7, #12
20003f60:	46bd      	mov	sp, r7
20003f62:	f85d 7b04 	ldr.w	r7, [sp], #4
20003f66:	4770      	bx	lr

20003f68 <GPIO_ReadOutputDataBit>:
20003f68:	b480      	push	{r7}
20003f6a:	b085      	sub	sp, #20
20003f6c:	af00      	add	r7, sp, #0
20003f6e:	6078      	str	r0, [r7, #4]
20003f70:	460b      	mov	r3, r1
20003f72:	807b      	strh	r3, [r7, #2]
20003f74:	2300      	movs	r3, #0
20003f76:	73fb      	strb	r3, [r7, #15]
20003f78:	687b      	ldr	r3, [r7, #4]
20003f7a:	695a      	ldr	r2, [r3, #20]
20003f7c:	887b      	ldrh	r3, [r7, #2]
20003f7e:	4013      	ands	r3, r2
20003f80:	2b00      	cmp	r3, #0
20003f82:	d002      	beq.n	20003f8a <GPIO_ReadOutputDataBit+0x22>
20003f84:	2301      	movs	r3, #1
20003f86:	73fb      	strb	r3, [r7, #15]
20003f88:	e001      	b.n	20003f8e <GPIO_ReadOutputDataBit+0x26>
20003f8a:	2300      	movs	r3, #0
20003f8c:	73fb      	strb	r3, [r7, #15]
20003f8e:	7bfb      	ldrb	r3, [r7, #15]
20003f90:	4618      	mov	r0, r3
20003f92:	3714      	adds	r7, #20
20003f94:	46bd      	mov	sp, r7
20003f96:	f85d 7b04 	ldr.w	r7, [sp], #4
20003f9a:	4770      	bx	lr

20003f9c <GPIO_ReadOutputData>:
20003f9c:	b480      	push	{r7}
20003f9e:	b083      	sub	sp, #12
20003fa0:	af00      	add	r7, sp, #0
20003fa2:	6078      	str	r0, [r7, #4]
20003fa4:	687b      	ldr	r3, [r7, #4]
20003fa6:	695b      	ldr	r3, [r3, #20]
20003fa8:	b29b      	uxth	r3, r3
20003faa:	4618      	mov	r0, r3
20003fac:	370c      	adds	r7, #12
20003fae:	46bd      	mov	sp, r7
20003fb0:	f85d 7b04 	ldr.w	r7, [sp], #4
20003fb4:	4770      	bx	lr

20003fb6 <GPIO_SetBits>:
20003fb6:	b480      	push	{r7}
20003fb8:	b083      	sub	sp, #12
20003fba:	af00      	add	r7, sp, #0
20003fbc:	6078      	str	r0, [r7, #4]
20003fbe:	460b      	mov	r3, r1
20003fc0:	807b      	strh	r3, [r7, #2]
20003fc2:	687b      	ldr	r3, [r7, #4]
20003fc4:	887a      	ldrh	r2, [r7, #2]
20003fc6:	831a      	strh	r2, [r3, #24]
20003fc8:	bf00      	nop
20003fca:	370c      	adds	r7, #12
20003fcc:	46bd      	mov	sp, r7
20003fce:	f85d 7b04 	ldr.w	r7, [sp], #4
20003fd2:	4770      	bx	lr

20003fd4 <GPIO_ResetBits>:
20003fd4:	b480      	push	{r7}
20003fd6:	b083      	sub	sp, #12
20003fd8:	af00      	add	r7, sp, #0
20003fda:	6078      	str	r0, [r7, #4]
20003fdc:	460b      	mov	r3, r1
20003fde:	807b      	strh	r3, [r7, #2]
20003fe0:	687b      	ldr	r3, [r7, #4]
20003fe2:	887a      	ldrh	r2, [r7, #2]
20003fe4:	835a      	strh	r2, [r3, #26]
20003fe6:	bf00      	nop
20003fe8:	370c      	adds	r7, #12
20003fea:	46bd      	mov	sp, r7
20003fec:	f85d 7b04 	ldr.w	r7, [sp], #4
20003ff0:	4770      	bx	lr

20003ff2 <GPIO_WriteBit>:
20003ff2:	b480      	push	{r7}
20003ff4:	b083      	sub	sp, #12
20003ff6:	af00      	add	r7, sp, #0
20003ff8:	6078      	str	r0, [r7, #4]
20003ffa:	460b      	mov	r3, r1
20003ffc:	807b      	strh	r3, [r7, #2]
20003ffe:	4613      	mov	r3, r2
20004000:	707b      	strb	r3, [r7, #1]
20004002:	787b      	ldrb	r3, [r7, #1]
20004004:	2b00      	cmp	r3, #0
20004006:	d003      	beq.n	20004010 <GPIO_WriteBit+0x1e>
20004008:	687b      	ldr	r3, [r7, #4]
2000400a:	887a      	ldrh	r2, [r7, #2]
2000400c:	831a      	strh	r2, [r3, #24]
2000400e:	e002      	b.n	20004016 <GPIO_WriteBit+0x24>
20004010:	687b      	ldr	r3, [r7, #4]
20004012:	887a      	ldrh	r2, [r7, #2]
20004014:	835a      	strh	r2, [r3, #26]
20004016:	bf00      	nop
20004018:	370c      	adds	r7, #12
2000401a:	46bd      	mov	sp, r7
2000401c:	f85d 7b04 	ldr.w	r7, [sp], #4
20004020:	4770      	bx	lr

20004022 <GPIO_Write>:
20004022:	b480      	push	{r7}
20004024:	b083      	sub	sp, #12
20004026:	af00      	add	r7, sp, #0
20004028:	6078      	str	r0, [r7, #4]
2000402a:	460b      	mov	r3, r1
2000402c:	807b      	strh	r3, [r7, #2]
2000402e:	887a      	ldrh	r2, [r7, #2]
20004030:	687b      	ldr	r3, [r7, #4]
20004032:	615a      	str	r2, [r3, #20]
20004034:	bf00      	nop
20004036:	370c      	adds	r7, #12
20004038:	46bd      	mov	sp, r7
2000403a:	f85d 7b04 	ldr.w	r7, [sp], #4
2000403e:	4770      	bx	lr

20004040 <GPIO_ToggleBits>:
20004040:	b480      	push	{r7}
20004042:	b083      	sub	sp, #12
20004044:	af00      	add	r7, sp, #0
20004046:	6078      	str	r0, [r7, #4]
20004048:	460b      	mov	r3, r1
2000404a:	807b      	strh	r3, [r7, #2]
2000404c:	687b      	ldr	r3, [r7, #4]
2000404e:	695a      	ldr	r2, [r3, #20]
20004050:	887b      	ldrh	r3, [r7, #2]
20004052:	405a      	eors	r2, r3
20004054:	687b      	ldr	r3, [r7, #4]
20004056:	615a      	str	r2, [r3, #20]
20004058:	bf00      	nop
2000405a:	370c      	adds	r7, #12
2000405c:	46bd      	mov	sp, r7
2000405e:	f85d 7b04 	ldr.w	r7, [sp], #4
20004062:	4770      	bx	lr

20004064 <GPIO_PinAFConfig>:
20004064:	b480      	push	{r7}
20004066:	b085      	sub	sp, #20
20004068:	af00      	add	r7, sp, #0
2000406a:	6078      	str	r0, [r7, #4]
2000406c:	460b      	mov	r3, r1
2000406e:	807b      	strh	r3, [r7, #2]
20004070:	4613      	mov	r3, r2
20004072:	707b      	strb	r3, [r7, #1]
20004074:	2300      	movs	r3, #0
20004076:	60fb      	str	r3, [r7, #12]
20004078:	2300      	movs	r3, #0
2000407a:	60bb      	str	r3, [r7, #8]
2000407c:	787a      	ldrb	r2, [r7, #1]
2000407e:	887b      	ldrh	r3, [r7, #2]
20004080:	f003 0307 	and.w	r3, r3, #7
20004084:	009b      	lsls	r3, r3, #2
20004086:	fa02 f303 	lsl.w	r3, r2, r3
2000408a:	60fb      	str	r3, [r7, #12]
2000408c:	887b      	ldrh	r3, [r7, #2]
2000408e:	08db      	lsrs	r3, r3, #3
20004090:	b29b      	uxth	r3, r3
20004092:	461a      	mov	r2, r3
20004094:	687b      	ldr	r3, [r7, #4]
20004096:	3208      	adds	r2, #8
20004098:	f853 2022 	ldr.w	r2, [r3, r2, lsl #2]
2000409c:	887b      	ldrh	r3, [r7, #2]
2000409e:	f003 0307 	and.w	r3, r3, #7
200040a2:	009b      	lsls	r3, r3, #2
200040a4:	210f      	movs	r1, #15
200040a6:	fa01 f303 	lsl.w	r3, r1, r3
200040aa:	43db      	mvns	r3, r3
200040ac:	8879      	ldrh	r1, [r7, #2]
200040ae:	08c9      	lsrs	r1, r1, #3
200040b0:	b289      	uxth	r1, r1
200040b2:	4608      	mov	r0, r1
200040b4:	ea02 0103 	and.w	r1, r2, r3
200040b8:	687b      	ldr	r3, [r7, #4]
200040ba:	f100 0208 	add.w	r2, r0, #8
200040be:	f843 1022 	str.w	r1, [r3, r2, lsl #2]
200040c2:	887b      	ldrh	r3, [r7, #2]
200040c4:	08db      	lsrs	r3, r3, #3
200040c6:	b29b      	uxth	r3, r3
200040c8:	461a      	mov	r2, r3
200040ca:	687b      	ldr	r3, [r7, #4]
200040cc:	3208      	adds	r2, #8
200040ce:	f853 3022 	ldr.w	r3, [r3, r2, lsl #2]
200040d2:	68fa      	ldr	r2, [r7, #12]
200040d4:	4313      	orrs	r3, r2
200040d6:	60bb      	str	r3, [r7, #8]
200040d8:	887b      	ldrh	r3, [r7, #2]
200040da:	08db      	lsrs	r3, r3, #3
200040dc:	b29b      	uxth	r3, r3
200040de:	461a      	mov	r2, r3
200040e0:	687b      	ldr	r3, [r7, #4]
200040e2:	3208      	adds	r2, #8
200040e4:	68b9      	ldr	r1, [r7, #8]
200040e6:	f843 1022 	str.w	r1, [r3, r2, lsl #2]
200040ea:	bf00      	nop
200040ec:	3714      	adds	r7, #20
200040ee:	46bd      	mov	sp, r7
200040f0:	f85d 7b04 	ldr.w	r7, [sp], #4
200040f4:	4770      	bx	lr
200040f6:	bf00      	nop

200040f8 <RCC_DeInit>:
200040f8:	b480      	push	{r7}
200040fa:	af00      	add	r7, sp, #0
200040fc:	4b16      	ldr	r3, [pc, #88]	@ (20004158 <RCC_DeInit+0x60>)
200040fe:	681b      	ldr	r3, [r3, #0]
20004100:	4a15      	ldr	r2, [pc, #84]	@ (20004158 <RCC_DeInit+0x60>)
20004102:	f043 0301 	orr.w	r3, r3, #1
20004106:	6013      	str	r3, [r2, #0]
20004108:	4b13      	ldr	r3, [pc, #76]	@ (20004158 <RCC_DeInit+0x60>)
2000410a:	2200      	movs	r2, #0
2000410c:	609a      	str	r2, [r3, #8]
2000410e:	4b12      	ldr	r3, [pc, #72]	@ (20004158 <RCC_DeInit+0x60>)
20004110:	681b      	ldr	r3, [r3, #0]
20004112:	4a11      	ldr	r2, [pc, #68]	@ (20004158 <RCC_DeInit+0x60>)
20004114:	f023 53a8 	bic.w	r3, r3, #352321536	@ 0x15000000
20004118:	f423 2310 	bic.w	r3, r3, #589824	@ 0x90000
2000411c:	6013      	str	r3, [r2, #0]
2000411e:	4b0e      	ldr	r3, [pc, #56]	@ (20004158 <RCC_DeInit+0x60>)
20004120:	4a0e      	ldr	r2, [pc, #56]	@ (2000415c <RCC_DeInit+0x64>)
20004122:	605a      	str	r2, [r3, #4]
20004124:	4b0c      	ldr	r3, [pc, #48]	@ (20004158 <RCC_DeInit+0x60>)
20004126:	4a0e      	ldr	r2, [pc, #56]	@ (20004160 <RCC_DeInit+0x68>)
20004128:	f8c3 2084 	str.w	r2, [r3, #132]	@ 0x84
2000412c:	4b0a      	ldr	r3, [pc, #40]	@ (20004158 <RCC_DeInit+0x60>)
2000412e:	4a0d      	ldr	r2, [pc, #52]	@ (20004164 <RCC_DeInit+0x6c>)
20004130:	f8c3 2088 	str.w	r2, [r3, #136]	@ 0x88
20004134:	4b08      	ldr	r3, [pc, #32]	@ (20004158 <RCC_DeInit+0x60>)
20004136:	681b      	ldr	r3, [r3, #0]
20004138:	4a07      	ldr	r2, [pc, #28]	@ (20004158 <RCC_DeInit+0x60>)
2000413a:	f423 2380 	bic.w	r3, r3, #262144	@ 0x40000
2000413e:	6013      	str	r3, [r2, #0]
20004140:	4b05      	ldr	r3, [pc, #20]	@ (20004158 <RCC_DeInit+0x60>)
20004142:	2200      	movs	r2, #0
20004144:	60da      	str	r2, [r3, #12]
20004146:	4b04      	ldr	r3, [pc, #16]	@ (20004158 <RCC_DeInit+0x60>)
20004148:	2200      	movs	r2, #0
2000414a:	f8c3 208c 	str.w	r2, [r3, #140]	@ 0x8c
2000414e:	bf00      	nop
20004150:	46bd      	mov	sp, r7
20004152:	f85d 7b04 	ldr.w	r7, [sp], #4
20004156:	4770      	bx	lr
20004158:	40023800 	.word	0x40023800
2000415c:	24003010 	.word	0x24003010
20004160:	20003000 	.word	0x20003000
20004164:	24003000 	.word	0x24003000

20004168 <RCC_HSEConfig>:
20004168:	b480      	push	{r7}
2000416a:	b083      	sub	sp, #12
2000416c:	af00      	add	r7, sp, #0
2000416e:	4603      	mov	r3, r0
20004170:	71fb      	strb	r3, [r7, #7]
20004172:	4b06      	ldr	r3, [pc, #24]	@ (2000418c <RCC_HSEConfig+0x24>)
20004174:	2200      	movs	r2, #0
20004176:	701a      	strb	r2, [r3, #0]
20004178:	4a04      	ldr	r2, [pc, #16]	@ (2000418c <RCC_HSEConfig+0x24>)
2000417a:	79fb      	ldrb	r3, [r7, #7]
2000417c:	7013      	strb	r3, [r2, #0]
2000417e:	bf00      	nop
20004180:	370c      	adds	r7, #12
20004182:	46bd      	mov	sp, r7
20004184:	f85d 7b04 	ldr.w	r7, [sp], #4
20004188:	4770      	bx	lr
2000418a:	bf00      	nop
2000418c:	40023802 	.word	0x40023802

20004190 <RCC_WaitForHSEStartUp>:
20004190:	b580      	push	{r7, lr}
20004192:	b082      	sub	sp, #8
20004194:	af00      	add	r7, sp, #0
20004196:	2300      	movs	r3, #0
20004198:	603b      	str	r3, [r7, #0]
2000419a:	2300      	movs	r3, #0
2000419c:	71fb      	strb	r3, [r7, #7]
2000419e:	2300      	movs	r3, #0
200041a0:	71bb      	strb	r3, [r7, #6]
200041a2:	2031      	movs	r0, #49	@ 0x31
200041a4:	f000 fd8a 	bl	20004cbc <RCC_GetFlagStatus>
200041a8:	4603      	mov	r3, r0
200041aa:	71bb      	strb	r3, [r7, #6]
200041ac:	683b      	ldr	r3, [r7, #0]
200041ae:	3301      	adds	r3, #1
200041b0:	603b      	str	r3, [r7, #0]
200041b2:	683b      	ldr	r3, [r7, #0]
200041b4:	f5b3 4fa0 	cmp.w	r3, #20480	@ 0x5000
200041b8:	d002      	beq.n	200041c0 <RCC_WaitForHSEStartUp+0x30>
200041ba:	79bb      	ldrb	r3, [r7, #6]
200041bc:	2b00      	cmp	r3, #0
200041be:	d0f0      	beq.n	200041a2 <RCC_WaitForHSEStartUp+0x12>
200041c0:	2031      	movs	r0, #49	@ 0x31
200041c2:	f000 fd7b 	bl	20004cbc <RCC_GetFlagStatus>
200041c6:	4603      	mov	r3, r0
200041c8:	2b00      	cmp	r3, #0
200041ca:	d002      	beq.n	200041d2 <RCC_WaitForHSEStartUp+0x42>
200041cc:	2301      	movs	r3, #1
200041ce:	71fb      	strb	r3, [r7, #7]
200041d0:	e001      	b.n	200041d6 <RCC_WaitForHSEStartUp+0x46>
200041d2:	2300      	movs	r3, #0
200041d4:	71fb      	strb	r3, [r7, #7]
200041d6:	79fb      	ldrb	r3, [r7, #7]
200041d8:	4618      	mov	r0, r3
200041da:	3708      	adds	r7, #8
200041dc:	46bd      	mov	sp, r7
200041de:	bd80      	pop	{r7, pc}

200041e0 <RCC_AdjustHSICalibrationValue>:
200041e0:	b480      	push	{r7}
200041e2:	b085      	sub	sp, #20
200041e4:	af00      	add	r7, sp, #0
200041e6:	4603      	mov	r3, r0
200041e8:	71fb      	strb	r3, [r7, #7]
200041ea:	2300      	movs	r3, #0
200041ec:	60fb      	str	r3, [r7, #12]
200041ee:	4b0a      	ldr	r3, [pc, #40]	@ (20004218 <RCC_AdjustHSICalibrationValue+0x38>)
200041f0:	681b      	ldr	r3, [r3, #0]
200041f2:	60fb      	str	r3, [r7, #12]
200041f4:	68fb      	ldr	r3, [r7, #12]
200041f6:	f023 03f8 	bic.w	r3, r3, #248	@ 0xf8
200041fa:	60fb      	str	r3, [r7, #12]
200041fc:	79fb      	ldrb	r3, [r7, #7]
200041fe:	00db      	lsls	r3, r3, #3
20004200:	68fa      	ldr	r2, [r7, #12]
20004202:	4313      	orrs	r3, r2
20004204:	60fb      	str	r3, [r7, #12]
20004206:	4a04      	ldr	r2, [pc, #16]	@ (20004218 <RCC_AdjustHSICalibrationValue+0x38>)
20004208:	68fb      	ldr	r3, [r7, #12]
2000420a:	6013      	str	r3, [r2, #0]
2000420c:	bf00      	nop
2000420e:	3714      	adds	r7, #20
20004210:	46bd      	mov	sp, r7
20004212:	f85d 7b04 	ldr.w	r7, [sp], #4
20004216:	4770      	bx	lr
20004218:	40023800 	.word	0x40023800

2000421c <RCC_HSICmd>:
2000421c:	b480      	push	{r7}
2000421e:	b083      	sub	sp, #12
20004220:	af00      	add	r7, sp, #0
20004222:	4603      	mov	r3, r0
20004224:	71fb      	strb	r3, [r7, #7]
20004226:	4a04      	ldr	r2, [pc, #16]	@ (20004238 <RCC_HSICmd+0x1c>)
20004228:	79fb      	ldrb	r3, [r7, #7]
2000422a:	6013      	str	r3, [r2, #0]
2000422c:	bf00      	nop
2000422e:	370c      	adds	r7, #12
20004230:	46bd      	mov	sp, r7
20004232:	f85d 7b04 	ldr.w	r7, [sp], #4
20004236:	4770      	bx	lr
20004238:	42470000 	.word	0x42470000

2000423c <RCC_LSEConfig>:
2000423c:	b480      	push	{r7}
2000423e:	b083      	sub	sp, #12
20004240:	af00      	add	r7, sp, #0
20004242:	4603      	mov	r3, r0
20004244:	71fb      	strb	r3, [r7, #7]
20004246:	4b0d      	ldr	r3, [pc, #52]	@ (2000427c <RCC_LSEConfig+0x40>)
20004248:	2200      	movs	r2, #0
2000424a:	701a      	strb	r2, [r3, #0]
2000424c:	4b0b      	ldr	r3, [pc, #44]	@ (2000427c <RCC_LSEConfig+0x40>)
2000424e:	2200      	movs	r2, #0
20004250:	701a      	strb	r2, [r3, #0]
20004252:	79fb      	ldrb	r3, [r7, #7]
20004254:	2b01      	cmp	r3, #1
20004256:	d002      	beq.n	2000425e <RCC_LSEConfig+0x22>
20004258:	2b04      	cmp	r3, #4
2000425a:	d004      	beq.n	20004266 <RCC_LSEConfig+0x2a>
2000425c:	e007      	b.n	2000426e <RCC_LSEConfig+0x32>
2000425e:	4b07      	ldr	r3, [pc, #28]	@ (2000427c <RCC_LSEConfig+0x40>)
20004260:	2201      	movs	r2, #1
20004262:	701a      	strb	r2, [r3, #0]
20004264:	e003      	b.n	2000426e <RCC_LSEConfig+0x32>
20004266:	4b05      	ldr	r3, [pc, #20]	@ (2000427c <RCC_LSEConfig+0x40>)
20004268:	2205      	movs	r2, #5
2000426a:	701a      	strb	r2, [r3, #0]
2000426c:	bf00      	nop
2000426e:	bf00      	nop
20004270:	370c      	adds	r7, #12
20004272:	46bd      	mov	sp, r7
20004274:	f85d 7b04 	ldr.w	r7, [sp], #4
20004278:	4770      	bx	lr
2000427a:	bf00      	nop
2000427c:	40023870 	.word	0x40023870

20004280 <RCC_LSICmd>:
20004280:	b480      	push	{r7}
20004282:	b083      	sub	sp, #12
20004284:	af00      	add	r7, sp, #0
20004286:	4603      	mov	r3, r0
20004288:	71fb      	strb	r3, [r7, #7]
2000428a:	4a04      	ldr	r2, [pc, #16]	@ (2000429c <RCC_LSICmd+0x1c>)
2000428c:	79fb      	ldrb	r3, [r7, #7]
2000428e:	6013      	str	r3, [r2, #0]
20004290:	bf00      	nop
20004292:	370c      	adds	r7, #12
20004294:	46bd      	mov	sp, r7
20004296:	f85d 7b04 	ldr.w	r7, [sp], #4
2000429a:	4770      	bx	lr
2000429c:	42470e80 	.word	0x42470e80

200042a0 <RCC_PLLConfig>:
200042a0:	b480      	push	{r7}
200042a2:	b085      	sub	sp, #20
200042a4:	af00      	add	r7, sp, #0
200042a6:	60f8      	str	r0, [r7, #12]
200042a8:	60b9      	str	r1, [r7, #8]
200042aa:	607a      	str	r2, [r7, #4]
200042ac:	603b      	str	r3, [r7, #0]
200042ae:	687b      	ldr	r3, [r7, #4]
200042b0:	019a      	lsls	r2, r3, #6
200042b2:	68bb      	ldr	r3, [r7, #8]
200042b4:	431a      	orrs	r2, r3
200042b6:	683b      	ldr	r3, [r7, #0]
200042b8:	085b      	lsrs	r3, r3, #1
200042ba:	3b01      	subs	r3, #1
200042bc:	041b      	lsls	r3, r3, #16
200042be:	431a      	orrs	r2, r3
200042c0:	68fb      	ldr	r3, [r7, #12]
200042c2:	431a      	orrs	r2, r3
200042c4:	69bb      	ldr	r3, [r7, #24]
200042c6:	061b      	lsls	r3, r3, #24
200042c8:	4904      	ldr	r1, [pc, #16]	@ (200042dc <RCC_PLLConfig+0x3c>)
200042ca:	4313      	orrs	r3, r2
200042cc:	604b      	str	r3, [r1, #4]
200042ce:	bf00      	nop
200042d0:	3714      	adds	r7, #20
200042d2:	46bd      	mov	sp, r7
200042d4:	f85d 7b04 	ldr.w	r7, [sp], #4
200042d8:	4770      	bx	lr
200042da:	bf00      	nop
200042dc:	40023800 	.word	0x40023800

200042e0 <RCC_PLLCmd>:
200042e0:	b480      	push	{r7}
200042e2:	b083      	sub	sp, #12
200042e4:	af00      	add	r7, sp, #0
200042e6:	4603      	mov	r3, r0
200042e8:	71fb      	strb	r3, [r7, #7]
200042ea:	4a04      	ldr	r2, [pc, #16]	@ (200042fc <RCC_PLLCmd+0x1c>)
200042ec:	79fb      	ldrb	r3, [r7, #7]
200042ee:	6013      	str	r3, [r2, #0]
200042f0:	bf00      	nop
200042f2:	370c      	adds	r7, #12
200042f4:	46bd      	mov	sp, r7
200042f6:	f85d 7b04 	ldr.w	r7, [sp], #4
200042fa:	4770      	bx	lr
200042fc:	42470060 	.word	0x42470060

20004300 <RCC_PLLI2SConfig>:
20004300:	b480      	push	{r7}
20004302:	b083      	sub	sp, #12
20004304:	af00      	add	r7, sp, #0
20004306:	6078      	str	r0, [r7, #4]
20004308:	6039      	str	r1, [r7, #0]
2000430a:	687b      	ldr	r3, [r7, #4]
2000430c:	019a      	lsls	r2, r3, #6
2000430e:	683b      	ldr	r3, [r7, #0]
20004310:	071b      	lsls	r3, r3, #28
20004312:	4905      	ldr	r1, [pc, #20]	@ (20004328 <RCC_PLLI2SConfig+0x28>)
20004314:	4313      	orrs	r3, r2
20004316:	f8c1 3084 	str.w	r3, [r1, #132]	@ 0x84
2000431a:	bf00      	nop
2000431c:	370c      	adds	r7, #12
2000431e:	46bd      	mov	sp, r7
20004320:	f85d 7b04 	ldr.w	r7, [sp], #4
20004324:	4770      	bx	lr
20004326:	bf00      	nop
20004328:	40023800 	.word	0x40023800

2000432c <RCC_PLLI2SCmd>:
2000432c:	b480      	push	{r7}
2000432e:	b083      	sub	sp, #12
20004330:	af00      	add	r7, sp, #0
20004332:	4603      	mov	r3, r0
20004334:	71fb      	strb	r3, [r7, #7]
20004336:	4a04      	ldr	r2, [pc, #16]	@ (20004348 <RCC_PLLI2SCmd+0x1c>)
20004338:	79fb      	ldrb	r3, [r7, #7]
2000433a:	6013      	str	r3, [r2, #0]
2000433c:	bf00      	nop
2000433e:	370c      	adds	r7, #12
20004340:	46bd      	mov	sp, r7
20004342:	f85d 7b04 	ldr.w	r7, [sp], #4
20004346:	4770      	bx	lr
20004348:	42470068 	.word	0x42470068

2000434c <RCC_PLLSAIConfig>:
2000434c:	b480      	push	{r7}
2000434e:	b085      	sub	sp, #20
20004350:	af00      	add	r7, sp, #0
20004352:	60f8      	str	r0, [r7, #12]
20004354:	60b9      	str	r1, [r7, #8]
20004356:	607a      	str	r2, [r7, #4]
20004358:	68fb      	ldr	r3, [r7, #12]
2000435a:	019a      	lsls	r2, r3, #6
2000435c:	68bb      	ldr	r3, [r7, #8]
2000435e:	061b      	lsls	r3, r3, #24
20004360:	431a      	orrs	r2, r3
20004362:	687b      	ldr	r3, [r7, #4]
20004364:	071b      	lsls	r3, r3, #28
20004366:	4905      	ldr	r1, [pc, #20]	@ (2000437c <RCC_PLLSAIConfig+0x30>)
20004368:	4313      	orrs	r3, r2
2000436a:	f8c1 3088 	str.w	r3, [r1, #136]	@ 0x88
2000436e:	bf00      	nop
20004370:	3714      	adds	r7, #20
20004372:	46bd      	mov	sp, r7
20004374:	f85d 7b04 	ldr.w	r7, [sp], #4
20004378:	4770      	bx	lr
2000437a:	bf00      	nop
2000437c:	40023800 	.word	0x40023800

20004380 <RCC_PLLSAICmd>:
20004380:	b480      	push	{r7}
20004382:	b083      	sub	sp, #12
20004384:	af00      	add	r7, sp, #0
20004386:	4603      	mov	r3, r0
20004388:	71fb      	strb	r3, [r7, #7]
2000438a:	4a04      	ldr	r2, [pc, #16]	@ (2000439c <RCC_PLLSAICmd+0x1c>)
2000438c:	79fb      	ldrb	r3, [r7, #7]
2000438e:	6013      	str	r3, [r2, #0]
20004390:	bf00      	nop
20004392:	370c      	adds	r7, #12
20004394:	46bd      	mov	sp, r7
20004396:	f85d 7b04 	ldr.w	r7, [sp], #4
2000439a:	4770      	bx	lr
2000439c:	42470070 	.word	0x42470070

200043a0 <RCC_ClockSecuritySystemCmd>:
200043a0:	b480      	push	{r7}
200043a2:	b083      	sub	sp, #12
200043a4:	af00      	add	r7, sp, #0
200043a6:	4603      	mov	r3, r0
200043a8:	71fb      	strb	r3, [r7, #7]
200043aa:	4a04      	ldr	r2, [pc, #16]	@ (200043bc <RCC_ClockSecuritySystemCmd+0x1c>)
200043ac:	79fb      	ldrb	r3, [r7, #7]
200043ae:	6013      	str	r3, [r2, #0]
200043b0:	bf00      	nop
200043b2:	370c      	adds	r7, #12
200043b4:	46bd      	mov	sp, r7
200043b6:	f85d 7b04 	ldr.w	r7, [sp], #4
200043ba:	4770      	bx	lr
200043bc:	4247004c 	.word	0x4247004c

200043c0 <RCC_MCO1Config>:
200043c0:	b480      	push	{r7}
200043c2:	b085      	sub	sp, #20
200043c4:	af00      	add	r7, sp, #0
200043c6:	6078      	str	r0, [r7, #4]
200043c8:	6039      	str	r1, [r7, #0]
200043ca:	2300      	movs	r3, #0
200043cc:	60fb      	str	r3, [r7, #12]
200043ce:	4b0b      	ldr	r3, [pc, #44]	@ (200043fc <RCC_MCO1Config+0x3c>)
200043d0:	689b      	ldr	r3, [r3, #8]
200043d2:	60fb      	str	r3, [r7, #12]
200043d4:	68fb      	ldr	r3, [r7, #12]
200043d6:	f023 63ec 	bic.w	r3, r3, #123731968	@ 0x7600000
200043da:	60fb      	str	r3, [r7, #12]
200043dc:	687a      	ldr	r2, [r7, #4]
200043de:	683b      	ldr	r3, [r7, #0]
200043e0:	4313      	orrs	r3, r2
200043e2:	68fa      	ldr	r2, [r7, #12]
200043e4:	4313      	orrs	r3, r2
200043e6:	60fb      	str	r3, [r7, #12]
200043e8:	4a04      	ldr	r2, [pc, #16]	@ (200043fc <RCC_MCO1Config+0x3c>)
200043ea:	68fb      	ldr	r3, [r7, #12]
200043ec:	6093      	str	r3, [r2, #8]
200043ee:	bf00      	nop
200043f0:	3714      	adds	r7, #20
200043f2:	46bd      	mov	sp, r7
200043f4:	f85d 7b04 	ldr.w	r7, [sp], #4
200043f8:	4770      	bx	lr
200043fa:	bf00      	nop
200043fc:	40023800 	.word	0x40023800

20004400 <RCC_MCO2Config>:
20004400:	b480      	push	{r7}
20004402:	b085      	sub	sp, #20
20004404:	af00      	add	r7, sp, #0
20004406:	6078      	str	r0, [r7, #4]
20004408:	6039      	str	r1, [r7, #0]
2000440a:	2300      	movs	r3, #0
2000440c:	60fb      	str	r3, [r7, #12]
2000440e:	4b0b      	ldr	r3, [pc, #44]	@ (2000443c <RCC_MCO2Config+0x3c>)
20004410:	689b      	ldr	r3, [r3, #8]
20004412:	60fb      	str	r3, [r7, #12]
20004414:	68fb      	ldr	r3, [r7, #12]
20004416:	f023 4378 	bic.w	r3, r3, #4160749568	@ 0xf8000000
2000441a:	60fb      	str	r3, [r7, #12]
2000441c:	687a      	ldr	r2, [r7, #4]
2000441e:	683b      	ldr	r3, [r7, #0]
20004420:	4313      	orrs	r3, r2
20004422:	68fa      	ldr	r2, [r7, #12]
20004424:	4313      	orrs	r3, r2
20004426:	60fb      	str	r3, [r7, #12]
20004428:	4a04      	ldr	r2, [pc, #16]	@ (2000443c <RCC_MCO2Config+0x3c>)
2000442a:	68fb      	ldr	r3, [r7, #12]
2000442c:	6093      	str	r3, [r2, #8]
2000442e:	bf00      	nop
20004430:	3714      	adds	r7, #20
20004432:	46bd      	mov	sp, r7
20004434:	f85d 7b04 	ldr.w	r7, [sp], #4
20004438:	4770      	bx	lr
2000443a:	bf00      	nop
2000443c:	40023800 	.word	0x40023800

20004440 <RCC_SYSCLKConfig>:
20004440:	b480      	push	{r7}
20004442:	b085      	sub	sp, #20
20004444:	af00      	add	r7, sp, #0
20004446:	6078      	str	r0, [r7, #4]
20004448:	2300      	movs	r3, #0
2000444a:	60fb      	str	r3, [r7, #12]
2000444c:	4b09      	ldr	r3, [pc, #36]	@ (20004474 <RCC_SYSCLKConfig+0x34>)
2000444e:	689b      	ldr	r3, [r3, #8]
20004450:	60fb      	str	r3, [r7, #12]
20004452:	68fb      	ldr	r3, [r7, #12]
20004454:	f023 0303 	bic.w	r3, r3, #3
20004458:	60fb      	str	r3, [r7, #12]
2000445a:	68fa      	ldr	r2, [r7, #12]
2000445c:	687b      	ldr	r3, [r7, #4]
2000445e:	4313      	orrs	r3, r2
20004460:	60fb      	str	r3, [r7, #12]
20004462:	4a04      	ldr	r2, [pc, #16]	@ (20004474 <RCC_SYSCLKConfig+0x34>)
20004464:	68fb      	ldr	r3, [r7, #12]
20004466:	6093      	str	r3, [r2, #8]
20004468:	bf00      	nop
2000446a:	3714      	adds	r7, #20
2000446c:	46bd      	mov	sp, r7
2000446e:	f85d 7b04 	ldr.w	r7, [sp], #4
20004472:	4770      	bx	lr
20004474:	40023800 	.word	0x40023800

20004478 <RCC_GetSYSCLKSource>:
20004478:	b480      	push	{r7}
2000447a:	af00      	add	r7, sp, #0
2000447c:	4b05      	ldr	r3, [pc, #20]	@ (20004494 <RCC_GetSYSCLKSource+0x1c>)
2000447e:	689b      	ldr	r3, [r3, #8]
20004480:	b2db      	uxtb	r3, r3
20004482:	f003 030c 	and.w	r3, r3, #12
20004486:	b2db      	uxtb	r3, r3
20004488:	4618      	mov	r0, r3
2000448a:	46bd      	mov	sp, r7
2000448c:	f85d 7b04 	ldr.w	r7, [sp], #4
20004490:	4770      	bx	lr
20004492:	bf00      	nop
20004494:	40023800 	.word	0x40023800

20004498 <RCC_HCLKConfig>:
20004498:	b480      	push	{r7}
2000449a:	b085      	sub	sp, #20
2000449c:	af00      	add	r7, sp, #0
2000449e:	6078      	str	r0, [r7, #4]
200044a0:	2300      	movs	r3, #0
200044a2:	60fb      	str	r3, [r7, #12]
200044a4:	4b09      	ldr	r3, [pc, #36]	@ (200044cc <RCC_HCLKConfig+0x34>)
200044a6:	689b      	ldr	r3, [r3, #8]
200044a8:	60fb      	str	r3, [r7, #12]
200044aa:	68fb      	ldr	r3, [r7, #12]
200044ac:	f023 03f0 	bic.w	r3, r3, #240	@ 0xf0
200044b0:	60fb      	str	r3, [r7, #12]
200044b2:	68fa      	ldr	r2, [r7, #12]
200044b4:	687b      	ldr	r3, [r7, #4]
200044b6:	4313      	orrs	r3, r2
200044b8:	60fb      	str	r3, [r7, #12]
200044ba:	4a04      	ldr	r2, [pc, #16]	@ (200044cc <RCC_HCLKConfig+0x34>)
200044bc:	68fb      	ldr	r3, [r7, #12]
200044be:	6093      	str	r3, [r2, #8]
200044c0:	bf00      	nop
200044c2:	3714      	adds	r7, #20
200044c4:	46bd      	mov	sp, r7
200044c6:	f85d 7b04 	ldr.w	r7, [sp], #4
200044ca:	4770      	bx	lr
200044cc:	40023800 	.word	0x40023800

200044d0 <RCC_PCLK1Config>:
200044d0:	b480      	push	{r7}
200044d2:	b085      	sub	sp, #20
200044d4:	af00      	add	r7, sp, #0
200044d6:	6078      	str	r0, [r7, #4]
200044d8:	2300      	movs	r3, #0
200044da:	60fb      	str	r3, [r7, #12]
200044dc:	4b09      	ldr	r3, [pc, #36]	@ (20004504 <RCC_PCLK1Config+0x34>)
200044de:	689b      	ldr	r3, [r3, #8]
200044e0:	60fb      	str	r3, [r7, #12]
200044e2:	68fb      	ldr	r3, [r7, #12]
200044e4:	f423 53e0 	bic.w	r3, r3, #7168	@ 0x1c00
200044e8:	60fb      	str	r3, [r7, #12]
200044ea:	68fa      	ldr	r2, [r7, #12]
200044ec:	687b      	ldr	r3, [r7, #4]
200044ee:	4313      	orrs	r3, r2
200044f0:	60fb      	str	r3, [r7, #12]
200044f2:	4a04      	ldr	r2, [pc, #16]	@ (20004504 <RCC_PCLK1Config+0x34>)
200044f4:	68fb      	ldr	r3, [r7, #12]
200044f6:	6093      	str	r3, [r2, #8]
200044f8:	bf00      	nop
200044fa:	3714      	adds	r7, #20
200044fc:	46bd      	mov	sp, r7
200044fe:	f85d 7b04 	ldr.w	r7, [sp], #4
20004502:	4770      	bx	lr
20004504:	40023800 	.word	0x40023800

20004508 <RCC_PCLK2Config>:
20004508:	b480      	push	{r7}
2000450a:	b085      	sub	sp, #20
2000450c:	af00      	add	r7, sp, #0
2000450e:	6078      	str	r0, [r7, #4]
20004510:	2300      	movs	r3, #0
20004512:	60fb      	str	r3, [r7, #12]
20004514:	4b0a      	ldr	r3, [pc, #40]	@ (20004540 <RCC_PCLK2Config+0x38>)
20004516:	689b      	ldr	r3, [r3, #8]
20004518:	60fb      	str	r3, [r7, #12]
2000451a:	68fb      	ldr	r3, [r7, #12]
2000451c:	f423 4360 	bic.w	r3, r3, #57344	@ 0xe000
20004520:	60fb      	str	r3, [r7, #12]
20004522:	687b      	ldr	r3, [r7, #4]
20004524:	00db      	lsls	r3, r3, #3
20004526:	68fa      	ldr	r2, [r7, #12]
20004528:	4313      	orrs	r3, r2
2000452a:	60fb      	str	r3, [r7, #12]
2000452c:	4a04      	ldr	r2, [pc, #16]	@ (20004540 <RCC_PCLK2Config+0x38>)
2000452e:	68fb      	ldr	r3, [r7, #12]
20004530:	6093      	str	r3, [r2, #8]
20004532:	bf00      	nop
20004534:	3714      	adds	r7, #20
20004536:	46bd      	mov	sp, r7
20004538:	f85d 7b04 	ldr.w	r7, [sp], #4
2000453c:	4770      	bx	lr
2000453e:	bf00      	nop
20004540:	40023800 	.word	0x40023800

20004544 <RCC_GetClocksFreq>:
20004544:	b480      	push	{r7}
20004546:	b089      	sub	sp, #36	@ 0x24
20004548:	af00      	add	r7, sp, #0
2000454a:	6078      	str	r0, [r7, #4]
2000454c:	2300      	movs	r3, #0
2000454e:	61bb      	str	r3, [r7, #24]
20004550:	2300      	movs	r3, #0
20004552:	617b      	str	r3, [r7, #20]
20004554:	2300      	movs	r3, #0
20004556:	61fb      	str	r3, [r7, #28]
20004558:	2302      	movs	r3, #2
2000455a:	613b      	str	r3, [r7, #16]
2000455c:	2300      	movs	r3, #0
2000455e:	60fb      	str	r3, [r7, #12]
20004560:	2302      	movs	r3, #2
20004562:	60bb      	str	r3, [r7, #8]
20004564:	4b4a      	ldr	r3, [pc, #296]	@ (20004690 <RCC_GetClocksFreq+0x14c>)
20004566:	689b      	ldr	r3, [r3, #8]
20004568:	f003 030c 	and.w	r3, r3, #12
2000456c:	61bb      	str	r3, [r7, #24]
2000456e:	69bb      	ldr	r3, [r7, #24]
20004570:	2b08      	cmp	r3, #8
20004572:	d011      	beq.n	20004598 <RCC_GetClocksFreq+0x54>
20004574:	69bb      	ldr	r3, [r7, #24]
20004576:	2b08      	cmp	r3, #8
20004578:	d844      	bhi.n	20004604 <RCC_GetClocksFreq+0xc0>
2000457a:	69bb      	ldr	r3, [r7, #24]
2000457c:	2b00      	cmp	r3, #0
2000457e:	d003      	beq.n	20004588 <RCC_GetClocksFreq+0x44>
20004580:	69bb      	ldr	r3, [r7, #24]
20004582:	2b04      	cmp	r3, #4
20004584:	d004      	beq.n	20004590 <RCC_GetClocksFreq+0x4c>
20004586:	e03d      	b.n	20004604 <RCC_GetClocksFreq+0xc0>
20004588:	687b      	ldr	r3, [r7, #4]
2000458a:	4a42      	ldr	r2, [pc, #264]	@ (20004694 <RCC_GetClocksFreq+0x150>)
2000458c:	601a      	str	r2, [r3, #0]
2000458e:	e03d      	b.n	2000460c <RCC_GetClocksFreq+0xc8>
20004590:	687b      	ldr	r3, [r7, #4]
20004592:	4a41      	ldr	r2, [pc, #260]	@ (20004698 <RCC_GetClocksFreq+0x154>)
20004594:	601a      	str	r2, [r3, #0]
20004596:	e039      	b.n	2000460c <RCC_GetClocksFreq+0xc8>
20004598:	4b3d      	ldr	r3, [pc, #244]	@ (20004690 <RCC_GetClocksFreq+0x14c>)
2000459a:	685b      	ldr	r3, [r3, #4]
2000459c:	0d9b      	lsrs	r3, r3, #22
2000459e:	f003 0301 	and.w	r3, r3, #1
200045a2:	60fb      	str	r3, [r7, #12]
200045a4:	4b3a      	ldr	r3, [pc, #232]	@ (20004690 <RCC_GetClocksFreq+0x14c>)
200045a6:	685b      	ldr	r3, [r3, #4]
200045a8:	f003 033f 	and.w	r3, r3, #63	@ 0x3f
200045ac:	60bb      	str	r3, [r7, #8]
200045ae:	68fb      	ldr	r3, [r7, #12]
200045b0:	2b00      	cmp	r3, #0
200045b2:	d00c      	beq.n	200045ce <RCC_GetClocksFreq+0x8a>
200045b4:	4a38      	ldr	r2, [pc, #224]	@ (20004698 <RCC_GetClocksFreq+0x154>)
200045b6:	68bb      	ldr	r3, [r7, #8]
200045b8:	fbb2 f3f3 	udiv	r3, r2, r3
200045bc:	4a34      	ldr	r2, [pc, #208]	@ (20004690 <RCC_GetClocksFreq+0x14c>)
200045be:	6852      	ldr	r2, [r2, #4]
200045c0:	0992      	lsrs	r2, r2, #6
200045c2:	f3c2 0208 	ubfx	r2, r2, #0, #9
200045c6:	fb02 f303 	mul.w	r3, r2, r3
200045ca:	61fb      	str	r3, [r7, #28]
200045cc:	e00b      	b.n	200045e6 <RCC_GetClocksFreq+0xa2>
200045ce:	4a31      	ldr	r2, [pc, #196]	@ (20004694 <RCC_GetClocksFreq+0x150>)
200045d0:	68bb      	ldr	r3, [r7, #8]
200045d2:	fbb2 f3f3 	udiv	r3, r2, r3
200045d6:	4a2e      	ldr	r2, [pc, #184]	@ (20004690 <RCC_GetClocksFreq+0x14c>)
200045d8:	6852      	ldr	r2, [r2, #4]
200045da:	0992      	lsrs	r2, r2, #6
200045dc:	f3c2 0208 	ubfx	r2, r2, #0, #9
200045e0:	fb02 f303 	mul.w	r3, r2, r3
200045e4:	61fb      	str	r3, [r7, #28]
200045e6:	4b2a      	ldr	r3, [pc, #168]	@ (20004690 <RCC_GetClocksFreq+0x14c>)
200045e8:	685b      	ldr	r3, [r3, #4]
200045ea:	0c1b      	lsrs	r3, r3, #16
200045ec:	f003 0303 	and.w	r3, r3, #3
200045f0:	3301      	adds	r3, #1
200045f2:	005b      	lsls	r3, r3, #1
200045f4:	613b      	str	r3, [r7, #16]
200045f6:	69fa      	ldr	r2, [r7, #28]
200045f8:	693b      	ldr	r3, [r7, #16]
200045fa:	fbb2 f2f3 	udiv	r2, r2, r3
200045fe:	687b      	ldr	r3, [r7, #4]
20004600:	601a      	str	r2, [r3, #0]
20004602:	e003      	b.n	2000460c <RCC_GetClocksFreq+0xc8>
20004604:	687b      	ldr	r3, [r7, #4]
20004606:	4a23      	ldr	r2, [pc, #140]	@ (20004694 <RCC_GetClocksFreq+0x150>)
20004608:	601a      	str	r2, [r3, #0]
2000460a:	bf00      	nop
2000460c:	4b20      	ldr	r3, [pc, #128]	@ (20004690 <RCC_GetClocksFreq+0x14c>)
2000460e:	689b      	ldr	r3, [r3, #8]
20004610:	f003 03f0 	and.w	r3, r3, #240	@ 0xf0
20004614:	61bb      	str	r3, [r7, #24]
20004616:	69bb      	ldr	r3, [r7, #24]
20004618:	091b      	lsrs	r3, r3, #4
2000461a:	61bb      	str	r3, [r7, #24]
2000461c:	4a1f      	ldr	r2, [pc, #124]	@ (2000469c <RCC_GetClocksFreq+0x158>)
2000461e:	69bb      	ldr	r3, [r7, #24]
20004620:	4413      	add	r3, r2
20004622:	781b      	ldrb	r3, [r3, #0]
20004624:	b2db      	uxtb	r3, r3
20004626:	617b      	str	r3, [r7, #20]
20004628:	687b      	ldr	r3, [r7, #4]
2000462a:	681a      	ldr	r2, [r3, #0]
2000462c:	697b      	ldr	r3, [r7, #20]
2000462e:	40da      	lsrs	r2, r3
20004630:	687b      	ldr	r3, [r7, #4]
20004632:	605a      	str	r2, [r3, #4]
20004634:	4b16      	ldr	r3, [pc, #88]	@ (20004690 <RCC_GetClocksFreq+0x14c>)
20004636:	689b      	ldr	r3, [r3, #8]
20004638:	f403 53e0 	and.w	r3, r3, #7168	@ 0x1c00
2000463c:	61bb      	str	r3, [r7, #24]
2000463e:	69bb      	ldr	r3, [r7, #24]
20004640:	0a9b      	lsrs	r3, r3, #10
20004642:	61bb      	str	r3, [r7, #24]
20004644:	4a15      	ldr	r2, [pc, #84]	@ (2000469c <RCC_GetClocksFreq+0x158>)
20004646:	69bb      	ldr	r3, [r7, #24]
20004648:	4413      	add	r3, r2
2000464a:	781b      	ldrb	r3, [r3, #0]
2000464c:	b2db      	uxtb	r3, r3
2000464e:	617b      	str	r3, [r7, #20]
20004650:	687b      	ldr	r3, [r7, #4]
20004652:	685a      	ldr	r2, [r3, #4]
20004654:	697b      	ldr	r3, [r7, #20]
20004656:	40da      	lsrs	r2, r3
20004658:	687b      	ldr	r3, [r7, #4]
2000465a:	609a      	str	r2, [r3, #8]
2000465c:	4b0c      	ldr	r3, [pc, #48]	@ (20004690 <RCC_GetClocksFreq+0x14c>)
2000465e:	689b      	ldr	r3, [r3, #8]
20004660:	f403 4360 	and.w	r3, r3, #57344	@ 0xe000
20004664:	61bb      	str	r3, [r7, #24]
20004666:	69bb      	ldr	r3, [r7, #24]
20004668:	0b5b      	lsrs	r3, r3, #13
2000466a:	61bb      	str	r3, [r7, #24]
2000466c:	4a0b      	ldr	r2, [pc, #44]	@ (2000469c <RCC_GetClocksFreq+0x158>)
2000466e:	69bb      	ldr	r3, [r7, #24]
20004670:	4413      	add	r3, r2
20004672:	781b      	ldrb	r3, [r3, #0]
20004674:	b2db      	uxtb	r3, r3
20004676:	617b      	str	r3, [r7, #20]
20004678:	687b      	ldr	r3, [r7, #4]
2000467a:	685a      	ldr	r2, [r3, #4]
2000467c:	697b      	ldr	r3, [r7, #20]
2000467e:	40da      	lsrs	r2, r3
20004680:	687b      	ldr	r3, [r7, #4]
20004682:	60da      	str	r2, [r3, #12]
20004684:	bf00      	nop
20004686:	3724      	adds	r7, #36	@ 0x24
20004688:	46bd      	mov	sp, r7
2000468a:	f85d 7b04 	ldr.w	r7, [sp], #4
2000468e:	4770      	bx	lr
20004690:	40023800 	.word	0x40023800
20004694:	00f42400 	.word	0x00f42400
20004698:	007a1200 	.word	0x007a1200
2000469c:	20008480 	.word	0x20008480

200046a0 <RCC_RTCCLKConfig>:
200046a0:	b480      	push	{r7}
200046a2:	b085      	sub	sp, #20
200046a4:	af00      	add	r7, sp, #0
200046a6:	6078      	str	r0, [r7, #4]
200046a8:	2300      	movs	r3, #0
200046aa:	60fb      	str	r3, [r7, #12]
200046ac:	687b      	ldr	r3, [r7, #4]
200046ae:	f403 7340 	and.w	r3, r3, #768	@ 0x300
200046b2:	f5b3 7f40 	cmp.w	r3, #768	@ 0x300
200046b6:	d111      	bne.n	200046dc <RCC_RTCCLKConfig+0x3c>
200046b8:	4b0f      	ldr	r3, [pc, #60]	@ (200046f8 <RCC_RTCCLKConfig+0x58>)
200046ba:	689b      	ldr	r3, [r3, #8]
200046bc:	60fb      	str	r3, [r7, #12]
200046be:	68fb      	ldr	r3, [r7, #12]
200046c0:	f423 13f8 	bic.w	r3, r3, #2031616	@ 0x1f0000
200046c4:	60fb      	str	r3, [r7, #12]
200046c6:	687b      	ldr	r3, [r7, #4]
200046c8:	f023 4370 	bic.w	r3, r3, #4026531840	@ 0xf0000000
200046cc:	f423 7340 	bic.w	r3, r3, #768	@ 0x300
200046d0:	68fa      	ldr	r2, [r7, #12]
200046d2:	4313      	orrs	r3, r2
200046d4:	60fb      	str	r3, [r7, #12]
200046d6:	4a08      	ldr	r2, [pc, #32]	@ (200046f8 <RCC_RTCCLKConfig+0x58>)
200046d8:	68fb      	ldr	r3, [r7, #12]
200046da:	6093      	str	r3, [r2, #8]
200046dc:	4b06      	ldr	r3, [pc, #24]	@ (200046f8 <RCC_RTCCLKConfig+0x58>)
200046de:	6f1a      	ldr	r2, [r3, #112]	@ 0x70
200046e0:	687b      	ldr	r3, [r7, #4]
200046e2:	f3c3 030b 	ubfx	r3, r3, #0, #12
200046e6:	4904      	ldr	r1, [pc, #16]	@ (200046f8 <RCC_RTCCLKConfig+0x58>)
200046e8:	4313      	orrs	r3, r2
200046ea:	670b      	str	r3, [r1, #112]	@ 0x70
200046ec:	bf00      	nop
200046ee:	3714      	adds	r7, #20
200046f0:	46bd      	mov	sp, r7
200046f2:	f85d 7b04 	ldr.w	r7, [sp], #4
200046f6:	4770      	bx	lr
200046f8:	40023800 	.word	0x40023800

200046fc <RCC_RTCCLKCmd>:
200046fc:	b480      	push	{r7}
200046fe:	b083      	sub	sp, #12
20004700:	af00      	add	r7, sp, #0
20004702:	4603      	mov	r3, r0
20004704:	71fb      	strb	r3, [r7, #7]
20004706:	4a04      	ldr	r2, [pc, #16]	@ (20004718 <RCC_RTCCLKCmd+0x1c>)
20004708:	79fb      	ldrb	r3, [r7, #7]
2000470a:	6013      	str	r3, [r2, #0]
2000470c:	bf00      	nop
2000470e:	370c      	adds	r7, #12
20004710:	46bd      	mov	sp, r7
20004712:	f85d 7b04 	ldr.w	r7, [sp], #4
20004716:	4770      	bx	lr
20004718:	42470e3c 	.word	0x42470e3c

2000471c <RCC_BackupResetCmd>:
2000471c:	b480      	push	{r7}
2000471e:	b083      	sub	sp, #12
20004720:	af00      	add	r7, sp, #0
20004722:	4603      	mov	r3, r0
20004724:	71fb      	strb	r3, [r7, #7]
20004726:	4a04      	ldr	r2, [pc, #16]	@ (20004738 <RCC_BackupResetCmd+0x1c>)
20004728:	79fb      	ldrb	r3, [r7, #7]
2000472a:	6013      	str	r3, [r2, #0]
2000472c:	bf00      	nop
2000472e:	370c      	adds	r7, #12
20004730:	46bd      	mov	sp, r7
20004732:	f85d 7b04 	ldr.w	r7, [sp], #4
20004736:	4770      	bx	lr
20004738:	42470e40 	.word	0x42470e40

2000473c <RCC_I2SCLKConfig>:
2000473c:	b480      	push	{r7}
2000473e:	b083      	sub	sp, #12
20004740:	af00      	add	r7, sp, #0
20004742:	6078      	str	r0, [r7, #4]
20004744:	4a04      	ldr	r2, [pc, #16]	@ (20004758 <RCC_I2SCLKConfig+0x1c>)
20004746:	687b      	ldr	r3, [r7, #4]
20004748:	6013      	str	r3, [r2, #0]
2000474a:	bf00      	nop
2000474c:	370c      	adds	r7, #12
2000474e:	46bd      	mov	sp, r7
20004750:	f85d 7b04 	ldr.w	r7, [sp], #4
20004754:	4770      	bx	lr
20004756:	bf00      	nop
20004758:	4247015c 	.word	0x4247015c

2000475c <RCC_SAIPLLI2SClkDivConfig>:
2000475c:	b480      	push	{r7}
2000475e:	b085      	sub	sp, #20
20004760:	af00      	add	r7, sp, #0
20004762:	6078      	str	r0, [r7, #4]
20004764:	2300      	movs	r3, #0
20004766:	60fb      	str	r3, [r7, #12]
20004768:	4b0b      	ldr	r3, [pc, #44]	@ (20004798 <RCC_SAIPLLI2SClkDivConfig+0x3c>)
2000476a:	f8d3 308c 	ldr.w	r3, [r3, #140]	@ 0x8c
2000476e:	60fb      	str	r3, [r7, #12]
20004770:	68fb      	ldr	r3, [r7, #12]
20004772:	f023 031f 	bic.w	r3, r3, #31
20004776:	60fb      	str	r3, [r7, #12]
20004778:	687b      	ldr	r3, [r7, #4]
2000477a:	3b01      	subs	r3, #1
2000477c:	68fa      	ldr	r2, [r7, #12]
2000477e:	4313      	orrs	r3, r2
20004780:	60fb      	str	r3, [r7, #12]
20004782:	4a05      	ldr	r2, [pc, #20]	@ (20004798 <RCC_SAIPLLI2SClkDivConfig+0x3c>)
20004784:	68fb      	ldr	r3, [r7, #12]
20004786:	f8c2 308c 	str.w	r3, [r2, #140]	@ 0x8c
2000478a:	bf00      	nop
2000478c:	3714      	adds	r7, #20
2000478e:	46bd      	mov	sp, r7
20004790:	f85d 7b04 	ldr.w	r7, [sp], #4
20004794:	4770      	bx	lr
20004796:	bf00      	nop
20004798:	40023800 	.word	0x40023800

2000479c <RCC_SAIPLLSAIClkDivConfig>:
2000479c:	b480      	push	{r7}
2000479e:	b085      	sub	sp, #20
200047a0:	af00      	add	r7, sp, #0
200047a2:	6078      	str	r0, [r7, #4]
200047a4:	2300      	movs	r3, #0
200047a6:	60fb      	str	r3, [r7, #12]
200047a8:	4b0b      	ldr	r3, [pc, #44]	@ (200047d8 <RCC_SAIPLLSAIClkDivConfig+0x3c>)
200047aa:	f8d3 308c 	ldr.w	r3, [r3, #140]	@ 0x8c
200047ae:	60fb      	str	r3, [r7, #12]
200047b0:	68fb      	ldr	r3, [r7, #12]
200047b2:	f423 53f8 	bic.w	r3, r3, #7936	@ 0x1f00
200047b6:	60fb      	str	r3, [r7, #12]
200047b8:	687b      	ldr	r3, [r7, #4]
200047ba:	3b01      	subs	r3, #1
200047bc:	021b      	lsls	r3, r3, #8
200047be:	68fa      	ldr	r2, [r7, #12]
200047c0:	4313      	orrs	r3, r2
200047c2:	60fb      	str	r3, [r7, #12]
200047c4:	4a04      	ldr	r2, [pc, #16]	@ (200047d8 <RCC_SAIPLLSAIClkDivConfig+0x3c>)
200047c6:	68fb      	ldr	r3, [r7, #12]
200047c8:	f8c2 308c 	str.w	r3, [r2, #140]	@ 0x8c
200047cc:	bf00      	nop
200047ce:	3714      	adds	r7, #20
200047d0:	46bd      	mov	sp, r7
200047d2:	f85d 7b04 	ldr.w	r7, [sp], #4
200047d6:	4770      	bx	lr
200047d8:	40023800 	.word	0x40023800

200047dc <RCC_SAIBlockACLKConfig>:
200047dc:	b480      	push	{r7}
200047de:	b085      	sub	sp, #20
200047e0:	af00      	add	r7, sp, #0
200047e2:	6078      	str	r0, [r7, #4]
200047e4:	2300      	movs	r3, #0
200047e6:	60fb      	str	r3, [r7, #12]
200047e8:	4b0a      	ldr	r3, [pc, #40]	@ (20004814 <RCC_SAIBlockACLKConfig+0x38>)
200047ea:	f8d3 308c 	ldr.w	r3, [r3, #140]	@ 0x8c
200047ee:	60fb      	str	r3, [r7, #12]
200047f0:	68fb      	ldr	r3, [r7, #12]
200047f2:	f423 1340 	bic.w	r3, r3, #3145728	@ 0x300000
200047f6:	60fb      	str	r3, [r7, #12]
200047f8:	68fa      	ldr	r2, [r7, #12]
200047fa:	687b      	ldr	r3, [r7, #4]
200047fc:	4313      	orrs	r3, r2
200047fe:	60fb      	str	r3, [r7, #12]
20004800:	4a04      	ldr	r2, [pc, #16]	@ (20004814 <RCC_SAIBlockACLKConfig+0x38>)
20004802:	68fb      	ldr	r3, [r7, #12]
20004804:	f8c2 308c 	str.w	r3, [r2, #140]	@ 0x8c
20004808:	bf00      	nop
2000480a:	3714      	adds	r7, #20
2000480c:	46bd      	mov	sp, r7
2000480e:	f85d 7b04 	ldr.w	r7, [sp], #4
20004812:	4770      	bx	lr
20004814:	40023800 	.word	0x40023800

20004818 <RCC_SAIBlockBCLKConfig>:
20004818:	b480      	push	{r7}
2000481a:	b085      	sub	sp, #20
2000481c:	af00      	add	r7, sp, #0
2000481e:	6078      	str	r0, [r7, #4]
20004820:	2300      	movs	r3, #0
20004822:	60fb      	str	r3, [r7, #12]
20004824:	4b0a      	ldr	r3, [pc, #40]	@ (20004850 <RCC_SAIBlockBCLKConfig+0x38>)
20004826:	f8d3 308c 	ldr.w	r3, [r3, #140]	@ 0x8c
2000482a:	60fb      	str	r3, [r7, #12]
2000482c:	68fb      	ldr	r3, [r7, #12]
2000482e:	f423 0340 	bic.w	r3, r3, #12582912	@ 0xc00000
20004832:	60fb      	str	r3, [r7, #12]
20004834:	68fa      	ldr	r2, [r7, #12]
20004836:	687b      	ldr	r3, [r7, #4]
20004838:	4313      	orrs	r3, r2
2000483a:	60fb      	str	r3, [r7, #12]
2000483c:	4a04      	ldr	r2, [pc, #16]	@ (20004850 <RCC_SAIBlockBCLKConfig+0x38>)
2000483e:	68fb      	ldr	r3, [r7, #12]
20004840:	f8c2 308c 	str.w	r3, [r2, #140]	@ 0x8c
20004844:	bf00      	nop
20004846:	3714      	adds	r7, #20
20004848:	46bd      	mov	sp, r7
2000484a:	f85d 7b04 	ldr.w	r7, [sp], #4
2000484e:	4770      	bx	lr
20004850:	40023800 	.word	0x40023800

20004854 <RCC_LTDCCLKDivConfig>:
20004854:	b480      	push	{r7}
20004856:	b085      	sub	sp, #20
20004858:	af00      	add	r7, sp, #0
2000485a:	6078      	str	r0, [r7, #4]
2000485c:	2300      	movs	r3, #0
2000485e:	60fb      	str	r3, [r7, #12]
20004860:	4b0a      	ldr	r3, [pc, #40]	@ (2000488c <RCC_LTDCCLKDivConfig+0x38>)
20004862:	f8d3 308c 	ldr.w	r3, [r3, #140]	@ 0x8c
20004866:	60fb      	str	r3, [r7, #12]
20004868:	68fb      	ldr	r3, [r7, #12]
2000486a:	f423 3340 	bic.w	r3, r3, #196608	@ 0x30000
2000486e:	60fb      	str	r3, [r7, #12]
20004870:	68fa      	ldr	r2, [r7, #12]
20004872:	687b      	ldr	r3, [r7, #4]
20004874:	4313      	orrs	r3, r2
20004876:	60fb      	str	r3, [r7, #12]
20004878:	4a04      	ldr	r2, [pc, #16]	@ (2000488c <RCC_LTDCCLKDivConfig+0x38>)
2000487a:	68fb      	ldr	r3, [r7, #12]
2000487c:	f8c2 308c 	str.w	r3, [r2, #140]	@ 0x8c
20004880:	bf00      	nop
20004882:	3714      	adds	r7, #20
20004884:	46bd      	mov	sp, r7
20004886:	f85d 7b04 	ldr.w	r7, [sp], #4
2000488a:	4770      	bx	lr
2000488c:	40023800 	.word	0x40023800

20004890 <RCC_TIMCLKPresConfig>:
20004890:	b480      	push	{r7}
20004892:	b083      	sub	sp, #12
20004894:	af00      	add	r7, sp, #0
20004896:	6078      	str	r0, [r7, #4]
20004898:	4a04      	ldr	r2, [pc, #16]	@ (200048ac <RCC_TIMCLKPresConfig+0x1c>)
2000489a:	687b      	ldr	r3, [r7, #4]
2000489c:	6013      	str	r3, [r2, #0]
2000489e:	bf00      	nop
200048a0:	370c      	adds	r7, #12
200048a2:	46bd      	mov	sp, r7
200048a4:	f85d 7b04 	ldr.w	r7, [sp], #4
200048a8:	4770      	bx	lr
200048aa:	bf00      	nop
200048ac:	424711e0 	.word	0x424711e0

200048b0 <RCC_AHB1PeriphClockCmd>:
200048b0:	b480      	push	{r7}
200048b2:	b083      	sub	sp, #12
200048b4:	af00      	add	r7, sp, #0
200048b6:	6078      	str	r0, [r7, #4]
200048b8:	460b      	mov	r3, r1
200048ba:	70fb      	strb	r3, [r7, #3]
200048bc:	78fb      	ldrb	r3, [r7, #3]
200048be:	2b00      	cmp	r3, #0
200048c0:	d006      	beq.n	200048d0 <RCC_AHB1PeriphClockCmd+0x20>
200048c2:	4b0a      	ldr	r3, [pc, #40]	@ (200048ec <RCC_AHB1PeriphClockCmd+0x3c>)
200048c4:	6b1a      	ldr	r2, [r3, #48]	@ 0x30
200048c6:	4909      	ldr	r1, [pc, #36]	@ (200048ec <RCC_AHB1PeriphClockCmd+0x3c>)
200048c8:	687b      	ldr	r3, [r7, #4]
200048ca:	4313      	orrs	r3, r2
200048cc:	630b      	str	r3, [r1, #48]	@ 0x30
200048ce:	e006      	b.n	200048de <RCC_AHB1PeriphClockCmd+0x2e>
200048d0:	4b06      	ldr	r3, [pc, #24]	@ (200048ec <RCC_AHB1PeriphClockCmd+0x3c>)
200048d2:	6b1a      	ldr	r2, [r3, #48]	@ 0x30
200048d4:	687b      	ldr	r3, [r7, #4]
200048d6:	43db      	mvns	r3, r3
200048d8:	4904      	ldr	r1, [pc, #16]	@ (200048ec <RCC_AHB1PeriphClockCmd+0x3c>)
200048da:	4013      	ands	r3, r2
200048dc:	630b      	str	r3, [r1, #48]	@ 0x30
200048de:	bf00      	nop
200048e0:	370c      	adds	r7, #12
200048e2:	46bd      	mov	sp, r7
200048e4:	f85d 7b04 	ldr.w	r7, [sp], #4
200048e8:	4770      	bx	lr
200048ea:	bf00      	nop
200048ec:	40023800 	.word	0x40023800

200048f0 <RCC_AHB2PeriphClockCmd>:
200048f0:	b480      	push	{r7}
200048f2:	b083      	sub	sp, #12
200048f4:	af00      	add	r7, sp, #0
200048f6:	6078      	str	r0, [r7, #4]
200048f8:	460b      	mov	r3, r1
200048fa:	70fb      	strb	r3, [r7, #3]
200048fc:	78fb      	ldrb	r3, [r7, #3]
200048fe:	2b00      	cmp	r3, #0
20004900:	d006      	beq.n	20004910 <RCC_AHB2PeriphClockCmd+0x20>
20004902:	4b0a      	ldr	r3, [pc, #40]	@ (2000492c <RCC_AHB2PeriphClockCmd+0x3c>)
20004904:	6b5a      	ldr	r2, [r3, #52]	@ 0x34
20004906:	4909      	ldr	r1, [pc, #36]	@ (2000492c <RCC_AHB2PeriphClockCmd+0x3c>)
20004908:	687b      	ldr	r3, [r7, #4]
2000490a:	4313      	orrs	r3, r2
2000490c:	634b      	str	r3, [r1, #52]	@ 0x34
2000490e:	e006      	b.n	2000491e <RCC_AHB2PeriphClockCmd+0x2e>
20004910:	4b06      	ldr	r3, [pc, #24]	@ (2000492c <RCC_AHB2PeriphClockCmd+0x3c>)
20004912:	6b5a      	ldr	r2, [r3, #52]	@ 0x34
20004914:	687b      	ldr	r3, [r7, #4]
20004916:	43db      	mvns	r3, r3
20004918:	4904      	ldr	r1, [pc, #16]	@ (2000492c <RCC_AHB2PeriphClockCmd+0x3c>)
2000491a:	4013      	ands	r3, r2
2000491c:	634b      	str	r3, [r1, #52]	@ 0x34
2000491e:	bf00      	nop
20004920:	370c      	adds	r7, #12
20004922:	46bd      	mov	sp, r7
20004924:	f85d 7b04 	ldr.w	r7, [sp], #4
20004928:	4770      	bx	lr
2000492a:	bf00      	nop
2000492c:	40023800 	.word	0x40023800

20004930 <RCC_AHB3PeriphClockCmd>:
20004930:	b480      	push	{r7}
20004932:	b083      	sub	sp, #12
20004934:	af00      	add	r7, sp, #0
20004936:	6078      	str	r0, [r7, #4]
20004938:	460b      	mov	r3, r1
2000493a:	70fb      	strb	r3, [r7, #3]
2000493c:	78fb      	ldrb	r3, [r7, #3]
2000493e:	2b00      	cmp	r3, #0
20004940:	d006      	beq.n	20004950 <RCC_AHB3PeriphClockCmd+0x20>
20004942:	4b0a      	ldr	r3, [pc, #40]	@ (2000496c <RCC_AHB3PeriphClockCmd+0x3c>)
20004944:	6b9a      	ldr	r2, [r3, #56]	@ 0x38
20004946:	4909      	ldr	r1, [pc, #36]	@ (2000496c <RCC_AHB3PeriphClockCmd+0x3c>)
20004948:	687b      	ldr	r3, [r7, #4]
2000494a:	4313      	orrs	r3, r2
2000494c:	638b      	str	r3, [r1, #56]	@ 0x38
2000494e:	e006      	b.n	2000495e <RCC_AHB3PeriphClockCmd+0x2e>
20004950:	4b06      	ldr	r3, [pc, #24]	@ (2000496c <RCC_AHB3PeriphClockCmd+0x3c>)
20004952:	6b9a      	ldr	r2, [r3, #56]	@ 0x38
20004954:	687b      	ldr	r3, [r7, #4]
20004956:	43db      	mvns	r3, r3
20004958:	4904      	ldr	r1, [pc, #16]	@ (2000496c <RCC_AHB3PeriphClockCmd+0x3c>)
2000495a:	4013      	ands	r3, r2
2000495c:	638b      	str	r3, [r1, #56]	@ 0x38
2000495e:	bf00      	nop
20004960:	370c      	adds	r7, #12
20004962:	46bd      	mov	sp, r7
20004964:	f85d 7b04 	ldr.w	r7, [sp], #4
20004968:	4770      	bx	lr
2000496a:	bf00      	nop
2000496c:	40023800 	.word	0x40023800

20004970 <RCC_APB1PeriphClockCmd>:
20004970:	b480      	push	{r7}
20004972:	b083      	sub	sp, #12
20004974:	af00      	add	r7, sp, #0
20004976:	6078      	str	r0, [r7, #4]
20004978:	460b      	mov	r3, r1
2000497a:	70fb      	strb	r3, [r7, #3]
2000497c:	78fb      	ldrb	r3, [r7, #3]
2000497e:	2b00      	cmp	r3, #0
20004980:	d006      	beq.n	20004990 <RCC_APB1PeriphClockCmd+0x20>
20004982:	4b0a      	ldr	r3, [pc, #40]	@ (200049ac <RCC_APB1PeriphClockCmd+0x3c>)
20004984:	6c1a      	ldr	r2, [r3, #64]	@ 0x40
20004986:	4909      	ldr	r1, [pc, #36]	@ (200049ac <RCC_APB1PeriphClockCmd+0x3c>)
20004988:	687b      	ldr	r3, [r7, #4]
2000498a:	4313      	orrs	r3, r2
2000498c:	640b      	str	r3, [r1, #64]	@ 0x40
2000498e:	e006      	b.n	2000499e <RCC_APB1PeriphClockCmd+0x2e>
20004990:	4b06      	ldr	r3, [pc, #24]	@ (200049ac <RCC_APB1PeriphClockCmd+0x3c>)
20004992:	6c1a      	ldr	r2, [r3, #64]	@ 0x40
20004994:	687b      	ldr	r3, [r7, #4]
20004996:	43db      	mvns	r3, r3
20004998:	4904      	ldr	r1, [pc, #16]	@ (200049ac <RCC_APB1PeriphClockCmd+0x3c>)
2000499a:	4013      	ands	r3, r2
2000499c:	640b      	str	r3, [r1, #64]	@ 0x40
2000499e:	bf00      	nop
200049a0:	370c      	adds	r7, #12
200049a2:	46bd      	mov	sp, r7
200049a4:	f85d 7b04 	ldr.w	r7, [sp], #4
200049a8:	4770      	bx	lr
200049aa:	bf00      	nop
200049ac:	40023800 	.word	0x40023800

200049b0 <RCC_APB2PeriphClockCmd>:
200049b0:	b480      	push	{r7}
200049b2:	b083      	sub	sp, #12
200049b4:	af00      	add	r7, sp, #0
200049b6:	6078      	str	r0, [r7, #4]
200049b8:	460b      	mov	r3, r1
200049ba:	70fb      	strb	r3, [r7, #3]
200049bc:	78fb      	ldrb	r3, [r7, #3]
200049be:	2b00      	cmp	r3, #0
200049c0:	d006      	beq.n	200049d0 <RCC_APB2PeriphClockCmd+0x20>
200049c2:	4b0a      	ldr	r3, [pc, #40]	@ (200049ec <RCC_APB2PeriphClockCmd+0x3c>)
200049c4:	6c5a      	ldr	r2, [r3, #68]	@ 0x44
200049c6:	4909      	ldr	r1, [pc, #36]	@ (200049ec <RCC_APB2PeriphClockCmd+0x3c>)
200049c8:	687b      	ldr	r3, [r7, #4]
200049ca:	4313      	orrs	r3, r2
200049cc:	644b      	str	r3, [r1, #68]	@ 0x44
200049ce:	e006      	b.n	200049de <RCC_APB2PeriphClockCmd+0x2e>
200049d0:	4b06      	ldr	r3, [pc, #24]	@ (200049ec <RCC_APB2PeriphClockCmd+0x3c>)
200049d2:	6c5a      	ldr	r2, [r3, #68]	@ 0x44
200049d4:	687b      	ldr	r3, [r7, #4]
200049d6:	43db      	mvns	r3, r3
200049d8:	4904      	ldr	r1, [pc, #16]	@ (200049ec <RCC_APB2PeriphClockCmd+0x3c>)
200049da:	4013      	ands	r3, r2
200049dc:	644b      	str	r3, [r1, #68]	@ 0x44
200049de:	bf00      	nop
200049e0:	370c      	adds	r7, #12
200049e2:	46bd      	mov	sp, r7
200049e4:	f85d 7b04 	ldr.w	r7, [sp], #4
200049e8:	4770      	bx	lr
200049ea:	bf00      	nop
200049ec:	40023800 	.word	0x40023800

200049f0 <RCC_AHB1PeriphResetCmd>:
200049f0:	b480      	push	{r7}
200049f2:	b083      	sub	sp, #12
200049f4:	af00      	add	r7, sp, #0
200049f6:	6078      	str	r0, [r7, #4]
200049f8:	460b      	mov	r3, r1
200049fa:	70fb      	strb	r3, [r7, #3]
200049fc:	78fb      	ldrb	r3, [r7, #3]
200049fe:	2b00      	cmp	r3, #0
20004a00:	d006      	beq.n	20004a10 <RCC_AHB1PeriphResetCmd+0x20>
20004a02:	4b0a      	ldr	r3, [pc, #40]	@ (20004a2c <RCC_AHB1PeriphResetCmd+0x3c>)
20004a04:	691a      	ldr	r2, [r3, #16]
20004a06:	4909      	ldr	r1, [pc, #36]	@ (20004a2c <RCC_AHB1PeriphResetCmd+0x3c>)
20004a08:	687b      	ldr	r3, [r7, #4]
20004a0a:	4313      	orrs	r3, r2
20004a0c:	610b      	str	r3, [r1, #16]
20004a0e:	e006      	b.n	20004a1e <RCC_AHB1PeriphResetCmd+0x2e>
20004a10:	4b06      	ldr	r3, [pc, #24]	@ (20004a2c <RCC_AHB1PeriphResetCmd+0x3c>)
20004a12:	691a      	ldr	r2, [r3, #16]
20004a14:	687b      	ldr	r3, [r7, #4]
20004a16:	43db      	mvns	r3, r3
20004a18:	4904      	ldr	r1, [pc, #16]	@ (20004a2c <RCC_AHB1PeriphResetCmd+0x3c>)
20004a1a:	4013      	ands	r3, r2
20004a1c:	610b      	str	r3, [r1, #16]
20004a1e:	bf00      	nop
20004a20:	370c      	adds	r7, #12
20004a22:	46bd      	mov	sp, r7
20004a24:	f85d 7b04 	ldr.w	r7, [sp], #4
20004a28:	4770      	bx	lr
20004a2a:	bf00      	nop
20004a2c:	40023800 	.word	0x40023800

20004a30 <RCC_AHB2PeriphResetCmd>:
20004a30:	b480      	push	{r7}
20004a32:	b083      	sub	sp, #12
20004a34:	af00      	add	r7, sp, #0
20004a36:	6078      	str	r0, [r7, #4]
20004a38:	460b      	mov	r3, r1
20004a3a:	70fb      	strb	r3, [r7, #3]
20004a3c:	78fb      	ldrb	r3, [r7, #3]
20004a3e:	2b00      	cmp	r3, #0
20004a40:	d006      	beq.n	20004a50 <RCC_AHB2PeriphResetCmd+0x20>
20004a42:	4b0a      	ldr	r3, [pc, #40]	@ (20004a6c <RCC_AHB2PeriphResetCmd+0x3c>)
20004a44:	695a      	ldr	r2, [r3, #20]
20004a46:	4909      	ldr	r1, [pc, #36]	@ (20004a6c <RCC_AHB2PeriphResetCmd+0x3c>)
20004a48:	687b      	ldr	r3, [r7, #4]
20004a4a:	4313      	orrs	r3, r2
20004a4c:	614b      	str	r3, [r1, #20]
20004a4e:	e006      	b.n	20004a5e <RCC_AHB2PeriphResetCmd+0x2e>
20004a50:	4b06      	ldr	r3, [pc, #24]	@ (20004a6c <RCC_AHB2PeriphResetCmd+0x3c>)
20004a52:	695a      	ldr	r2, [r3, #20]
20004a54:	687b      	ldr	r3, [r7, #4]
20004a56:	43db      	mvns	r3, r3
20004a58:	4904      	ldr	r1, [pc, #16]	@ (20004a6c <RCC_AHB2PeriphResetCmd+0x3c>)
20004a5a:	4013      	ands	r3, r2
20004a5c:	614b      	str	r3, [r1, #20]
20004a5e:	bf00      	nop
20004a60:	370c      	adds	r7, #12
20004a62:	46bd      	mov	sp, r7
20004a64:	f85d 7b04 	ldr.w	r7, [sp], #4
20004a68:	4770      	bx	lr
20004a6a:	bf00      	nop
20004a6c:	40023800 	.word	0x40023800

20004a70 <RCC_AHB3PeriphResetCmd>:
20004a70:	b480      	push	{r7}
20004a72:	b083      	sub	sp, #12
20004a74:	af00      	add	r7, sp, #0
20004a76:	6078      	str	r0, [r7, #4]
20004a78:	460b      	mov	r3, r1
20004a7a:	70fb      	strb	r3, [r7, #3]
20004a7c:	78fb      	ldrb	r3, [r7, #3]
20004a7e:	2b00      	cmp	r3, #0
20004a80:	d006      	beq.n	20004a90 <RCC_AHB3PeriphResetCmd+0x20>
20004a82:	4b0a      	ldr	r3, [pc, #40]	@ (20004aac <RCC_AHB3PeriphResetCmd+0x3c>)
20004a84:	699a      	ldr	r2, [r3, #24]
20004a86:	4909      	ldr	r1, [pc, #36]	@ (20004aac <RCC_AHB3PeriphResetCmd+0x3c>)
20004a88:	687b      	ldr	r3, [r7, #4]
20004a8a:	4313      	orrs	r3, r2
20004a8c:	618b      	str	r3, [r1, #24]
20004a8e:	e006      	b.n	20004a9e <RCC_AHB3PeriphResetCmd+0x2e>
20004a90:	4b06      	ldr	r3, [pc, #24]	@ (20004aac <RCC_AHB3PeriphResetCmd+0x3c>)
20004a92:	699a      	ldr	r2, [r3, #24]
20004a94:	687b      	ldr	r3, [r7, #4]
20004a96:	43db      	mvns	r3, r3
20004a98:	4904      	ldr	r1, [pc, #16]	@ (20004aac <RCC_AHB3PeriphResetCmd+0x3c>)
20004a9a:	4013      	ands	r3, r2
20004a9c:	618b      	str	r3, [r1, #24]
20004a9e:	bf00      	nop
20004aa0:	370c      	adds	r7, #12
20004aa2:	46bd      	mov	sp, r7
20004aa4:	f85d 7b04 	ldr.w	r7, [sp], #4
20004aa8:	4770      	bx	lr
20004aaa:	bf00      	nop
20004aac:	40023800 	.word	0x40023800

20004ab0 <RCC_APB1PeriphResetCmd>:
20004ab0:	b480      	push	{r7}
20004ab2:	b083      	sub	sp, #12
20004ab4:	af00      	add	r7, sp, #0
20004ab6:	6078      	str	r0, [r7, #4]
20004ab8:	460b      	mov	r3, r1
20004aba:	70fb      	strb	r3, [r7, #3]
20004abc:	78fb      	ldrb	r3, [r7, #3]
20004abe:	2b00      	cmp	r3, #0
20004ac0:	d006      	beq.n	20004ad0 <RCC_APB1PeriphResetCmd+0x20>
20004ac2:	4b0a      	ldr	r3, [pc, #40]	@ (20004aec <RCC_APB1PeriphResetCmd+0x3c>)
20004ac4:	6a1a      	ldr	r2, [r3, #32]
20004ac6:	4909      	ldr	r1, [pc, #36]	@ (20004aec <RCC_APB1PeriphResetCmd+0x3c>)
20004ac8:	687b      	ldr	r3, [r7, #4]
20004aca:	4313      	orrs	r3, r2
20004acc:	620b      	str	r3, [r1, #32]
20004ace:	e006      	b.n	20004ade <RCC_APB1PeriphResetCmd+0x2e>
20004ad0:	4b06      	ldr	r3, [pc, #24]	@ (20004aec <RCC_APB1PeriphResetCmd+0x3c>)
20004ad2:	6a1a      	ldr	r2, [r3, #32]
20004ad4:	687b      	ldr	r3, [r7, #4]
20004ad6:	43db      	mvns	r3, r3
20004ad8:	4904      	ldr	r1, [pc, #16]	@ (20004aec <RCC_APB1PeriphResetCmd+0x3c>)
20004ada:	4013      	ands	r3, r2
20004adc:	620b      	str	r3, [r1, #32]
20004ade:	bf00      	nop
20004ae0:	370c      	adds	r7, #12
20004ae2:	46bd      	mov	sp, r7
20004ae4:	f85d 7b04 	ldr.w	r7, [sp], #4
20004ae8:	4770      	bx	lr
20004aea:	bf00      	nop
20004aec:	40023800 	.word	0x40023800

20004af0 <RCC_APB2PeriphResetCmd>:
20004af0:	b480      	push	{r7}
20004af2:	b083      	sub	sp, #12
20004af4:	af00      	add	r7, sp, #0
20004af6:	6078      	str	r0, [r7, #4]
20004af8:	460b      	mov	r3, r1
20004afa:	70fb      	strb	r3, [r7, #3]
20004afc:	78fb      	ldrb	r3, [r7, #3]
20004afe:	2b00      	cmp	r3, #0
20004b00:	d006      	beq.n	20004b10 <RCC_APB2PeriphResetCmd+0x20>
20004b02:	4b0a      	ldr	r3, [pc, #40]	@ (20004b2c <RCC_APB2PeriphResetCmd+0x3c>)
20004b04:	6a5a      	ldr	r2, [r3, #36]	@ 0x24
20004b06:	4909      	ldr	r1, [pc, #36]	@ (20004b2c <RCC_APB2PeriphResetCmd+0x3c>)
20004b08:	687b      	ldr	r3, [r7, #4]
20004b0a:	4313      	orrs	r3, r2
20004b0c:	624b      	str	r3, [r1, #36]	@ 0x24
20004b0e:	e006      	b.n	20004b1e <RCC_APB2PeriphResetCmd+0x2e>
20004b10:	4b06      	ldr	r3, [pc, #24]	@ (20004b2c <RCC_APB2PeriphResetCmd+0x3c>)
20004b12:	6a5a      	ldr	r2, [r3, #36]	@ 0x24
20004b14:	687b      	ldr	r3, [r7, #4]
20004b16:	43db      	mvns	r3, r3
20004b18:	4904      	ldr	r1, [pc, #16]	@ (20004b2c <RCC_APB2PeriphResetCmd+0x3c>)
20004b1a:	4013      	ands	r3, r2
20004b1c:	624b      	str	r3, [r1, #36]	@ 0x24
20004b1e:	bf00      	nop
20004b20:	370c      	adds	r7, #12
20004b22:	46bd      	mov	sp, r7
20004b24:	f85d 7b04 	ldr.w	r7, [sp], #4
20004b28:	4770      	bx	lr
20004b2a:	bf00      	nop
20004b2c:	40023800 	.word	0x40023800

20004b30 <RCC_AHB1PeriphClockLPModeCmd>:
20004b30:	b480      	push	{r7}
20004b32:	b083      	sub	sp, #12
20004b34:	af00      	add	r7, sp, #0
20004b36:	6078      	str	r0, [r7, #4]
20004b38:	460b      	mov	r3, r1
20004b3a:	70fb      	strb	r3, [r7, #3]
20004b3c:	78fb      	ldrb	r3, [r7, #3]
20004b3e:	2b00      	cmp	r3, #0
20004b40:	d006      	beq.n	20004b50 <RCC_AHB1PeriphClockLPModeCmd+0x20>
20004b42:	4b0a      	ldr	r3, [pc, #40]	@ (20004b6c <RCC_AHB1PeriphClockLPModeCmd+0x3c>)
20004b44:	6d1a      	ldr	r2, [r3, #80]	@ 0x50
20004b46:	4909      	ldr	r1, [pc, #36]	@ (20004b6c <RCC_AHB1PeriphClockLPModeCmd+0x3c>)
20004b48:	687b      	ldr	r3, [r7, #4]
20004b4a:	4313      	orrs	r3, r2
20004b4c:	650b      	str	r3, [r1, #80]	@ 0x50
20004b4e:	e006      	b.n	20004b5e <RCC_AHB1PeriphClockLPModeCmd+0x2e>
20004b50:	4b06      	ldr	r3, [pc, #24]	@ (20004b6c <RCC_AHB1PeriphClockLPModeCmd+0x3c>)
20004b52:	6d1a      	ldr	r2, [r3, #80]	@ 0x50
20004b54:	687b      	ldr	r3, [r7, #4]
20004b56:	43db      	mvns	r3, r3
20004b58:	4904      	ldr	r1, [pc, #16]	@ (20004b6c <RCC_AHB1PeriphClockLPModeCmd+0x3c>)
20004b5a:	4013      	ands	r3, r2
20004b5c:	650b      	str	r3, [r1, #80]	@ 0x50
20004b5e:	bf00      	nop
20004b60:	370c      	adds	r7, #12
20004b62:	46bd      	mov	sp, r7
20004b64:	f85d 7b04 	ldr.w	r7, [sp], #4
20004b68:	4770      	bx	lr
20004b6a:	bf00      	nop
20004b6c:	40023800 	.word	0x40023800

20004b70 <RCC_AHB2PeriphClockLPModeCmd>:
20004b70:	b480      	push	{r7}
20004b72:	b083      	sub	sp, #12
20004b74:	af00      	add	r7, sp, #0
20004b76:	6078      	str	r0, [r7, #4]
20004b78:	460b      	mov	r3, r1
20004b7a:	70fb      	strb	r3, [r7, #3]
20004b7c:	78fb      	ldrb	r3, [r7, #3]
20004b7e:	2b00      	cmp	r3, #0
20004b80:	d006      	beq.n	20004b90 <RCC_AHB2PeriphClockLPModeCmd+0x20>
20004b82:	4b0a      	ldr	r3, [pc, #40]	@ (20004bac <RCC_AHB2PeriphClockLPModeCmd+0x3c>)
20004b84:	6d5a      	ldr	r2, [r3, #84]	@ 0x54
20004b86:	4909      	ldr	r1, [pc, #36]	@ (20004bac <RCC_AHB2PeriphClockLPModeCmd+0x3c>)
20004b88:	687b      	ldr	r3, [r7, #4]
20004b8a:	4313      	orrs	r3, r2
20004b8c:	654b      	str	r3, [r1, #84]	@ 0x54
20004b8e:	e006      	b.n	20004b9e <RCC_AHB2PeriphClockLPModeCmd+0x2e>
20004b90:	4b06      	ldr	r3, [pc, #24]	@ (20004bac <RCC_AHB2PeriphClockLPModeCmd+0x3c>)
20004b92:	6d5a      	ldr	r2, [r3, #84]	@ 0x54
20004b94:	687b      	ldr	r3, [r7, #4]
20004b96:	43db      	mvns	r3, r3
20004b98:	4904      	ldr	r1, [pc, #16]	@ (20004bac <RCC_AHB2PeriphClockLPModeCmd+0x3c>)
20004b9a:	4013      	ands	r3, r2
20004b9c:	654b      	str	r3, [r1, #84]	@ 0x54
20004b9e:	bf00      	nop
20004ba0:	370c      	adds	r7, #12
20004ba2:	46bd      	mov	sp, r7
20004ba4:	f85d 7b04 	ldr.w	r7, [sp], #4
20004ba8:	4770      	bx	lr
20004baa:	bf00      	nop
20004bac:	40023800 	.word	0x40023800

20004bb0 <RCC_AHB3PeriphClockLPModeCmd>:
20004bb0:	b480      	push	{r7}
20004bb2:	b083      	sub	sp, #12
20004bb4:	af00      	add	r7, sp, #0
20004bb6:	6078      	str	r0, [r7, #4]
20004bb8:	460b      	mov	r3, r1
20004bba:	70fb      	strb	r3, [r7, #3]
20004bbc:	78fb      	ldrb	r3, [r7, #3]
20004bbe:	2b00      	cmp	r3, #0
20004bc0:	d006      	beq.n	20004bd0 <RCC_AHB3PeriphClockLPModeCmd+0x20>
20004bc2:	4b0a      	ldr	r3, [pc, #40]	@ (20004bec <RCC_AHB3PeriphClockLPModeCmd+0x3c>)
20004bc4:	6d9a      	ldr	r2, [r3, #88]	@ 0x58
20004bc6:	4909      	ldr	r1, [pc, #36]	@ (20004bec <RCC_AHB3PeriphClockLPModeCmd+0x3c>)
20004bc8:	687b      	ldr	r3, [r7, #4]
20004bca:	4313      	orrs	r3, r2
20004bcc:	658b      	str	r3, [r1, #88]	@ 0x58
20004bce:	e006      	b.n	20004bde <RCC_AHB3PeriphClockLPModeCmd+0x2e>
20004bd0:	4b06      	ldr	r3, [pc, #24]	@ (20004bec <RCC_AHB3PeriphClockLPModeCmd+0x3c>)
20004bd2:	6d9a      	ldr	r2, [r3, #88]	@ 0x58
20004bd4:	687b      	ldr	r3, [r7, #4]
20004bd6:	43db      	mvns	r3, r3
20004bd8:	4904      	ldr	r1, [pc, #16]	@ (20004bec <RCC_AHB3PeriphClockLPModeCmd+0x3c>)
20004bda:	4013      	ands	r3, r2
20004bdc:	658b      	str	r3, [r1, #88]	@ 0x58
20004bde:	bf00      	nop
20004be0:	370c      	adds	r7, #12
20004be2:	46bd      	mov	sp, r7
20004be4:	f85d 7b04 	ldr.w	r7, [sp], #4
20004be8:	4770      	bx	lr
20004bea:	bf00      	nop
20004bec:	40023800 	.word	0x40023800

20004bf0 <RCC_APB1PeriphClockLPModeCmd>:
20004bf0:	b480      	push	{r7}
20004bf2:	b083      	sub	sp, #12
20004bf4:	af00      	add	r7, sp, #0
20004bf6:	6078      	str	r0, [r7, #4]
20004bf8:	460b      	mov	r3, r1
20004bfa:	70fb      	strb	r3, [r7, #3]
20004bfc:	78fb      	ldrb	r3, [r7, #3]
20004bfe:	2b00      	cmp	r3, #0
20004c00:	d006      	beq.n	20004c10 <RCC_APB1PeriphClockLPModeCmd+0x20>
20004c02:	4b0a      	ldr	r3, [pc, #40]	@ (20004c2c <RCC_APB1PeriphClockLPModeCmd+0x3c>)
20004c04:	6e1a      	ldr	r2, [r3, #96]	@ 0x60
20004c06:	4909      	ldr	r1, [pc, #36]	@ (20004c2c <RCC_APB1PeriphClockLPModeCmd+0x3c>)
20004c08:	687b      	ldr	r3, [r7, #4]
20004c0a:	4313      	orrs	r3, r2
20004c0c:	660b      	str	r3, [r1, #96]	@ 0x60
20004c0e:	e006      	b.n	20004c1e <RCC_APB1PeriphClockLPModeCmd+0x2e>
20004c10:	4b06      	ldr	r3, [pc, #24]	@ (20004c2c <RCC_APB1PeriphClockLPModeCmd+0x3c>)
20004c12:	6e1a      	ldr	r2, [r3, #96]	@ 0x60
20004c14:	687b      	ldr	r3, [r7, #4]
20004c16:	43db      	mvns	r3, r3
20004c18:	4904      	ldr	r1, [pc, #16]	@ (20004c2c <RCC_APB1PeriphClockLPModeCmd+0x3c>)
20004c1a:	4013      	ands	r3, r2
20004c1c:	660b      	str	r3, [r1, #96]	@ 0x60
20004c1e:	bf00      	nop
20004c20:	370c      	adds	r7, #12
20004c22:	46bd      	mov	sp, r7
20004c24:	f85d 7b04 	ldr.w	r7, [sp], #4
20004c28:	4770      	bx	lr
20004c2a:	bf00      	nop
20004c2c:	40023800 	.word	0x40023800

20004c30 <RCC_APB2PeriphClockLPModeCmd>:
20004c30:	b480      	push	{r7}
20004c32:	b083      	sub	sp, #12
20004c34:	af00      	add	r7, sp, #0
20004c36:	6078      	str	r0, [r7, #4]
20004c38:	460b      	mov	r3, r1
20004c3a:	70fb      	strb	r3, [r7, #3]
20004c3c:	78fb      	ldrb	r3, [r7, #3]
20004c3e:	2b00      	cmp	r3, #0
20004c40:	d006      	beq.n	20004c50 <RCC_APB2PeriphClockLPModeCmd+0x20>
20004c42:	4b0a      	ldr	r3, [pc, #40]	@ (20004c6c <RCC_APB2PeriphClockLPModeCmd+0x3c>)
20004c44:	6e5a      	ldr	r2, [r3, #100]	@ 0x64
20004c46:	4909      	ldr	r1, [pc, #36]	@ (20004c6c <RCC_APB2PeriphClockLPModeCmd+0x3c>)
20004c48:	687b      	ldr	r3, [r7, #4]
20004c4a:	4313      	orrs	r3, r2
20004c4c:	664b      	str	r3, [r1, #100]	@ 0x64
20004c4e:	e006      	b.n	20004c5e <RCC_APB2PeriphClockLPModeCmd+0x2e>
20004c50:	4b06      	ldr	r3, [pc, #24]	@ (20004c6c <RCC_APB2PeriphClockLPModeCmd+0x3c>)
20004c52:	6e5a      	ldr	r2, [r3, #100]	@ 0x64
20004c54:	687b      	ldr	r3, [r7, #4]
20004c56:	43db      	mvns	r3, r3
20004c58:	4904      	ldr	r1, [pc, #16]	@ (20004c6c <RCC_APB2PeriphClockLPModeCmd+0x3c>)
20004c5a:	4013      	ands	r3, r2
20004c5c:	664b      	str	r3, [r1, #100]	@ 0x64
20004c5e:	bf00      	nop
20004c60:	370c      	adds	r7, #12
20004c62:	46bd      	mov	sp, r7
20004c64:	f85d 7b04 	ldr.w	r7, [sp], #4
20004c68:	4770      	bx	lr
20004c6a:	bf00      	nop
20004c6c:	40023800 	.word	0x40023800

20004c70 <RCC_ITConfig>:
20004c70:	b480      	push	{r7}
20004c72:	b083      	sub	sp, #12
20004c74:	af00      	add	r7, sp, #0
20004c76:	4603      	mov	r3, r0
20004c78:	460a      	mov	r2, r1
20004c7a:	71fb      	strb	r3, [r7, #7]
20004c7c:	4613      	mov	r3, r2
20004c7e:	71bb      	strb	r3, [r7, #6]
20004c80:	79bb      	ldrb	r3, [r7, #6]
20004c82:	2b00      	cmp	r3, #0
20004c84:	d008      	beq.n	20004c98 <RCC_ITConfig+0x28>
20004c86:	4b0c      	ldr	r3, [pc, #48]	@ (20004cb8 <RCC_ITConfig+0x48>)
20004c88:	781b      	ldrb	r3, [r3, #0]
20004c8a:	b2da      	uxtb	r2, r3
20004c8c:	490a      	ldr	r1, [pc, #40]	@ (20004cb8 <RCC_ITConfig+0x48>)
20004c8e:	79fb      	ldrb	r3, [r7, #7]
20004c90:	4313      	orrs	r3, r2
20004c92:	b2db      	uxtb	r3, r3
20004c94:	700b      	strb	r3, [r1, #0]
20004c96:	e009      	b.n	20004cac <RCC_ITConfig+0x3c>
20004c98:	4b07      	ldr	r3, [pc, #28]	@ (20004cb8 <RCC_ITConfig+0x48>)
20004c9a:	781b      	ldrb	r3, [r3, #0]
20004c9c:	b2da      	uxtb	r2, r3
20004c9e:	79fb      	ldrb	r3, [r7, #7]
20004ca0:	43db      	mvns	r3, r3
20004ca2:	b2db      	uxtb	r3, r3
20004ca4:	4904      	ldr	r1, [pc, #16]	@ (20004cb8 <RCC_ITConfig+0x48>)
20004ca6:	4013      	ands	r3, r2
20004ca8:	b2db      	uxtb	r3, r3
20004caa:	700b      	strb	r3, [r1, #0]
20004cac:	bf00      	nop
20004cae:	370c      	adds	r7, #12
20004cb0:	46bd      	mov	sp, r7
20004cb2:	f85d 7b04 	ldr.w	r7, [sp], #4
20004cb6:	4770      	bx	lr
20004cb8:	4002380d 	.word	0x4002380d

20004cbc <RCC_GetFlagStatus>:
20004cbc:	b480      	push	{r7}
20004cbe:	b087      	sub	sp, #28
20004cc0:	af00      	add	r7, sp, #0
20004cc2:	4603      	mov	r3, r0
20004cc4:	71fb      	strb	r3, [r7, #7]
20004cc6:	2300      	movs	r3, #0
20004cc8:	60fb      	str	r3, [r7, #12]
20004cca:	2300      	movs	r3, #0
20004ccc:	617b      	str	r3, [r7, #20]
20004cce:	2300      	movs	r3, #0
20004cd0:	74fb      	strb	r3, [r7, #19]
20004cd2:	79fb      	ldrb	r3, [r7, #7]
20004cd4:	095b      	lsrs	r3, r3, #5
20004cd6:	b2db      	uxtb	r3, r3
20004cd8:	60fb      	str	r3, [r7, #12]
20004cda:	68fb      	ldr	r3, [r7, #12]
20004cdc:	2b01      	cmp	r3, #1
20004cde:	d103      	bne.n	20004ce8 <RCC_GetFlagStatus+0x2c>
20004ce0:	4b12      	ldr	r3, [pc, #72]	@ (20004d2c <RCC_GetFlagStatus+0x70>)
20004ce2:	681b      	ldr	r3, [r3, #0]
20004ce4:	617b      	str	r3, [r7, #20]
20004ce6:	e009      	b.n	20004cfc <RCC_GetFlagStatus+0x40>
20004ce8:	68fb      	ldr	r3, [r7, #12]
20004cea:	2b02      	cmp	r3, #2
20004cec:	d103      	bne.n	20004cf6 <RCC_GetFlagStatus+0x3a>
20004cee:	4b0f      	ldr	r3, [pc, #60]	@ (20004d2c <RCC_GetFlagStatus+0x70>)
20004cf0:	6f1b      	ldr	r3, [r3, #112]	@ 0x70
20004cf2:	617b      	str	r3, [r7, #20]
20004cf4:	e002      	b.n	20004cfc <RCC_GetFlagStatus+0x40>
20004cf6:	4b0d      	ldr	r3, [pc, #52]	@ (20004d2c <RCC_GetFlagStatus+0x70>)
20004cf8:	6f5b      	ldr	r3, [r3, #116]	@ 0x74
20004cfa:	617b      	str	r3, [r7, #20]
20004cfc:	79fb      	ldrb	r3, [r7, #7]
20004cfe:	f003 031f 	and.w	r3, r3, #31
20004d02:	60fb      	str	r3, [r7, #12]
20004d04:	697a      	ldr	r2, [r7, #20]
20004d06:	68fb      	ldr	r3, [r7, #12]
20004d08:	fa22 f303 	lsr.w	r3, r2, r3
20004d0c:	f003 0301 	and.w	r3, r3, #1
20004d10:	2b00      	cmp	r3, #0
20004d12:	d002      	beq.n	20004d1a <RCC_GetFlagStatus+0x5e>
20004d14:	2301      	movs	r3, #1
20004d16:	74fb      	strb	r3, [r7, #19]
20004d18:	e001      	b.n	20004d1e <RCC_GetFlagStatus+0x62>
20004d1a:	2300      	movs	r3, #0
20004d1c:	74fb      	strb	r3, [r7, #19]
20004d1e:	7cfb      	ldrb	r3, [r7, #19]
20004d20:	4618      	mov	r0, r3
20004d22:	371c      	adds	r7, #28
20004d24:	46bd      	mov	sp, r7
20004d26:	f85d 7b04 	ldr.w	r7, [sp], #4
20004d2a:	4770      	bx	lr
20004d2c:	40023800 	.word	0x40023800

20004d30 <RCC_ClearFlag>:
20004d30:	b480      	push	{r7}
20004d32:	af00      	add	r7, sp, #0
20004d34:	4b05      	ldr	r3, [pc, #20]	@ (20004d4c <RCC_ClearFlag+0x1c>)
20004d36:	6f5b      	ldr	r3, [r3, #116]	@ 0x74
20004d38:	4a04      	ldr	r2, [pc, #16]	@ (20004d4c <RCC_ClearFlag+0x1c>)
20004d3a:	f043 7380 	orr.w	r3, r3, #16777216	@ 0x1000000
20004d3e:	6753      	str	r3, [r2, #116]	@ 0x74
20004d40:	bf00      	nop
20004d42:	46bd      	mov	sp, r7
20004d44:	f85d 7b04 	ldr.w	r7, [sp], #4
20004d48:	4770      	bx	lr
20004d4a:	bf00      	nop
20004d4c:	40023800 	.word	0x40023800

20004d50 <RCC_GetITStatus>:
20004d50:	b480      	push	{r7}
20004d52:	b085      	sub	sp, #20
20004d54:	af00      	add	r7, sp, #0
20004d56:	4603      	mov	r3, r0
20004d58:	71fb      	strb	r3, [r7, #7]
20004d5a:	2300      	movs	r3, #0
20004d5c:	73fb      	strb	r3, [r7, #15]
20004d5e:	4b09      	ldr	r3, [pc, #36]	@ (20004d84 <RCC_GetITStatus+0x34>)
20004d60:	68da      	ldr	r2, [r3, #12]
20004d62:	79fb      	ldrb	r3, [r7, #7]
20004d64:	4013      	ands	r3, r2
20004d66:	2b00      	cmp	r3, #0
20004d68:	d002      	beq.n	20004d70 <RCC_GetITStatus+0x20>
20004d6a:	2301      	movs	r3, #1
20004d6c:	73fb      	strb	r3, [r7, #15]
20004d6e:	e001      	b.n	20004d74 <RCC_GetITStatus+0x24>
20004d70:	2300      	movs	r3, #0
20004d72:	73fb      	strb	r3, [r7, #15]
20004d74:	7bfb      	ldrb	r3, [r7, #15]
20004d76:	4618      	mov	r0, r3
20004d78:	3714      	adds	r7, #20
20004d7a:	46bd      	mov	sp, r7
20004d7c:	f85d 7b04 	ldr.w	r7, [sp], #4
20004d80:	4770      	bx	lr
20004d82:	bf00      	nop
20004d84:	40023800 	.word	0x40023800

20004d88 <RCC_ClearITPendingBit>:
20004d88:	b480      	push	{r7}
20004d8a:	b083      	sub	sp, #12
20004d8c:	af00      	add	r7, sp, #0
20004d8e:	4603      	mov	r3, r0
20004d90:	71fb      	strb	r3, [r7, #7]
20004d92:	4a04      	ldr	r2, [pc, #16]	@ (20004da4 <RCC_ClearITPendingBit+0x1c>)
20004d94:	79fb      	ldrb	r3, [r7, #7]
20004d96:	7013      	strb	r3, [r2, #0]
20004d98:	bf00      	nop
20004d9a:	370c      	adds	r7, #12
20004d9c:	46bd      	mov	sp, r7
20004d9e:	f85d 7b04 	ldr.w	r7, [sp], #4
20004da2:	4770      	bx	lr
20004da4:	4002380e 	.word	0x4002380e

20004da8 <SYSCFG_DeInit>:
20004da8:	b580      	push	{r7, lr}
20004daa:	af00      	add	r7, sp, #0
20004dac:	2101      	movs	r1, #1
20004dae:	f44f 4080 	mov.w	r0, #16384	@ 0x4000
20004db2:	f7ff fe9d 	bl	20004af0 <RCC_APB2PeriphResetCmd>
20004db6:	2100      	movs	r1, #0
20004db8:	f44f 4080 	mov.w	r0, #16384	@ 0x4000
20004dbc:	f7ff fe98 	bl	20004af0 <RCC_APB2PeriphResetCmd>
20004dc0:	bf00      	nop
20004dc2:	bd80      	pop	{r7, pc}

20004dc4 <SYSCFG_MemoryRemapConfig>:
20004dc4:	b480      	push	{r7}
20004dc6:	b083      	sub	sp, #12
20004dc8:	af00      	add	r7, sp, #0
20004dca:	4603      	mov	r3, r0
20004dcc:	71fb      	strb	r3, [r7, #7]
20004dce:	4a04      	ldr	r2, [pc, #16]	@ (20004de0 <SYSCFG_MemoryRemapConfig+0x1c>)
20004dd0:	79fb      	ldrb	r3, [r7, #7]
20004dd2:	6013      	str	r3, [r2, #0]
20004dd4:	bf00      	nop
20004dd6:	370c      	adds	r7, #12
20004dd8:	46bd      	mov	sp, r7
20004dda:	f85d 7b04 	ldr.w	r7, [sp], #4
20004dde:	4770      	bx	lr
20004de0:	40013800 	.word	0x40013800

20004de4 <SYSCFG_MemorySwappingBank>:
20004de4:	b480      	push	{r7}
20004de6:	b083      	sub	sp, #12
20004de8:	af00      	add	r7, sp, #0
20004dea:	4603      	mov	r3, r0
20004dec:	71fb      	strb	r3, [r7, #7]
20004dee:	4a04      	ldr	r2, [pc, #16]	@ (20004e00 <SYSCFG_MemorySwappingBank+0x1c>)
20004df0:	79fb      	ldrb	r3, [r7, #7]
20004df2:	6013      	str	r3, [r2, #0]
20004df4:	bf00      	nop
20004df6:	370c      	adds	r7, #12
20004df8:	46bd      	mov	sp, r7
20004dfa:	f85d 7b04 	ldr.w	r7, [sp], #4
20004dfe:	4770      	bx	lr
20004e00:	42270020 	.word	0x42270020

20004e04 <SYSCFG_EXTILineConfig>:
20004e04:	b480      	push	{r7}
20004e06:	b085      	sub	sp, #20
20004e08:	af00      	add	r7, sp, #0
20004e0a:	4603      	mov	r3, r0
20004e0c:	460a      	mov	r2, r1
20004e0e:	71fb      	strb	r3, [r7, #7]
20004e10:	4613      	mov	r3, r2
20004e12:	71bb      	strb	r3, [r7, #6]
20004e14:	2300      	movs	r3, #0
20004e16:	60fb      	str	r3, [r7, #12]
20004e18:	79bb      	ldrb	r3, [r7, #6]
20004e1a:	f003 0303 	and.w	r3, r3, #3
20004e1e:	009b      	lsls	r3, r3, #2
20004e20:	220f      	movs	r2, #15
20004e22:	fa02 f303 	lsl.w	r3, r2, r3
20004e26:	60fb      	str	r3, [r7, #12]
20004e28:	4a16      	ldr	r2, [pc, #88]	@ (20004e84 <SYSCFG_EXTILineConfig+0x80>)
20004e2a:	79bb      	ldrb	r3, [r7, #6]
20004e2c:	089b      	lsrs	r3, r3, #2
20004e2e:	b2db      	uxtb	r3, r3
20004e30:	3302      	adds	r3, #2
20004e32:	f852 2023 	ldr.w	r2, [r2, r3, lsl #2]
20004e36:	68fb      	ldr	r3, [r7, #12]
20004e38:	43db      	mvns	r3, r3
20004e3a:	4812      	ldr	r0, [pc, #72]	@ (20004e84 <SYSCFG_EXTILineConfig+0x80>)
20004e3c:	79b9      	ldrb	r1, [r7, #6]
20004e3e:	0889      	lsrs	r1, r1, #2
20004e40:	b2c9      	uxtb	r1, r1
20004e42:	401a      	ands	r2, r3
20004e44:	1c8b      	adds	r3, r1, #2
20004e46:	f840 2023 	str.w	r2, [r0, r3, lsl #2]
20004e4a:	4a0e      	ldr	r2, [pc, #56]	@ (20004e84 <SYSCFG_EXTILineConfig+0x80>)
20004e4c:	79bb      	ldrb	r3, [r7, #6]
20004e4e:	089b      	lsrs	r3, r3, #2
20004e50:	b2db      	uxtb	r3, r3
20004e52:	3302      	adds	r3, #2
20004e54:	f852 2023 	ldr.w	r2, [r2, r3, lsl #2]
20004e58:	79f9      	ldrb	r1, [r7, #7]
20004e5a:	79bb      	ldrb	r3, [r7, #6]
20004e5c:	f003 0303 	and.w	r3, r3, #3
20004e60:	009b      	lsls	r3, r3, #2
20004e62:	fa01 f303 	lsl.w	r3, r1, r3
20004e66:	4807      	ldr	r0, [pc, #28]	@ (20004e84 <SYSCFG_EXTILineConfig+0x80>)
20004e68:	79b9      	ldrb	r1, [r7, #6]
20004e6a:	0889      	lsrs	r1, r1, #2
20004e6c:	b2c9      	uxtb	r1, r1
20004e6e:	431a      	orrs	r2, r3
20004e70:	1c8b      	adds	r3, r1, #2
20004e72:	f840 2023 	str.w	r2, [r0, r3, lsl #2]
20004e76:	bf00      	nop
20004e78:	3714      	adds	r7, #20
20004e7a:	46bd      	mov	sp, r7
20004e7c:	f85d 7b04 	ldr.w	r7, [sp], #4
20004e80:	4770      	bx	lr
20004e82:	bf00      	nop
20004e84:	40013800 	.word	0x40013800

20004e88 <SYSCFG_ETH_MediaInterfaceConfig>:
20004e88:	b480      	push	{r7}
20004e8a:	b083      	sub	sp, #12
20004e8c:	af00      	add	r7, sp, #0
20004e8e:	6078      	str	r0, [r7, #4]
20004e90:	4a04      	ldr	r2, [pc, #16]	@ (20004ea4 <SYSCFG_ETH_MediaInterfaceConfig+0x1c>)
20004e92:	687b      	ldr	r3, [r7, #4]
20004e94:	6013      	str	r3, [r2, #0]
20004e96:	bf00      	nop
20004e98:	370c      	adds	r7, #12
20004e9a:	46bd      	mov	sp, r7
20004e9c:	f85d 7b04 	ldr.w	r7, [sp], #4
20004ea0:	4770      	bx	lr
20004ea2:	bf00      	nop
20004ea4:	422700dc 	.word	0x422700dc

20004ea8 <SYSCFG_CompensationCellCmd>:
20004ea8:	b480      	push	{r7}
20004eaa:	b083      	sub	sp, #12
20004eac:	af00      	add	r7, sp, #0
20004eae:	4603      	mov	r3, r0
20004eb0:	71fb      	strb	r3, [r7, #7]
20004eb2:	4a04      	ldr	r2, [pc, #16]	@ (20004ec4 <SYSCFG_CompensationCellCmd+0x1c>)
20004eb4:	79fb      	ldrb	r3, [r7, #7]
20004eb6:	6013      	str	r3, [r2, #0]
20004eb8:	bf00      	nop
20004eba:	370c      	adds	r7, #12
20004ebc:	46bd      	mov	sp, r7
20004ebe:	f85d 7b04 	ldr.w	r7, [sp], #4
20004ec2:	4770      	bx	lr
20004ec4:	42270400 	.word	0x42270400

20004ec8 <SYSCFG_GetCompensationCellStatus>:
20004ec8:	b480      	push	{r7}
20004eca:	b083      	sub	sp, #12
20004ecc:	af00      	add	r7, sp, #0
20004ece:	2300      	movs	r3, #0
20004ed0:	71fb      	strb	r3, [r7, #7]
20004ed2:	4b09      	ldr	r3, [pc, #36]	@ (20004ef8 <SYSCFG_GetCompensationCellStatus+0x30>)
20004ed4:	6a1b      	ldr	r3, [r3, #32]
20004ed6:	f403 7380 	and.w	r3, r3, #256	@ 0x100
20004eda:	2b00      	cmp	r3, #0
20004edc:	d002      	beq.n	20004ee4 <SYSCFG_GetCompensationCellStatus+0x1c>
20004ede:	2301      	movs	r3, #1
20004ee0:	71fb      	strb	r3, [r7, #7]
20004ee2:	e001      	b.n	20004ee8 <SYSCFG_GetCompensationCellStatus+0x20>
20004ee4:	2300      	movs	r3, #0
20004ee6:	71fb      	strb	r3, [r7, #7]
20004ee8:	79fb      	ldrb	r3, [r7, #7]
20004eea:	4618      	mov	r0, r3
20004eec:	370c      	adds	r7, #12
20004eee:	46bd      	mov	sp, r7
20004ef0:	f85d 7b04 	ldr.w	r7, [sp], #4
20004ef4:	4770      	bx	lr
20004ef6:	bf00      	nop
20004ef8:	40013800 	.word	0x40013800

20004efc <TIM_DeInit>:
20004efc:	b580      	push	{r7, lr}
20004efe:	b082      	sub	sp, #8
20004f00:	af00      	add	r7, sp, #0
20004f02:	6078      	str	r0, [r7, #4]
20004f04:	687b      	ldr	r3, [r7, #4]
20004f06:	4a60      	ldr	r2, [pc, #384]	@ (20005088 <TIM_DeInit+0x18c>)
20004f08:	4293      	cmp	r3, r2
20004f0a:	d108      	bne.n	20004f1e <TIM_DeInit+0x22>
20004f0c:	2101      	movs	r1, #1
20004f0e:	2001      	movs	r0, #1
20004f10:	f7ff fdee 	bl	20004af0 <RCC_APB2PeriphResetCmd>
20004f14:	2100      	movs	r1, #0
20004f16:	2001      	movs	r0, #1
20004f18:	f7ff fdea 	bl	20004af0 <RCC_APB2PeriphResetCmd>
20004f1c:	e0af      	b.n	2000507e <TIM_DeInit+0x182>
20004f1e:	687b      	ldr	r3, [r7, #4]
20004f20:	f1b3 4f80 	cmp.w	r3, #1073741824	@ 0x40000000
20004f24:	d108      	bne.n	20004f38 <TIM_DeInit+0x3c>
20004f26:	2101      	movs	r1, #1
20004f28:	2001      	movs	r0, #1
20004f2a:	f7ff fdc1 	bl	20004ab0 <RCC_APB1PeriphResetCmd>
20004f2e:	2100      	movs	r1, #0
20004f30:	2001      	movs	r0, #1
20004f32:	f7ff fdbd 	bl	20004ab0 <RCC_APB1PeriphResetCmd>
20004f36:	e0a2      	b.n	2000507e <TIM_DeInit+0x182>
20004f38:	687b      	ldr	r3, [r7, #4]
20004f3a:	4a54      	ldr	r2, [pc, #336]	@ (2000508c <TIM_DeInit+0x190>)
20004f3c:	4293      	cmp	r3, r2
20004f3e:	d108      	bne.n	20004f52 <TIM_DeInit+0x56>
20004f40:	2101      	movs	r1, #1
20004f42:	2002      	movs	r0, #2
20004f44:	f7ff fdb4 	bl	20004ab0 <RCC_APB1PeriphResetCmd>
20004f48:	2100      	movs	r1, #0
20004f4a:	2002      	movs	r0, #2
20004f4c:	f7ff fdb0 	bl	20004ab0 <RCC_APB1PeriphResetCmd>
20004f50:	e095      	b.n	2000507e <TIM_DeInit+0x182>
20004f52:	687b      	ldr	r3, [r7, #4]
20004f54:	4a4e      	ldr	r2, [pc, #312]	@ (20005090 <TIM_DeInit+0x194>)
20004f56:	4293      	cmp	r3, r2
20004f58:	d108      	bne.n	20004f6c <TIM_DeInit+0x70>
20004f5a:	2101      	movs	r1, #1
20004f5c:	2004      	movs	r0, #4
20004f5e:	f7ff fda7 	bl	20004ab0 <RCC_APB1PeriphResetCmd>
20004f62:	2100      	movs	r1, #0
20004f64:	2004      	movs	r0, #4
20004f66:	f7ff fda3 	bl	20004ab0 <RCC_APB1PeriphResetCmd>
20004f6a:	e088      	b.n	2000507e <TIM_DeInit+0x182>
20004f6c:	687b      	ldr	r3, [r7, #4]
20004f6e:	4a49      	ldr	r2, [pc, #292]	@ (20005094 <TIM_DeInit+0x198>)
20004f70:	4293      	cmp	r3, r2
20004f72:	d108      	bne.n	20004f86 <TIM_DeInit+0x8a>
20004f74:	2101      	movs	r1, #1
20004f76:	2008      	movs	r0, #8
20004f78:	f7ff fd9a 	bl	20004ab0 <RCC_APB1PeriphResetCmd>
20004f7c:	2100      	movs	r1, #0
20004f7e:	2008      	movs	r0, #8
20004f80:	f7ff fd96 	bl	20004ab0 <RCC_APB1PeriphResetCmd>
20004f84:	e07b      	b.n	2000507e <TIM_DeInit+0x182>
20004f86:	687b      	ldr	r3, [r7, #4]
20004f88:	4a43      	ldr	r2, [pc, #268]	@ (20005098 <TIM_DeInit+0x19c>)
20004f8a:	4293      	cmp	r3, r2
20004f8c:	d108      	bne.n	20004fa0 <TIM_DeInit+0xa4>
20004f8e:	2101      	movs	r1, #1
20004f90:	2010      	movs	r0, #16
20004f92:	f7ff fd8d 	bl	20004ab0 <RCC_APB1PeriphResetCmd>
20004f96:	2100      	movs	r1, #0
20004f98:	2010      	movs	r0, #16
20004f9a:	f7ff fd89 	bl	20004ab0 <RCC_APB1PeriphResetCmd>
20004f9e:	e06e      	b.n	2000507e <TIM_DeInit+0x182>
20004fa0:	687b      	ldr	r3, [r7, #4]
20004fa2:	4a3e      	ldr	r2, [pc, #248]	@ (2000509c <TIM_DeInit+0x1a0>)
20004fa4:	4293      	cmp	r3, r2
20004fa6:	d108      	bne.n	20004fba <TIM_DeInit+0xbe>
20004fa8:	2101      	movs	r1, #1
20004faa:	2020      	movs	r0, #32
20004fac:	f7ff fd80 	bl	20004ab0 <RCC_APB1PeriphResetCmd>
20004fb0:	2100      	movs	r1, #0
20004fb2:	2020      	movs	r0, #32
20004fb4:	f7ff fd7c 	bl	20004ab0 <RCC_APB1PeriphResetCmd>
20004fb8:	e061      	b.n	2000507e <TIM_DeInit+0x182>
20004fba:	687b      	ldr	r3, [r7, #4]
20004fbc:	4a38      	ldr	r2, [pc, #224]	@ (200050a0 <TIM_DeInit+0x1a4>)
20004fbe:	4293      	cmp	r3, r2
20004fc0:	d108      	bne.n	20004fd4 <TIM_DeInit+0xd8>
20004fc2:	2101      	movs	r1, #1
20004fc4:	2002      	movs	r0, #2
20004fc6:	f7ff fd93 	bl	20004af0 <RCC_APB2PeriphResetCmd>
20004fca:	2100      	movs	r1, #0
20004fcc:	2002      	movs	r0, #2
20004fce:	f7ff fd8f 	bl	20004af0 <RCC_APB2PeriphResetCmd>
20004fd2:	e054      	b.n	2000507e <TIM_DeInit+0x182>
20004fd4:	687b      	ldr	r3, [r7, #4]
20004fd6:	4a33      	ldr	r2, [pc, #204]	@ (200050a4 <TIM_DeInit+0x1a8>)
20004fd8:	4293      	cmp	r3, r2
20004fda:	d10a      	bne.n	20004ff2 <TIM_DeInit+0xf6>
20004fdc:	2101      	movs	r1, #1
20004fde:	f44f 3080 	mov.w	r0, #65536	@ 0x10000
20004fe2:	f7ff fd85 	bl	20004af0 <RCC_APB2PeriphResetCmd>
20004fe6:	2100      	movs	r1, #0
20004fe8:	f44f 3080 	mov.w	r0, #65536	@ 0x10000
20004fec:	f7ff fd80 	bl	20004af0 <RCC_APB2PeriphResetCmd>
20004ff0:	e045      	b.n	2000507e <TIM_DeInit+0x182>
20004ff2:	687b      	ldr	r3, [r7, #4]
20004ff4:	4a2c      	ldr	r2, [pc, #176]	@ (200050a8 <TIM_DeInit+0x1ac>)
20004ff6:	4293      	cmp	r3, r2
20004ff8:	d10a      	bne.n	20005010 <TIM_DeInit+0x114>
20004ffa:	2101      	movs	r1, #1
20004ffc:	f44f 3000 	mov.w	r0, #131072	@ 0x20000
20005000:	f7ff fd76 	bl	20004af0 <RCC_APB2PeriphResetCmd>
20005004:	2100      	movs	r1, #0
20005006:	f44f 3000 	mov.w	r0, #131072	@ 0x20000
2000500a:	f7ff fd71 	bl	20004af0 <RCC_APB2PeriphResetCmd>
2000500e:	e036      	b.n	2000507e <TIM_DeInit+0x182>
20005010:	687b      	ldr	r3, [r7, #4]
20005012:	4a26      	ldr	r2, [pc, #152]	@ (200050ac <TIM_DeInit+0x1b0>)
20005014:	4293      	cmp	r3, r2
20005016:	d10a      	bne.n	2000502e <TIM_DeInit+0x132>
20005018:	2101      	movs	r1, #1
2000501a:	f44f 2080 	mov.w	r0, #262144	@ 0x40000
2000501e:	f7ff fd67 	bl	20004af0 <RCC_APB2PeriphResetCmd>
20005022:	2100      	movs	r1, #0
20005024:	f44f 2080 	mov.w	r0, #262144	@ 0x40000
20005028:	f7ff fd62 	bl	20004af0 <RCC_APB2PeriphResetCmd>
2000502c:	e027      	b.n	2000507e <TIM_DeInit+0x182>
2000502e:	687b      	ldr	r3, [r7, #4]
20005030:	4a1f      	ldr	r2, [pc, #124]	@ (200050b0 <TIM_DeInit+0x1b4>)
20005032:	4293      	cmp	r3, r2
20005034:	d108      	bne.n	20005048 <TIM_DeInit+0x14c>
20005036:	2101      	movs	r1, #1
20005038:	2040      	movs	r0, #64	@ 0x40
2000503a:	f7ff fd39 	bl	20004ab0 <RCC_APB1PeriphResetCmd>
2000503e:	2100      	movs	r1, #0
20005040:	2040      	movs	r0, #64	@ 0x40
20005042:	f7ff fd35 	bl	20004ab0 <RCC_APB1PeriphResetCmd>
20005046:	e01a      	b.n	2000507e <TIM_DeInit+0x182>
20005048:	687b      	ldr	r3, [r7, #4]
2000504a:	4a1a      	ldr	r2, [pc, #104]	@ (200050b4 <TIM_DeInit+0x1b8>)
2000504c:	4293      	cmp	r3, r2
2000504e:	d108      	bne.n	20005062 <TIM_DeInit+0x166>
20005050:	2101      	movs	r1, #1
20005052:	2080      	movs	r0, #128	@ 0x80
20005054:	f7ff fd2c 	bl	20004ab0 <RCC_APB1PeriphResetCmd>
20005058:	2100      	movs	r1, #0
2000505a:	2080      	movs	r0, #128	@ 0x80
2000505c:	f7ff fd28 	bl	20004ab0 <RCC_APB1PeriphResetCmd>
20005060:	e00d      	b.n	2000507e <TIM_DeInit+0x182>
20005062:	687b      	ldr	r3, [r7, #4]
20005064:	4a14      	ldr	r2, [pc, #80]	@ (200050b8 <TIM_DeInit+0x1bc>)
20005066:	4293      	cmp	r3, r2
20005068:	d109      	bne.n	2000507e <TIM_DeInit+0x182>
2000506a:	2101      	movs	r1, #1
2000506c:	f44f 7080 	mov.w	r0, #256	@ 0x100
20005070:	f7ff fd1e 	bl	20004ab0 <RCC_APB1PeriphResetCmd>
20005074:	2100      	movs	r1, #0
20005076:	f44f 7080 	mov.w	r0, #256	@ 0x100
2000507a:	f7ff fd19 	bl	20004ab0 <RCC_APB1PeriphResetCmd>
2000507e:	bf00      	nop
20005080:	3708      	adds	r7, #8
20005082:	46bd      	mov	sp, r7
20005084:	bd80      	pop	{r7, pc}
20005086:	bf00      	nop
20005088:	40010000 	.word	0x40010000
2000508c:	40000400 	.word	0x40000400
20005090:	40000800 	.word	0x40000800
20005094:	40000c00 	.word	0x40000c00
20005098:	40001000 	.word	0x40001000
2000509c:	40001400 	.word	0x40001400
200050a0:	40010400 	.word	0x40010400
200050a4:	40014000 	.word	0x40014000
200050a8:	40014400 	.word	0x40014400
200050ac:	40014800 	.word	0x40014800
200050b0:	40001800 	.word	0x40001800
200050b4:	40001c00 	.word	0x40001c00
200050b8:	40002000 	.word	0x40002000

200050bc <TIM_TimeBaseInit>:
200050bc:	b480      	push	{r7}
200050be:	b085      	sub	sp, #20
200050c0:	af00      	add	r7, sp, #0
200050c2:	6078      	str	r0, [r7, #4]
200050c4:	6039      	str	r1, [r7, #0]
200050c6:	2300      	movs	r3, #0
200050c8:	81fb      	strh	r3, [r7, #14]
200050ca:	687b      	ldr	r3, [r7, #4]
200050cc:	881b      	ldrh	r3, [r3, #0]
200050ce:	81fb      	strh	r3, [r7, #14]
200050d0:	687b      	ldr	r3, [r7, #4]
200050d2:	4a29      	ldr	r2, [pc, #164]	@ (20005178 <TIM_TimeBaseInit+0xbc>)
200050d4:	4293      	cmp	r3, r2
200050d6:	d013      	beq.n	20005100 <TIM_TimeBaseInit+0x44>
200050d8:	687b      	ldr	r3, [r7, #4]
200050da:	4a28      	ldr	r2, [pc, #160]	@ (2000517c <TIM_TimeBaseInit+0xc0>)
200050dc:	4293      	cmp	r3, r2
200050de:	d00f      	beq.n	20005100 <TIM_TimeBaseInit+0x44>
200050e0:	687b      	ldr	r3, [r7, #4]
200050e2:	f1b3 4f80 	cmp.w	r3, #1073741824	@ 0x40000000
200050e6:	d00b      	beq.n	20005100 <TIM_TimeBaseInit+0x44>
200050e8:	687b      	ldr	r3, [r7, #4]
200050ea:	4a25      	ldr	r2, [pc, #148]	@ (20005180 <TIM_TimeBaseInit+0xc4>)
200050ec:	4293      	cmp	r3, r2
200050ee:	d007      	beq.n	20005100 <TIM_TimeBaseInit+0x44>
200050f0:	687b      	ldr	r3, [r7, #4]
200050f2:	4a24      	ldr	r2, [pc, #144]	@ (20005184 <TIM_TimeBaseInit+0xc8>)
200050f4:	4293      	cmp	r3, r2
200050f6:	d003      	beq.n	20005100 <TIM_TimeBaseInit+0x44>
200050f8:	687b      	ldr	r3, [r7, #4]
200050fa:	4a23      	ldr	r2, [pc, #140]	@ (20005188 <TIM_TimeBaseInit+0xcc>)
200050fc:	4293      	cmp	r3, r2
200050fe:	d108      	bne.n	20005112 <TIM_TimeBaseInit+0x56>
20005100:	89fb      	ldrh	r3, [r7, #14]
20005102:	f023 0370 	bic.w	r3, r3, #112	@ 0x70
20005106:	81fb      	strh	r3, [r7, #14]
20005108:	683b      	ldr	r3, [r7, #0]
2000510a:	885a      	ldrh	r2, [r3, #2]
2000510c:	89fb      	ldrh	r3, [r7, #14]
2000510e:	4313      	orrs	r3, r2
20005110:	81fb      	strh	r3, [r7, #14]
20005112:	687b      	ldr	r3, [r7, #4]
20005114:	4a1d      	ldr	r2, [pc, #116]	@ (2000518c <TIM_TimeBaseInit+0xd0>)
20005116:	4293      	cmp	r3, r2
20005118:	d00c      	beq.n	20005134 <TIM_TimeBaseInit+0x78>
2000511a:	687b      	ldr	r3, [r7, #4]
2000511c:	4a1c      	ldr	r2, [pc, #112]	@ (20005190 <TIM_TimeBaseInit+0xd4>)
2000511e:	4293      	cmp	r3, r2
20005120:	d008      	beq.n	20005134 <TIM_TimeBaseInit+0x78>
20005122:	89fb      	ldrh	r3, [r7, #14]
20005124:	f423 7340 	bic.w	r3, r3, #768	@ 0x300
20005128:	81fb      	strh	r3, [r7, #14]
2000512a:	683b      	ldr	r3, [r7, #0]
2000512c:	891a      	ldrh	r2, [r3, #8]
2000512e:	89fb      	ldrh	r3, [r7, #14]
20005130:	4313      	orrs	r3, r2
20005132:	81fb      	strh	r3, [r7, #14]
20005134:	687b      	ldr	r3, [r7, #4]
20005136:	89fa      	ldrh	r2, [r7, #14]
20005138:	801a      	strh	r2, [r3, #0]
2000513a:	683b      	ldr	r3, [r7, #0]
2000513c:	685a      	ldr	r2, [r3, #4]
2000513e:	687b      	ldr	r3, [r7, #4]
20005140:	62da      	str	r2, [r3, #44]	@ 0x2c
20005142:	683b      	ldr	r3, [r7, #0]
20005144:	881a      	ldrh	r2, [r3, #0]
20005146:	687b      	ldr	r3, [r7, #4]
20005148:	851a      	strh	r2, [r3, #40]	@ 0x28
2000514a:	687b      	ldr	r3, [r7, #4]
2000514c:	4a0a      	ldr	r2, [pc, #40]	@ (20005178 <TIM_TimeBaseInit+0xbc>)
2000514e:	4293      	cmp	r3, r2
20005150:	d003      	beq.n	2000515a <TIM_TimeBaseInit+0x9e>
20005152:	687b      	ldr	r3, [r7, #4]
20005154:	4a09      	ldr	r2, [pc, #36]	@ (2000517c <TIM_TimeBaseInit+0xc0>)
20005156:	4293      	cmp	r3, r2
20005158:	d104      	bne.n	20005164 <TIM_TimeBaseInit+0xa8>
2000515a:	683b      	ldr	r3, [r7, #0]
2000515c:	7a9b      	ldrb	r3, [r3, #10]
2000515e:	461a      	mov	r2, r3
20005160:	687b      	ldr	r3, [r7, #4]
20005162:	861a      	strh	r2, [r3, #48]	@ 0x30
20005164:	687b      	ldr	r3, [r7, #4]
20005166:	2201      	movs	r2, #1
20005168:	829a      	strh	r2, [r3, #20]
2000516a:	bf00      	nop
2000516c:	3714      	adds	r7, #20
2000516e:	46bd      	mov	sp, r7
20005170:	f85d 7b04 	ldr.w	r7, [sp], #4
20005174:	4770      	bx	lr
20005176:	bf00      	nop
20005178:	40010000 	.word	0x40010000
2000517c:	40010400 	.word	0x40010400
20005180:	40000400 	.word	0x40000400
20005184:	40000800 	.word	0x40000800
20005188:	40000c00 	.word	0x40000c00
2000518c:	40001000 	.word	0x40001000
20005190:	40001400 	.word	0x40001400

20005194 <TIM_TimeBaseStructInit>:
20005194:	b480      	push	{r7}
20005196:	b083      	sub	sp, #12
20005198:	af00      	add	r7, sp, #0
2000519a:	6078      	str	r0, [r7, #4]
2000519c:	687b      	ldr	r3, [r7, #4]
2000519e:	f04f 32ff 	mov.w	r2, #4294967295
200051a2:	605a      	str	r2, [r3, #4]
200051a4:	687b      	ldr	r3, [r7, #4]
200051a6:	2200      	movs	r2, #0
200051a8:	801a      	strh	r2, [r3, #0]
200051aa:	687b      	ldr	r3, [r7, #4]
200051ac:	2200      	movs	r2, #0
200051ae:	811a      	strh	r2, [r3, #8]
200051b0:	687b      	ldr	r3, [r7, #4]
200051b2:	2200      	movs	r2, #0
200051b4:	805a      	strh	r2, [r3, #2]
200051b6:	687b      	ldr	r3, [r7, #4]
200051b8:	2200      	movs	r2, #0
200051ba:	729a      	strb	r2, [r3, #10]
200051bc:	bf00      	nop
200051be:	370c      	adds	r7, #12
200051c0:	46bd      	mov	sp, r7
200051c2:	f85d 7b04 	ldr.w	r7, [sp], #4
200051c6:	4770      	bx	lr

200051c8 <TIM_PrescalerConfig>:
200051c8:	b480      	push	{r7}
200051ca:	b083      	sub	sp, #12
200051cc:	af00      	add	r7, sp, #0
200051ce:	6078      	str	r0, [r7, #4]
200051d0:	460b      	mov	r3, r1
200051d2:	807b      	strh	r3, [r7, #2]
200051d4:	4613      	mov	r3, r2
200051d6:	803b      	strh	r3, [r7, #0]
200051d8:	687b      	ldr	r3, [r7, #4]
200051da:	887a      	ldrh	r2, [r7, #2]
200051dc:	851a      	strh	r2, [r3, #40]	@ 0x28
200051de:	687b      	ldr	r3, [r7, #4]
200051e0:	883a      	ldrh	r2, [r7, #0]
200051e2:	829a      	strh	r2, [r3, #20]
200051e4:	bf00      	nop
200051e6:	370c      	adds	r7, #12
200051e8:	46bd      	mov	sp, r7
200051ea:	f85d 7b04 	ldr.w	r7, [sp], #4
200051ee:	4770      	bx	lr

200051f0 <TIM_CounterModeConfig>:
200051f0:	b480      	push	{r7}
200051f2:	b085      	sub	sp, #20
200051f4:	af00      	add	r7, sp, #0
200051f6:	6078      	str	r0, [r7, #4]
200051f8:	460b      	mov	r3, r1
200051fa:	807b      	strh	r3, [r7, #2]
200051fc:	2300      	movs	r3, #0
200051fe:	81fb      	strh	r3, [r7, #14]
20005200:	687b      	ldr	r3, [r7, #4]
20005202:	881b      	ldrh	r3, [r3, #0]
20005204:	81fb      	strh	r3, [r7, #14]
20005206:	89fb      	ldrh	r3, [r7, #14]
20005208:	f023 0370 	bic.w	r3, r3, #112	@ 0x70
2000520c:	81fb      	strh	r3, [r7, #14]
2000520e:	89fa      	ldrh	r2, [r7, #14]
20005210:	887b      	ldrh	r3, [r7, #2]
20005212:	4313      	orrs	r3, r2
20005214:	81fb      	strh	r3, [r7, #14]
20005216:	687b      	ldr	r3, [r7, #4]
20005218:	89fa      	ldrh	r2, [r7, #14]
2000521a:	801a      	strh	r2, [r3, #0]
2000521c:	bf00      	nop
2000521e:	3714      	adds	r7, #20
20005220:	46bd      	mov	sp, r7
20005222:	f85d 7b04 	ldr.w	r7, [sp], #4
20005226:	4770      	bx	lr

20005228 <TIM_SetCounter>:
20005228:	b480      	push	{r7}
2000522a:	b083      	sub	sp, #12
2000522c:	af00      	add	r7, sp, #0
2000522e:	6078      	str	r0, [r7, #4]
20005230:	6039      	str	r1, [r7, #0]
20005232:	687b      	ldr	r3, [r7, #4]
20005234:	683a      	ldr	r2, [r7, #0]
20005236:	625a      	str	r2, [r3, #36]	@ 0x24
20005238:	bf00      	nop
2000523a:	370c      	adds	r7, #12
2000523c:	46bd      	mov	sp, r7
2000523e:	f85d 7b04 	ldr.w	r7, [sp], #4
20005242:	4770      	bx	lr

20005244 <TIM_SetAutoreload>:
20005244:	b480      	push	{r7}
20005246:	b083      	sub	sp, #12
20005248:	af00      	add	r7, sp, #0
2000524a:	6078      	str	r0, [r7, #4]
2000524c:	6039      	str	r1, [r7, #0]
2000524e:	687b      	ldr	r3, [r7, #4]
20005250:	683a      	ldr	r2, [r7, #0]
20005252:	62da      	str	r2, [r3, #44]	@ 0x2c
20005254:	bf00      	nop
20005256:	370c      	adds	r7, #12
20005258:	46bd      	mov	sp, r7
2000525a:	f85d 7b04 	ldr.w	r7, [sp], #4
2000525e:	4770      	bx	lr

20005260 <TIM_GetCounter>:
20005260:	b480      	push	{r7}
20005262:	b083      	sub	sp, #12
20005264:	af00      	add	r7, sp, #0
20005266:	6078      	str	r0, [r7, #4]
20005268:	687b      	ldr	r3, [r7, #4]
2000526a:	6a5b      	ldr	r3, [r3, #36]	@ 0x24
2000526c:	4618      	mov	r0, r3
2000526e:	370c      	adds	r7, #12
20005270:	46bd      	mov	sp, r7
20005272:	f85d 7b04 	ldr.w	r7, [sp], #4
20005276:	4770      	bx	lr

20005278 <TIM_GetPrescaler>:
20005278:	b480      	push	{r7}
2000527a:	b083      	sub	sp, #12
2000527c:	af00      	add	r7, sp, #0
2000527e:	6078      	str	r0, [r7, #4]
20005280:	687b      	ldr	r3, [r7, #4]
20005282:	8d1b      	ldrh	r3, [r3, #40]	@ 0x28
20005284:	b29b      	uxth	r3, r3
20005286:	4618      	mov	r0, r3
20005288:	370c      	adds	r7, #12
2000528a:	46bd      	mov	sp, r7
2000528c:	f85d 7b04 	ldr.w	r7, [sp], #4
20005290:	4770      	bx	lr

20005292 <TIM_UpdateDisableConfig>:
20005292:	b480      	push	{r7}
20005294:	b083      	sub	sp, #12
20005296:	af00      	add	r7, sp, #0
20005298:	6078      	str	r0, [r7, #4]
2000529a:	460b      	mov	r3, r1
2000529c:	70fb      	strb	r3, [r7, #3]
2000529e:	78fb      	ldrb	r3, [r7, #3]
200052a0:	2b00      	cmp	r3, #0
200052a2:	d008      	beq.n	200052b6 <TIM_UpdateDisableConfig+0x24>
200052a4:	687b      	ldr	r3, [r7, #4]
200052a6:	881b      	ldrh	r3, [r3, #0]
200052a8:	b29b      	uxth	r3, r3
200052aa:	f043 0302 	orr.w	r3, r3, #2
200052ae:	b29a      	uxth	r2, r3
200052b0:	687b      	ldr	r3, [r7, #4]
200052b2:	801a      	strh	r2, [r3, #0]
200052b4:	e007      	b.n	200052c6 <TIM_UpdateDisableConfig+0x34>
200052b6:	687b      	ldr	r3, [r7, #4]
200052b8:	881b      	ldrh	r3, [r3, #0]
200052ba:	b29b      	uxth	r3, r3
200052bc:	f023 0302 	bic.w	r3, r3, #2
200052c0:	b29a      	uxth	r2, r3
200052c2:	687b      	ldr	r3, [r7, #4]
200052c4:	801a      	strh	r2, [r3, #0]
200052c6:	bf00      	nop
200052c8:	370c      	adds	r7, #12
200052ca:	46bd      	mov	sp, r7
200052cc:	f85d 7b04 	ldr.w	r7, [sp], #4
200052d0:	4770      	bx	lr

200052d2 <TIM_UpdateRequestConfig>:
200052d2:	b480      	push	{r7}
200052d4:	b083      	sub	sp, #12
200052d6:	af00      	add	r7, sp, #0
200052d8:	6078      	str	r0, [r7, #4]
200052da:	460b      	mov	r3, r1
200052dc:	807b      	strh	r3, [r7, #2]
200052de:	887b      	ldrh	r3, [r7, #2]
200052e0:	2b00      	cmp	r3, #0
200052e2:	d008      	beq.n	200052f6 <TIM_UpdateRequestConfig+0x24>
200052e4:	687b      	ldr	r3, [r7, #4]
200052e6:	881b      	ldrh	r3, [r3, #0]
200052e8:	b29b      	uxth	r3, r3
200052ea:	f043 0304 	orr.w	r3, r3, #4
200052ee:	b29a      	uxth	r2, r3
200052f0:	687b      	ldr	r3, [r7, #4]
200052f2:	801a      	strh	r2, [r3, #0]
200052f4:	e007      	b.n	20005306 <TIM_UpdateRequestConfig+0x34>
200052f6:	687b      	ldr	r3, [r7, #4]
200052f8:	881b      	ldrh	r3, [r3, #0]
200052fa:	b29b      	uxth	r3, r3
200052fc:	f023 0304 	bic.w	r3, r3, #4
20005300:	b29a      	uxth	r2, r3
20005302:	687b      	ldr	r3, [r7, #4]
20005304:	801a      	strh	r2, [r3, #0]
20005306:	bf00      	nop
20005308:	370c      	adds	r7, #12
2000530a:	46bd      	mov	sp, r7
2000530c:	f85d 7b04 	ldr.w	r7, [sp], #4
20005310:	4770      	bx	lr

20005312 <TIM_ARRPreloadConfig>:
20005312:	b480      	push	{r7}
20005314:	b083      	sub	sp, #12
20005316:	af00      	add	r7, sp, #0
20005318:	6078      	str	r0, [r7, #4]
2000531a:	460b      	mov	r3, r1
2000531c:	70fb      	strb	r3, [r7, #3]
2000531e:	78fb      	ldrb	r3, [r7, #3]
20005320:	2b00      	cmp	r3, #0
20005322:	d008      	beq.n	20005336 <TIM_ARRPreloadConfig+0x24>
20005324:	687b      	ldr	r3, [r7, #4]
20005326:	881b      	ldrh	r3, [r3, #0]
20005328:	b29b      	uxth	r3, r3
2000532a:	f043 0380 	orr.w	r3, r3, #128	@ 0x80
2000532e:	b29a      	uxth	r2, r3
20005330:	687b      	ldr	r3, [r7, #4]
20005332:	801a      	strh	r2, [r3, #0]
20005334:	e007      	b.n	20005346 <TIM_ARRPreloadConfig+0x34>
20005336:	687b      	ldr	r3, [r7, #4]
20005338:	881b      	ldrh	r3, [r3, #0]
2000533a:	b29b      	uxth	r3, r3
2000533c:	f023 0380 	bic.w	r3, r3, #128	@ 0x80
20005340:	b29a      	uxth	r2, r3
20005342:	687b      	ldr	r3, [r7, #4]
20005344:	801a      	strh	r2, [r3, #0]
20005346:	bf00      	nop
20005348:	370c      	adds	r7, #12
2000534a:	46bd      	mov	sp, r7
2000534c:	f85d 7b04 	ldr.w	r7, [sp], #4
20005350:	4770      	bx	lr

20005352 <TIM_SelectOnePulseMode>:
20005352:	b480      	push	{r7}
20005354:	b083      	sub	sp, #12
20005356:	af00      	add	r7, sp, #0
20005358:	6078      	str	r0, [r7, #4]
2000535a:	460b      	mov	r3, r1
2000535c:	807b      	strh	r3, [r7, #2]
2000535e:	687b      	ldr	r3, [r7, #4]
20005360:	881b      	ldrh	r3, [r3, #0]
20005362:	b29b      	uxth	r3, r3
20005364:	f023 0308 	bic.w	r3, r3, #8
20005368:	b29a      	uxth	r2, r3
2000536a:	687b      	ldr	r3, [r7, #4]
2000536c:	801a      	strh	r2, [r3, #0]
2000536e:	687b      	ldr	r3, [r7, #4]
20005370:	881b      	ldrh	r3, [r3, #0]
20005372:	b29a      	uxth	r2, r3
20005374:	887b      	ldrh	r3, [r7, #2]
20005376:	4313      	orrs	r3, r2
20005378:	b29a      	uxth	r2, r3
2000537a:	687b      	ldr	r3, [r7, #4]
2000537c:	801a      	strh	r2, [r3, #0]
2000537e:	bf00      	nop
20005380:	370c      	adds	r7, #12
20005382:	46bd      	mov	sp, r7
20005384:	f85d 7b04 	ldr.w	r7, [sp], #4
20005388:	4770      	bx	lr

2000538a <TIM_SetClockDivision>:
2000538a:	b480      	push	{r7}
2000538c:	b083      	sub	sp, #12
2000538e:	af00      	add	r7, sp, #0
20005390:	6078      	str	r0, [r7, #4]
20005392:	460b      	mov	r3, r1
20005394:	807b      	strh	r3, [r7, #2]
20005396:	687b      	ldr	r3, [r7, #4]
20005398:	881b      	ldrh	r3, [r3, #0]
2000539a:	b29b      	uxth	r3, r3
2000539c:	f423 7340 	bic.w	r3, r3, #768	@ 0x300
200053a0:	b29a      	uxth	r2, r3
200053a2:	687b      	ldr	r3, [r7, #4]
200053a4:	801a      	strh	r2, [r3, #0]
200053a6:	687b      	ldr	r3, [r7, #4]
200053a8:	881b      	ldrh	r3, [r3, #0]
200053aa:	b29a      	uxth	r2, r3
200053ac:	887b      	ldrh	r3, [r7, #2]
200053ae:	4313      	orrs	r3, r2
200053b0:	b29a      	uxth	r2, r3
200053b2:	687b      	ldr	r3, [r7, #4]
200053b4:	801a      	strh	r2, [r3, #0]
200053b6:	bf00      	nop
200053b8:	370c      	adds	r7, #12
200053ba:	46bd      	mov	sp, r7
200053bc:	f85d 7b04 	ldr.w	r7, [sp], #4
200053c0:	4770      	bx	lr

200053c2 <TIM_Cmd>:
200053c2:	b480      	push	{r7}
200053c4:	b083      	sub	sp, #12
200053c6:	af00      	add	r7, sp, #0
200053c8:	6078      	str	r0, [r7, #4]
200053ca:	460b      	mov	r3, r1
200053cc:	70fb      	strb	r3, [r7, #3]
200053ce:	78fb      	ldrb	r3, [r7, #3]
200053d0:	2b00      	cmp	r3, #0
200053d2:	d008      	beq.n	200053e6 <TIM_Cmd+0x24>
200053d4:	687b      	ldr	r3, [r7, #4]
200053d6:	881b      	ldrh	r3, [r3, #0]
200053d8:	b29b      	uxth	r3, r3
200053da:	f043 0301 	orr.w	r3, r3, #1
200053de:	b29a      	uxth	r2, r3
200053e0:	687b      	ldr	r3, [r7, #4]
200053e2:	801a      	strh	r2, [r3, #0]
200053e4:	e007      	b.n	200053f6 <TIM_Cmd+0x34>
200053e6:	687b      	ldr	r3, [r7, #4]
200053e8:	881b      	ldrh	r3, [r3, #0]
200053ea:	b29b      	uxth	r3, r3
200053ec:	f023 0301 	bic.w	r3, r3, #1
200053f0:	b29a      	uxth	r2, r3
200053f2:	687b      	ldr	r3, [r7, #4]
200053f4:	801a      	strh	r2, [r3, #0]
200053f6:	bf00      	nop
200053f8:	370c      	adds	r7, #12
200053fa:	46bd      	mov	sp, r7
200053fc:	f85d 7b04 	ldr.w	r7, [sp], #4
20005400:	4770      	bx	lr

20005402 <TIM_OC1Init>:
20005402:	b480      	push	{r7}
20005404:	b085      	sub	sp, #20
20005406:	af00      	add	r7, sp, #0
20005408:	6078      	str	r0, [r7, #4]
2000540a:	6039      	str	r1, [r7, #0]
2000540c:	2300      	movs	r3, #0
2000540e:	817b      	strh	r3, [r7, #10]
20005410:	2300      	movs	r3, #0
20005412:	81fb      	strh	r3, [r7, #14]
20005414:	2300      	movs	r3, #0
20005416:	81bb      	strh	r3, [r7, #12]
20005418:	687b      	ldr	r3, [r7, #4]
2000541a:	8c1b      	ldrh	r3, [r3, #32]
2000541c:	b29b      	uxth	r3, r3
2000541e:	f023 0301 	bic.w	r3, r3, #1
20005422:	b29a      	uxth	r2, r3
20005424:	687b      	ldr	r3, [r7, #4]
20005426:	841a      	strh	r2, [r3, #32]
20005428:	687b      	ldr	r3, [r7, #4]
2000542a:	8c1b      	ldrh	r3, [r3, #32]
2000542c:	81fb      	strh	r3, [r7, #14]
2000542e:	687b      	ldr	r3, [r7, #4]
20005430:	889b      	ldrh	r3, [r3, #4]
20005432:	81bb      	strh	r3, [r7, #12]
20005434:	687b      	ldr	r3, [r7, #4]
20005436:	8b1b      	ldrh	r3, [r3, #24]
20005438:	817b      	strh	r3, [r7, #10]
2000543a:	897b      	ldrh	r3, [r7, #10]
2000543c:	f023 0370 	bic.w	r3, r3, #112	@ 0x70
20005440:	817b      	strh	r3, [r7, #10]
20005442:	897b      	ldrh	r3, [r7, #10]
20005444:	f023 0303 	bic.w	r3, r3, #3
20005448:	817b      	strh	r3, [r7, #10]
2000544a:	683b      	ldr	r3, [r7, #0]
2000544c:	881a      	ldrh	r2, [r3, #0]
2000544e:	897b      	ldrh	r3, [r7, #10]
20005450:	4313      	orrs	r3, r2
20005452:	817b      	strh	r3, [r7, #10]
20005454:	89fb      	ldrh	r3, [r7, #14]
20005456:	f023 0302 	bic.w	r3, r3, #2
2000545a:	81fb      	strh	r3, [r7, #14]
2000545c:	683b      	ldr	r3, [r7, #0]
2000545e:	899a      	ldrh	r2, [r3, #12]
20005460:	89fb      	ldrh	r3, [r7, #14]
20005462:	4313      	orrs	r3, r2
20005464:	81fb      	strh	r3, [r7, #14]
20005466:	683b      	ldr	r3, [r7, #0]
20005468:	885a      	ldrh	r2, [r3, #2]
2000546a:	89fb      	ldrh	r3, [r7, #14]
2000546c:	4313      	orrs	r3, r2
2000546e:	81fb      	strh	r3, [r7, #14]
20005470:	687b      	ldr	r3, [r7, #4]
20005472:	4a1f      	ldr	r2, [pc, #124]	@ (200054f0 <TIM_OC1Init+0xee>)
20005474:	4293      	cmp	r3, r2
20005476:	d003      	beq.n	20005480 <TIM_OC1Init+0x7e>
20005478:	687b      	ldr	r3, [r7, #4]
2000547a:	4a1e      	ldr	r2, [pc, #120]	@ (200054f4 <TIM_OC1Init+0xf2>)
2000547c:	4293      	cmp	r3, r2
2000547e:	d123      	bne.n	200054c8 <TIM_OC1Init+0xc6>
20005480:	89fb      	ldrh	r3, [r7, #14]
20005482:	f023 0308 	bic.w	r3, r3, #8
20005486:	81fb      	strh	r3, [r7, #14]
20005488:	683b      	ldr	r3, [r7, #0]
2000548a:	89da      	ldrh	r2, [r3, #14]
2000548c:	89fb      	ldrh	r3, [r7, #14]
2000548e:	4313      	orrs	r3, r2
20005490:	81fb      	strh	r3, [r7, #14]
20005492:	89fb      	ldrh	r3, [r7, #14]
20005494:	f023 0304 	bic.w	r3, r3, #4
20005498:	81fb      	strh	r3, [r7, #14]
2000549a:	683b      	ldr	r3, [r7, #0]
2000549c:	889a      	ldrh	r2, [r3, #4]
2000549e:	89fb      	ldrh	r3, [r7, #14]
200054a0:	4313      	orrs	r3, r2
200054a2:	81fb      	strh	r3, [r7, #14]
200054a4:	89bb      	ldrh	r3, [r7, #12]
200054a6:	f423 7380 	bic.w	r3, r3, #256	@ 0x100
200054aa:	81bb      	strh	r3, [r7, #12]
200054ac:	89bb      	ldrh	r3, [r7, #12]
200054ae:	f423 7300 	bic.w	r3, r3, #512	@ 0x200
200054b2:	81bb      	strh	r3, [r7, #12]
200054b4:	683b      	ldr	r3, [r7, #0]
200054b6:	8a1a      	ldrh	r2, [r3, #16]
200054b8:	89bb      	ldrh	r3, [r7, #12]
200054ba:	4313      	orrs	r3, r2
200054bc:	81bb      	strh	r3, [r7, #12]
200054be:	683b      	ldr	r3, [r7, #0]
200054c0:	8a5a      	ldrh	r2, [r3, #18]
200054c2:	89bb      	ldrh	r3, [r7, #12]
200054c4:	4313      	orrs	r3, r2
200054c6:	81bb      	strh	r3, [r7, #12]
200054c8:	687b      	ldr	r3, [r7, #4]
200054ca:	89ba      	ldrh	r2, [r7, #12]
200054cc:	809a      	strh	r2, [r3, #4]
200054ce:	687b      	ldr	r3, [r7, #4]
200054d0:	897a      	ldrh	r2, [r7, #10]
200054d2:	831a      	strh	r2, [r3, #24]
200054d4:	683b      	ldr	r3, [r7, #0]
200054d6:	689a      	ldr	r2, [r3, #8]
200054d8:	687b      	ldr	r3, [r7, #4]
200054da:	635a      	str	r2, [r3, #52]	@ 0x34
200054dc:	687b      	ldr	r3, [r7, #4]
200054de:	89fa      	ldrh	r2, [r7, #14]
200054e0:	841a      	strh	r2, [r3, #32]
200054e2:	bf00      	nop
200054e4:	3714      	adds	r7, #20
200054e6:	46bd      	mov	sp, r7
200054e8:	f85d 7b04 	ldr.w	r7, [sp], #4
200054ec:	4770      	bx	lr
200054ee:	bf00      	nop
200054f0:	40010000 	.word	0x40010000
200054f4:	40010400 	.word	0x40010400

200054f8 <TIM_OC2Init>:
200054f8:	b480      	push	{r7}
200054fa:	b085      	sub	sp, #20
200054fc:	af00      	add	r7, sp, #0
200054fe:	6078      	str	r0, [r7, #4]
20005500:	6039      	str	r1, [r7, #0]
20005502:	2300      	movs	r3, #0
20005504:	817b      	strh	r3, [r7, #10]
20005506:	2300      	movs	r3, #0
20005508:	81fb      	strh	r3, [r7, #14]
2000550a:	2300      	movs	r3, #0
2000550c:	81bb      	strh	r3, [r7, #12]
2000550e:	687b      	ldr	r3, [r7, #4]
20005510:	8c1b      	ldrh	r3, [r3, #32]
20005512:	b29b      	uxth	r3, r3
20005514:	f023 0310 	bic.w	r3, r3, #16
20005518:	b29a      	uxth	r2, r3
2000551a:	687b      	ldr	r3, [r7, #4]
2000551c:	841a      	strh	r2, [r3, #32]
2000551e:	687b      	ldr	r3, [r7, #4]
20005520:	8c1b      	ldrh	r3, [r3, #32]
20005522:	81fb      	strh	r3, [r7, #14]
20005524:	687b      	ldr	r3, [r7, #4]
20005526:	889b      	ldrh	r3, [r3, #4]
20005528:	81bb      	strh	r3, [r7, #12]
2000552a:	687b      	ldr	r3, [r7, #4]
2000552c:	8b1b      	ldrh	r3, [r3, #24]
2000552e:	817b      	strh	r3, [r7, #10]
20005530:	897b      	ldrh	r3, [r7, #10]
20005532:	f423 43e0 	bic.w	r3, r3, #28672	@ 0x7000
20005536:	817b      	strh	r3, [r7, #10]
20005538:	897b      	ldrh	r3, [r7, #10]
2000553a:	f423 7340 	bic.w	r3, r3, #768	@ 0x300
2000553e:	817b      	strh	r3, [r7, #10]
20005540:	683b      	ldr	r3, [r7, #0]
20005542:	881b      	ldrh	r3, [r3, #0]
20005544:	021b      	lsls	r3, r3, #8
20005546:	b29a      	uxth	r2, r3
20005548:	897b      	ldrh	r3, [r7, #10]
2000554a:	4313      	orrs	r3, r2
2000554c:	817b      	strh	r3, [r7, #10]
2000554e:	89fb      	ldrh	r3, [r7, #14]
20005550:	f023 0320 	bic.w	r3, r3, #32
20005554:	81fb      	strh	r3, [r7, #14]
20005556:	683b      	ldr	r3, [r7, #0]
20005558:	899b      	ldrh	r3, [r3, #12]
2000555a:	011b      	lsls	r3, r3, #4
2000555c:	b29a      	uxth	r2, r3
2000555e:	89fb      	ldrh	r3, [r7, #14]
20005560:	4313      	orrs	r3, r2
20005562:	81fb      	strh	r3, [r7, #14]
20005564:	683b      	ldr	r3, [r7, #0]
20005566:	885b      	ldrh	r3, [r3, #2]
20005568:	011b      	lsls	r3, r3, #4
2000556a:	b29a      	uxth	r2, r3
2000556c:	89fb      	ldrh	r3, [r7, #14]
2000556e:	4313      	orrs	r3, r2
20005570:	81fb      	strh	r3, [r7, #14]
20005572:	687b      	ldr	r3, [r7, #4]
20005574:	4a22      	ldr	r2, [pc, #136]	@ (20005600 <TIM_OC2Init+0x108>)
20005576:	4293      	cmp	r3, r2
20005578:	d003      	beq.n	20005582 <TIM_OC2Init+0x8a>
2000557a:	687b      	ldr	r3, [r7, #4]
2000557c:	4a21      	ldr	r2, [pc, #132]	@ (20005604 <TIM_OC2Init+0x10c>)
2000557e:	4293      	cmp	r3, r2
20005580:	d12b      	bne.n	200055da <TIM_OC2Init+0xe2>
20005582:	89fb      	ldrh	r3, [r7, #14]
20005584:	f023 0380 	bic.w	r3, r3, #128	@ 0x80
20005588:	81fb      	strh	r3, [r7, #14]
2000558a:	683b      	ldr	r3, [r7, #0]
2000558c:	89db      	ldrh	r3, [r3, #14]
2000558e:	011b      	lsls	r3, r3, #4
20005590:	b29a      	uxth	r2, r3
20005592:	89fb      	ldrh	r3, [r7, #14]
20005594:	4313      	orrs	r3, r2
20005596:	81fb      	strh	r3, [r7, #14]
20005598:	89fb      	ldrh	r3, [r7, #14]
2000559a:	f023 0340 	bic.w	r3, r3, #64	@ 0x40
2000559e:	81fb      	strh	r3, [r7, #14]
200055a0:	683b      	ldr	r3, [r7, #0]
200055a2:	889b      	ldrh	r3, [r3, #4]
200055a4:	011b      	lsls	r3, r3, #4
200055a6:	b29a      	uxth	r2, r3
200055a8:	89fb      	ldrh	r3, [r7, #14]
200055aa:	4313      	orrs	r3, r2
200055ac:	81fb      	strh	r3, [r7, #14]
200055ae:	89bb      	ldrh	r3, [r7, #12]
200055b0:	f423 6380 	bic.w	r3, r3, #1024	@ 0x400
200055b4:	81bb      	strh	r3, [r7, #12]
200055b6:	89bb      	ldrh	r3, [r7, #12]
200055b8:	f423 6300 	bic.w	r3, r3, #2048	@ 0x800
200055bc:	81bb      	strh	r3, [r7, #12]
200055be:	683b      	ldr	r3, [r7, #0]
200055c0:	8a1b      	ldrh	r3, [r3, #16]
200055c2:	009b      	lsls	r3, r3, #2
200055c4:	b29a      	uxth	r2, r3
200055c6:	89bb      	ldrh	r3, [r7, #12]
200055c8:	4313      	orrs	r3, r2
200055ca:	81bb      	strh	r3, [r7, #12]
200055cc:	683b      	ldr	r3, [r7, #0]
200055ce:	8a5b      	ldrh	r3, [r3, #18]
200055d0:	009b      	lsls	r3, r3, #2
200055d2:	b29a      	uxth	r2, r3
200055d4:	89bb      	ldrh	r3, [r7, #12]
200055d6:	4313      	orrs	r3, r2
200055d8:	81bb      	strh	r3, [r7, #12]
200055da:	687b      	ldr	r3, [r7, #4]
200055dc:	89ba      	ldrh	r2, [r7, #12]
200055de:	809a      	strh	r2, [r3, #4]
200055e0:	687b      	ldr	r3, [r7, #4]
200055e2:	897a      	ldrh	r2, [r7, #10]
200055e4:	831a      	strh	r2, [r3, #24]
200055e6:	683b      	ldr	r3, [r7, #0]
200055e8:	689a      	ldr	r2, [r3, #8]
200055ea:	687b      	ldr	r3, [r7, #4]
200055ec:	639a      	str	r2, [r3, #56]	@ 0x38
200055ee:	687b      	ldr	r3, [r7, #4]
200055f0:	89fa      	ldrh	r2, [r7, #14]
200055f2:	841a      	strh	r2, [r3, #32]
200055f4:	bf00      	nop
200055f6:	3714      	adds	r7, #20
200055f8:	46bd      	mov	sp, r7
200055fa:	f85d 7b04 	ldr.w	r7, [sp], #4
200055fe:	4770      	bx	lr
20005600:	40010000 	.word	0x40010000
20005604:	40010400 	.word	0x40010400

20005608 <TIM_OC3Init>:
20005608:	b480      	push	{r7}
2000560a:	b085      	sub	sp, #20
2000560c:	af00      	add	r7, sp, #0
2000560e:	6078      	str	r0, [r7, #4]
20005610:	6039      	str	r1, [r7, #0]
20005612:	2300      	movs	r3, #0
20005614:	817b      	strh	r3, [r7, #10]
20005616:	2300      	movs	r3, #0
20005618:	81fb      	strh	r3, [r7, #14]
2000561a:	2300      	movs	r3, #0
2000561c:	81bb      	strh	r3, [r7, #12]
2000561e:	687b      	ldr	r3, [r7, #4]
20005620:	8c1b      	ldrh	r3, [r3, #32]
20005622:	b29b      	uxth	r3, r3
20005624:	f423 7380 	bic.w	r3, r3, #256	@ 0x100
20005628:	b29a      	uxth	r2, r3
2000562a:	687b      	ldr	r3, [r7, #4]
2000562c:	841a      	strh	r2, [r3, #32]
2000562e:	687b      	ldr	r3, [r7, #4]
20005630:	8c1b      	ldrh	r3, [r3, #32]
20005632:	81fb      	strh	r3, [r7, #14]
20005634:	687b      	ldr	r3, [r7, #4]
20005636:	889b      	ldrh	r3, [r3, #4]
20005638:	81bb      	strh	r3, [r7, #12]
2000563a:	687b      	ldr	r3, [r7, #4]
2000563c:	8b9b      	ldrh	r3, [r3, #28]
2000563e:	817b      	strh	r3, [r7, #10]
20005640:	897b      	ldrh	r3, [r7, #10]
20005642:	f023 0370 	bic.w	r3, r3, #112	@ 0x70
20005646:	817b      	strh	r3, [r7, #10]
20005648:	897b      	ldrh	r3, [r7, #10]
2000564a:	f023 0303 	bic.w	r3, r3, #3
2000564e:	817b      	strh	r3, [r7, #10]
20005650:	683b      	ldr	r3, [r7, #0]
20005652:	881a      	ldrh	r2, [r3, #0]
20005654:	897b      	ldrh	r3, [r7, #10]
20005656:	4313      	orrs	r3, r2
20005658:	817b      	strh	r3, [r7, #10]
2000565a:	89fb      	ldrh	r3, [r7, #14]
2000565c:	f423 7300 	bic.w	r3, r3, #512	@ 0x200
20005660:	81fb      	strh	r3, [r7, #14]
20005662:	683b      	ldr	r3, [r7, #0]
20005664:	899b      	ldrh	r3, [r3, #12]
20005666:	021b      	lsls	r3, r3, #8
20005668:	b29a      	uxth	r2, r3
2000566a:	89fb      	ldrh	r3, [r7, #14]
2000566c:	4313      	orrs	r3, r2
2000566e:	81fb      	strh	r3, [r7, #14]
20005670:	683b      	ldr	r3, [r7, #0]
20005672:	885b      	ldrh	r3, [r3, #2]
20005674:	021b      	lsls	r3, r3, #8
20005676:	b29a      	uxth	r2, r3
20005678:	89fb      	ldrh	r3, [r7, #14]
2000567a:	4313      	orrs	r3, r2
2000567c:	81fb      	strh	r3, [r7, #14]
2000567e:	687b      	ldr	r3, [r7, #4]
20005680:	4a22      	ldr	r2, [pc, #136]	@ (2000570c <TIM_OC3Init+0x104>)
20005682:	4293      	cmp	r3, r2
20005684:	d003      	beq.n	2000568e <TIM_OC3Init+0x86>
20005686:	687b      	ldr	r3, [r7, #4]
20005688:	4a21      	ldr	r2, [pc, #132]	@ (20005710 <TIM_OC3Init+0x108>)
2000568a:	4293      	cmp	r3, r2
2000568c:	d12b      	bne.n	200056e6 <TIM_OC3Init+0xde>
2000568e:	89fb      	ldrh	r3, [r7, #14]
20005690:	f423 6300 	bic.w	r3, r3, #2048	@ 0x800
20005694:	81fb      	strh	r3, [r7, #14]
20005696:	683b      	ldr	r3, [r7, #0]
20005698:	89db      	ldrh	r3, [r3, #14]
2000569a:	021b      	lsls	r3, r3, #8
2000569c:	b29a      	uxth	r2, r3
2000569e:	89fb      	ldrh	r3, [r7, #14]
200056a0:	4313      	orrs	r3, r2
200056a2:	81fb      	strh	r3, [r7, #14]
200056a4:	89fb      	ldrh	r3, [r7, #14]
200056a6:	f423 6380 	bic.w	r3, r3, #1024	@ 0x400
200056aa:	81fb      	strh	r3, [r7, #14]
200056ac:	683b      	ldr	r3, [r7, #0]
200056ae:	889b      	ldrh	r3, [r3, #4]
200056b0:	021b      	lsls	r3, r3, #8
200056b2:	b29a      	uxth	r2, r3
200056b4:	89fb      	ldrh	r3, [r7, #14]
200056b6:	4313      	orrs	r3, r2
200056b8:	81fb      	strh	r3, [r7, #14]
200056ba:	89bb      	ldrh	r3, [r7, #12]
200056bc:	f423 5380 	bic.w	r3, r3, #4096	@ 0x1000
200056c0:	81bb      	strh	r3, [r7, #12]
200056c2:	89bb      	ldrh	r3, [r7, #12]
200056c4:	f423 5300 	bic.w	r3, r3, #8192	@ 0x2000
200056c8:	81bb      	strh	r3, [r7, #12]
200056ca:	683b      	ldr	r3, [r7, #0]
200056cc:	8a1b      	ldrh	r3, [r3, #16]
200056ce:	011b      	lsls	r3, r3, #4
200056d0:	b29a      	uxth	r2, r3
200056d2:	89bb      	ldrh	r3, [r7, #12]
200056d4:	4313      	orrs	r3, r2
200056d6:	81bb      	strh	r3, [r7, #12]
200056d8:	683b      	ldr	r3, [r7, #0]
200056da:	8a5b      	ldrh	r3, [r3, #18]
200056dc:	011b      	lsls	r3, r3, #4
200056de:	b29a      	uxth	r2, r3
200056e0:	89bb      	ldrh	r3, [r7, #12]
200056e2:	4313      	orrs	r3, r2
200056e4:	81bb      	strh	r3, [r7, #12]
200056e6:	687b      	ldr	r3, [r7, #4]
200056e8:	89ba      	ldrh	r2, [r7, #12]
200056ea:	809a      	strh	r2, [r3, #4]
200056ec:	687b      	ldr	r3, [r7, #4]
200056ee:	897a      	ldrh	r2, [r7, #10]
200056f0:	839a      	strh	r2, [r3, #28]
200056f2:	683b      	ldr	r3, [r7, #0]
200056f4:	689a      	ldr	r2, [r3, #8]
200056f6:	687b      	ldr	r3, [r7, #4]
200056f8:	63da      	str	r2, [r3, #60]	@ 0x3c
200056fa:	687b      	ldr	r3, [r7, #4]
200056fc:	89fa      	ldrh	r2, [r7, #14]
200056fe:	841a      	strh	r2, [r3, #32]
20005700:	bf00      	nop
20005702:	3714      	adds	r7, #20
20005704:	46bd      	mov	sp, r7
20005706:	f85d 7b04 	ldr.w	r7, [sp], #4
2000570a:	4770      	bx	lr
2000570c:	40010000 	.word	0x40010000
20005710:	40010400 	.word	0x40010400

20005714 <TIM_OC4Init>:
20005714:	b480      	push	{r7}
20005716:	b085      	sub	sp, #20
20005718:	af00      	add	r7, sp, #0
2000571a:	6078      	str	r0, [r7, #4]
2000571c:	6039      	str	r1, [r7, #0]
2000571e:	2300      	movs	r3, #0
20005720:	81bb      	strh	r3, [r7, #12]
20005722:	2300      	movs	r3, #0
20005724:	817b      	strh	r3, [r7, #10]
20005726:	2300      	movs	r3, #0
20005728:	81fb      	strh	r3, [r7, #14]
2000572a:	687b      	ldr	r3, [r7, #4]
2000572c:	8c1b      	ldrh	r3, [r3, #32]
2000572e:	b29b      	uxth	r3, r3
20005730:	f423 5380 	bic.w	r3, r3, #4096	@ 0x1000
20005734:	b29a      	uxth	r2, r3
20005736:	687b      	ldr	r3, [r7, #4]
20005738:	841a      	strh	r2, [r3, #32]
2000573a:	687b      	ldr	r3, [r7, #4]
2000573c:	8c1b      	ldrh	r3, [r3, #32]
2000573e:	817b      	strh	r3, [r7, #10]
20005740:	687b      	ldr	r3, [r7, #4]
20005742:	889b      	ldrh	r3, [r3, #4]
20005744:	81fb      	strh	r3, [r7, #14]
20005746:	687b      	ldr	r3, [r7, #4]
20005748:	8b9b      	ldrh	r3, [r3, #28]
2000574a:	81bb      	strh	r3, [r7, #12]
2000574c:	89bb      	ldrh	r3, [r7, #12]
2000574e:	f423 43e0 	bic.w	r3, r3, #28672	@ 0x7000
20005752:	81bb      	strh	r3, [r7, #12]
20005754:	89bb      	ldrh	r3, [r7, #12]
20005756:	f423 7340 	bic.w	r3, r3, #768	@ 0x300
2000575a:	81bb      	strh	r3, [r7, #12]
2000575c:	683b      	ldr	r3, [r7, #0]
2000575e:	881b      	ldrh	r3, [r3, #0]
20005760:	021b      	lsls	r3, r3, #8
20005762:	b29a      	uxth	r2, r3
20005764:	89bb      	ldrh	r3, [r7, #12]
20005766:	4313      	orrs	r3, r2
20005768:	81bb      	strh	r3, [r7, #12]
2000576a:	897b      	ldrh	r3, [r7, #10]
2000576c:	f423 5300 	bic.w	r3, r3, #8192	@ 0x2000
20005770:	817b      	strh	r3, [r7, #10]
20005772:	683b      	ldr	r3, [r7, #0]
20005774:	899b      	ldrh	r3, [r3, #12]
20005776:	031b      	lsls	r3, r3, #12
20005778:	b29a      	uxth	r2, r3
2000577a:	897b      	ldrh	r3, [r7, #10]
2000577c:	4313      	orrs	r3, r2
2000577e:	817b      	strh	r3, [r7, #10]
20005780:	683b      	ldr	r3, [r7, #0]
20005782:	885b      	ldrh	r3, [r3, #2]
20005784:	031b      	lsls	r3, r3, #12
20005786:	b29a      	uxth	r2, r3
20005788:	897b      	ldrh	r3, [r7, #10]
2000578a:	4313      	orrs	r3, r2
2000578c:	817b      	strh	r3, [r7, #10]
2000578e:	687b      	ldr	r3, [r7, #4]
20005790:	4a12      	ldr	r2, [pc, #72]	@ (200057dc <TIM_OC4Init+0xc8>)
20005792:	4293      	cmp	r3, r2
20005794:	d003      	beq.n	2000579e <TIM_OC4Init+0x8a>
20005796:	687b      	ldr	r3, [r7, #4]
20005798:	4a11      	ldr	r2, [pc, #68]	@ (200057e0 <TIM_OC4Init+0xcc>)
2000579a:	4293      	cmp	r3, r2
2000579c:	d10a      	bne.n	200057b4 <TIM_OC4Init+0xa0>
2000579e:	89fb      	ldrh	r3, [r7, #14]
200057a0:	f423 4380 	bic.w	r3, r3, #16384	@ 0x4000
200057a4:	81fb      	strh	r3, [r7, #14]
200057a6:	683b      	ldr	r3, [r7, #0]
200057a8:	8a1b      	ldrh	r3, [r3, #16]
200057aa:	019b      	lsls	r3, r3, #6
200057ac:	b29a      	uxth	r2, r3
200057ae:	89fb      	ldrh	r3, [r7, #14]
200057b0:	4313      	orrs	r3, r2
200057b2:	81fb      	strh	r3, [r7, #14]
200057b4:	687b      	ldr	r3, [r7, #4]
200057b6:	89fa      	ldrh	r2, [r7, #14]
200057b8:	809a      	strh	r2, [r3, #4]
200057ba:	687b      	ldr	r3, [r7, #4]
200057bc:	89ba      	ldrh	r2, [r7, #12]
200057be:	839a      	strh	r2, [r3, #28]
200057c0:	683b      	ldr	r3, [r7, #0]
200057c2:	689a      	ldr	r2, [r3, #8]
200057c4:	687b      	ldr	r3, [r7, #4]
200057c6:	641a      	str	r2, [r3, #64]	@ 0x40
200057c8:	687b      	ldr	r3, [r7, #4]
200057ca:	897a      	ldrh	r2, [r7, #10]
200057cc:	841a      	strh	r2, [r3, #32]
200057ce:	bf00      	nop
200057d0:	3714      	adds	r7, #20
200057d2:	46bd      	mov	sp, r7
200057d4:	f85d 7b04 	ldr.w	r7, [sp], #4
200057d8:	4770      	bx	lr
200057da:	bf00      	nop
200057dc:	40010000 	.word	0x40010000
200057e0:	40010400 	.word	0x40010400

200057e4 <TIM_OCStructInit>:
200057e4:	b480      	push	{r7}
200057e6:	b083      	sub	sp, #12
200057e8:	af00      	add	r7, sp, #0
200057ea:	6078      	str	r0, [r7, #4]
200057ec:	687b      	ldr	r3, [r7, #4]
200057ee:	2200      	movs	r2, #0
200057f0:	801a      	strh	r2, [r3, #0]
200057f2:	687b      	ldr	r3, [r7, #4]
200057f4:	2200      	movs	r2, #0
200057f6:	805a      	strh	r2, [r3, #2]
200057f8:	687b      	ldr	r3, [r7, #4]
200057fa:	2200      	movs	r2, #0
200057fc:	809a      	strh	r2, [r3, #4]
200057fe:	687b      	ldr	r3, [r7, #4]
20005800:	2200      	movs	r2, #0
20005802:	609a      	str	r2, [r3, #8]
20005804:	687b      	ldr	r3, [r7, #4]
20005806:	2200      	movs	r2, #0
20005808:	819a      	strh	r2, [r3, #12]
2000580a:	687b      	ldr	r3, [r7, #4]
2000580c:	2200      	movs	r2, #0
2000580e:	81da      	strh	r2, [r3, #14]
20005810:	687b      	ldr	r3, [r7, #4]
20005812:	2200      	movs	r2, #0
20005814:	821a      	strh	r2, [r3, #16]
20005816:	687b      	ldr	r3, [r7, #4]
20005818:	2200      	movs	r2, #0
2000581a:	825a      	strh	r2, [r3, #18]
2000581c:	bf00      	nop
2000581e:	370c      	adds	r7, #12
20005820:	46bd      	mov	sp, r7
20005822:	f85d 7b04 	ldr.w	r7, [sp], #4
20005826:	4770      	bx	lr

20005828 <TIM_SelectOCxM>:
20005828:	b480      	push	{r7}
2000582a:	b085      	sub	sp, #20
2000582c:	af00      	add	r7, sp, #0
2000582e:	6078      	str	r0, [r7, #4]
20005830:	460b      	mov	r3, r1
20005832:	807b      	strh	r3, [r7, #2]
20005834:	4613      	mov	r3, r2
20005836:	803b      	strh	r3, [r7, #0]
20005838:	2300      	movs	r3, #0
2000583a:	60fb      	str	r3, [r7, #12]
2000583c:	2300      	movs	r3, #0
2000583e:	817b      	strh	r3, [r7, #10]
20005840:	687b      	ldr	r3, [r7, #4]
20005842:	60fb      	str	r3, [r7, #12]
20005844:	68fb      	ldr	r3, [r7, #12]
20005846:	3318      	adds	r3, #24
20005848:	60fb      	str	r3, [r7, #12]
2000584a:	887b      	ldrh	r3, [r7, #2]
2000584c:	2201      	movs	r2, #1
2000584e:	fa02 f303 	lsl.w	r3, r2, r3
20005852:	817b      	strh	r3, [r7, #10]
20005854:	687b      	ldr	r3, [r7, #4]
20005856:	8c1b      	ldrh	r3, [r3, #32]
20005858:	b29a      	uxth	r2, r3
2000585a:	897b      	ldrh	r3, [r7, #10]
2000585c:	43db      	mvns	r3, r3
2000585e:	b29b      	uxth	r3, r3
20005860:	4013      	ands	r3, r2
20005862:	b29a      	uxth	r2, r3
20005864:	687b      	ldr	r3, [r7, #4]
20005866:	841a      	strh	r2, [r3, #32]
20005868:	887b      	ldrh	r3, [r7, #2]
2000586a:	2b00      	cmp	r3, #0
2000586c:	d002      	beq.n	20005874 <TIM_SelectOCxM+0x4c>
2000586e:	887b      	ldrh	r3, [r7, #2]
20005870:	2b08      	cmp	r3, #8
20005872:	d114      	bne.n	2000589e <TIM_SelectOCxM+0x76>
20005874:	887b      	ldrh	r3, [r7, #2]
20005876:	085b      	lsrs	r3, r3, #1
20005878:	b29b      	uxth	r3, r3
2000587a:	461a      	mov	r2, r3
2000587c:	68fb      	ldr	r3, [r7, #12]
2000587e:	4413      	add	r3, r2
20005880:	60fb      	str	r3, [r7, #12]
20005882:	68fb      	ldr	r3, [r7, #12]
20005884:	6819      	ldr	r1, [r3, #0]
20005886:	68fa      	ldr	r2, [r7, #12]
20005888:	f64f 738f 	movw	r3, #65423	@ 0xff8f
2000588c:	400b      	ands	r3, r1
2000588e:	6013      	str	r3, [r2, #0]
20005890:	68fb      	ldr	r3, [r7, #12]
20005892:	6819      	ldr	r1, [r3, #0]
20005894:	883a      	ldrh	r2, [r7, #0]
20005896:	68fb      	ldr	r3, [r7, #12]
20005898:	430a      	orrs	r2, r1
2000589a:	601a      	str	r2, [r3, #0]
2000589c:	e019      	b.n	200058d2 <TIM_SelectOCxM+0xaa>
2000589e:	887b      	ldrh	r3, [r7, #2]
200058a0:	3b04      	subs	r3, #4
200058a2:	b29b      	uxth	r3, r3
200058a4:	085b      	lsrs	r3, r3, #1
200058a6:	b29b      	uxth	r3, r3
200058a8:	461a      	mov	r2, r3
200058aa:	68fb      	ldr	r3, [r7, #12]
200058ac:	4413      	add	r3, r2
200058ae:	60fb      	str	r3, [r7, #12]
200058b0:	68fb      	ldr	r3, [r7, #12]
200058b2:	6819      	ldr	r1, [r3, #0]
200058b4:	68fa      	ldr	r2, [r7, #12]
200058b6:	f648 73ff 	movw	r3, #36863	@ 0x8fff
200058ba:	400b      	ands	r3, r1
200058bc:	6013      	str	r3, [r2, #0]
200058be:	68fb      	ldr	r3, [r7, #12]
200058c0:	681a      	ldr	r2, [r3, #0]
200058c2:	883b      	ldrh	r3, [r7, #0]
200058c4:	021b      	lsls	r3, r3, #8
200058c6:	b29b      	uxth	r3, r3
200058c8:	4619      	mov	r1, r3
200058ca:	68fb      	ldr	r3, [r7, #12]
200058cc:	430a      	orrs	r2, r1
200058ce:	601a      	str	r2, [r3, #0]
200058d0:	bf00      	nop
200058d2:	bf00      	nop
200058d4:	3714      	adds	r7, #20
200058d6:	46bd      	mov	sp, r7
200058d8:	f85d 7b04 	ldr.w	r7, [sp], #4
200058dc:	4770      	bx	lr

200058de <TIM_SetCompare1>:
200058de:	b480      	push	{r7}
200058e0:	b083      	sub	sp, #12
200058e2:	af00      	add	r7, sp, #0
200058e4:	6078      	str	r0, [r7, #4]
200058e6:	6039      	str	r1, [r7, #0]
200058e8:	687b      	ldr	r3, [r7, #4]
200058ea:	683a      	ldr	r2, [r7, #0]
200058ec:	635a      	str	r2, [r3, #52]	@ 0x34
200058ee:	bf00      	nop
200058f0:	370c      	adds	r7, #12
200058f2:	46bd      	mov	sp, r7
200058f4:	f85d 7b04 	ldr.w	r7, [sp], #4
200058f8:	4770      	bx	lr

200058fa <TIM_SetCompare2>:
200058fa:	b480      	push	{r7}
200058fc:	b083      	sub	sp, #12
200058fe:	af00      	add	r7, sp, #0
20005900:	6078      	str	r0, [r7, #4]
20005902:	6039      	str	r1, [r7, #0]
20005904:	687b      	ldr	r3, [r7, #4]
20005906:	683a      	ldr	r2, [r7, #0]
20005908:	639a      	str	r2, [r3, #56]	@ 0x38
2000590a:	bf00      	nop
2000590c:	370c      	adds	r7, #12
2000590e:	46bd      	mov	sp, r7
20005910:	f85d 7b04 	ldr.w	r7, [sp], #4
20005914:	4770      	bx	lr

20005916 <TIM_SetCompare3>:
20005916:	b480      	push	{r7}
20005918:	b083      	sub	sp, #12
2000591a:	af00      	add	r7, sp, #0
2000591c:	6078      	str	r0, [r7, #4]
2000591e:	6039      	str	r1, [r7, #0]
20005920:	687b      	ldr	r3, [r7, #4]
20005922:	683a      	ldr	r2, [r7, #0]
20005924:	63da      	str	r2, [r3, #60]	@ 0x3c
20005926:	bf00      	nop
20005928:	370c      	adds	r7, #12
2000592a:	46bd      	mov	sp, r7
2000592c:	f85d 7b04 	ldr.w	r7, [sp], #4
20005930:	4770      	bx	lr

20005932 <TIM_SetCompare4>:
20005932:	b480      	push	{r7}
20005934:	b083      	sub	sp, #12
20005936:	af00      	add	r7, sp, #0
20005938:	6078      	str	r0, [r7, #4]
2000593a:	6039      	str	r1, [r7, #0]
2000593c:	687b      	ldr	r3, [r7, #4]
2000593e:	683a      	ldr	r2, [r7, #0]
20005940:	641a      	str	r2, [r3, #64]	@ 0x40
20005942:	bf00      	nop
20005944:	370c      	adds	r7, #12
20005946:	46bd      	mov	sp, r7
20005948:	f85d 7b04 	ldr.w	r7, [sp], #4
2000594c:	4770      	bx	lr

2000594e <TIM_ForcedOC1Config>:
2000594e:	b480      	push	{r7}
20005950:	b085      	sub	sp, #20
20005952:	af00      	add	r7, sp, #0
20005954:	6078      	str	r0, [r7, #4]
20005956:	460b      	mov	r3, r1
20005958:	807b      	strh	r3, [r7, #2]
2000595a:	2300      	movs	r3, #0
2000595c:	81fb      	strh	r3, [r7, #14]
2000595e:	687b      	ldr	r3, [r7, #4]
20005960:	8b1b      	ldrh	r3, [r3, #24]
20005962:	81fb      	strh	r3, [r7, #14]
20005964:	89fb      	ldrh	r3, [r7, #14]
20005966:	f023 0370 	bic.w	r3, r3, #112	@ 0x70
2000596a:	81fb      	strh	r3, [r7, #14]
2000596c:	89fa      	ldrh	r2, [r7, #14]
2000596e:	887b      	ldrh	r3, [r7, #2]
20005970:	4313      	orrs	r3, r2
20005972:	81fb      	strh	r3, [r7, #14]
20005974:	687b      	ldr	r3, [r7, #4]
20005976:	89fa      	ldrh	r2, [r7, #14]
20005978:	831a      	strh	r2, [r3, #24]
2000597a:	bf00      	nop
2000597c:	3714      	adds	r7, #20
2000597e:	46bd      	mov	sp, r7
20005980:	f85d 7b04 	ldr.w	r7, [sp], #4
20005984:	4770      	bx	lr

20005986 <TIM_ForcedOC2Config>:
20005986:	b480      	push	{r7}
20005988:	b085      	sub	sp, #20
2000598a:	af00      	add	r7, sp, #0
2000598c:	6078      	str	r0, [r7, #4]
2000598e:	460b      	mov	r3, r1
20005990:	807b      	strh	r3, [r7, #2]
20005992:	2300      	movs	r3, #0
20005994:	81fb      	strh	r3, [r7, #14]
20005996:	687b      	ldr	r3, [r7, #4]
20005998:	8b1b      	ldrh	r3, [r3, #24]
2000599a:	81fb      	strh	r3, [r7, #14]
2000599c:	89fb      	ldrh	r3, [r7, #14]
2000599e:	f423 43e0 	bic.w	r3, r3, #28672	@ 0x7000
200059a2:	81fb      	strh	r3, [r7, #14]
200059a4:	887b      	ldrh	r3, [r7, #2]
200059a6:	021b      	lsls	r3, r3, #8
200059a8:	b29a      	uxth	r2, r3
200059aa:	89fb      	ldrh	r3, [r7, #14]
200059ac:	4313      	orrs	r3, r2
200059ae:	81fb      	strh	r3, [r7, #14]
200059b0:	687b      	ldr	r3, [r7, #4]
200059b2:	89fa      	ldrh	r2, [r7, #14]
200059b4:	831a      	strh	r2, [r3, #24]
200059b6:	bf00      	nop
200059b8:	3714      	adds	r7, #20
200059ba:	46bd      	mov	sp, r7
200059bc:	f85d 7b04 	ldr.w	r7, [sp], #4
200059c0:	4770      	bx	lr

200059c2 <TIM_ForcedOC3Config>:
200059c2:	b480      	push	{r7}
200059c4:	b085      	sub	sp, #20
200059c6:	af00      	add	r7, sp, #0
200059c8:	6078      	str	r0, [r7, #4]
200059ca:	460b      	mov	r3, r1
200059cc:	807b      	strh	r3, [r7, #2]
200059ce:	2300      	movs	r3, #0
200059d0:	81fb      	strh	r3, [r7, #14]
200059d2:	687b      	ldr	r3, [r7, #4]
200059d4:	8b9b      	ldrh	r3, [r3, #28]
200059d6:	81fb      	strh	r3, [r7, #14]
200059d8:	89fb      	ldrh	r3, [r7, #14]
200059da:	f023 0370 	bic.w	r3, r3, #112	@ 0x70
200059de:	81fb      	strh	r3, [r7, #14]
200059e0:	89fa      	ldrh	r2, [r7, #14]
200059e2:	887b      	ldrh	r3, [r7, #2]
200059e4:	4313      	orrs	r3, r2
200059e6:	81fb      	strh	r3, [r7, #14]
200059e8:	687b      	ldr	r3, [r7, #4]
200059ea:	89fa      	ldrh	r2, [r7, #14]
200059ec:	839a      	strh	r2, [r3, #28]
200059ee:	bf00      	nop
200059f0:	3714      	adds	r7, #20
200059f2:	46bd      	mov	sp, r7
200059f4:	f85d 7b04 	ldr.w	r7, [sp], #4
200059f8:	4770      	bx	lr

200059fa <TIM_ForcedOC4Config>:
200059fa:	b480      	push	{r7}
200059fc:	b085      	sub	sp, #20
200059fe:	af00      	add	r7, sp, #0
20005a00:	6078      	str	r0, [r7, #4]
20005a02:	460b      	mov	r3, r1
20005a04:	807b      	strh	r3, [r7, #2]
20005a06:	2300      	movs	r3, #0
20005a08:	81fb      	strh	r3, [r7, #14]
20005a0a:	687b      	ldr	r3, [r7, #4]
20005a0c:	8b9b      	ldrh	r3, [r3, #28]
20005a0e:	81fb      	strh	r3, [r7, #14]
20005a10:	89fb      	ldrh	r3, [r7, #14]
20005a12:	f423 43e0 	bic.w	r3, r3, #28672	@ 0x7000
20005a16:	81fb      	strh	r3, [r7, #14]
20005a18:	887b      	ldrh	r3, [r7, #2]
20005a1a:	021b      	lsls	r3, r3, #8
20005a1c:	b29a      	uxth	r2, r3
20005a1e:	89fb      	ldrh	r3, [r7, #14]
20005a20:	4313      	orrs	r3, r2
20005a22:	81fb      	strh	r3, [r7, #14]
20005a24:	687b      	ldr	r3, [r7, #4]
20005a26:	89fa      	ldrh	r2, [r7, #14]
20005a28:	839a      	strh	r2, [r3, #28]
20005a2a:	bf00      	nop
20005a2c:	3714      	adds	r7, #20
20005a2e:	46bd      	mov	sp, r7
20005a30:	f85d 7b04 	ldr.w	r7, [sp], #4
20005a34:	4770      	bx	lr

20005a36 <TIM_OC1PreloadConfig>:
20005a36:	b480      	push	{r7}
20005a38:	b085      	sub	sp, #20
20005a3a:	af00      	add	r7, sp, #0
20005a3c:	6078      	str	r0, [r7, #4]
20005a3e:	460b      	mov	r3, r1
20005a40:	807b      	strh	r3, [r7, #2]
20005a42:	2300      	movs	r3, #0
20005a44:	81fb      	strh	r3, [r7, #14]
20005a46:	687b      	ldr	r3, [r7, #4]
20005a48:	8b1b      	ldrh	r3, [r3, #24]
20005a4a:	81fb      	strh	r3, [r7, #14]
20005a4c:	89fb      	ldrh	r3, [r7, #14]
20005a4e:	f023 0308 	bic.w	r3, r3, #8
20005a52:	81fb      	strh	r3, [r7, #14]
20005a54:	89fa      	ldrh	r2, [r7, #14]
20005a56:	887b      	ldrh	r3, [r7, #2]
20005a58:	4313      	orrs	r3, r2
20005a5a:	81fb      	strh	r3, [r7, #14]
20005a5c:	687b      	ldr	r3, [r7, #4]
20005a5e:	89fa      	ldrh	r2, [r7, #14]
20005a60:	831a      	strh	r2, [r3, #24]
20005a62:	bf00      	nop
20005a64:	3714      	adds	r7, #20
20005a66:	46bd      	mov	sp, r7
20005a68:	f85d 7b04 	ldr.w	r7, [sp], #4
20005a6c:	4770      	bx	lr

20005a6e <TIM_OC2PreloadConfig>:
20005a6e:	b480      	push	{r7}
20005a70:	b085      	sub	sp, #20
20005a72:	af00      	add	r7, sp, #0
20005a74:	6078      	str	r0, [r7, #4]
20005a76:	460b      	mov	r3, r1
20005a78:	807b      	strh	r3, [r7, #2]
20005a7a:	2300      	movs	r3, #0
20005a7c:	81fb      	strh	r3, [r7, #14]
20005a7e:	687b      	ldr	r3, [r7, #4]
20005a80:	8b1b      	ldrh	r3, [r3, #24]
20005a82:	81fb      	strh	r3, [r7, #14]
20005a84:	89fb      	ldrh	r3, [r7, #14]
20005a86:	f423 6300 	bic.w	r3, r3, #2048	@ 0x800
20005a8a:	81fb      	strh	r3, [r7, #14]
20005a8c:	887b      	ldrh	r3, [r7, #2]
20005a8e:	021b      	lsls	r3, r3, #8
20005a90:	b29a      	uxth	r2, r3
20005a92:	89fb      	ldrh	r3, [r7, #14]
20005a94:	4313      	orrs	r3, r2
20005a96:	81fb      	strh	r3, [r7, #14]
20005a98:	687b      	ldr	r3, [r7, #4]
20005a9a:	89fa      	ldrh	r2, [r7, #14]
20005a9c:	831a      	strh	r2, [r3, #24]
20005a9e:	bf00      	nop
20005aa0:	3714      	adds	r7, #20
20005aa2:	46bd      	mov	sp, r7
20005aa4:	f85d 7b04 	ldr.w	r7, [sp], #4
20005aa8:	4770      	bx	lr

20005aaa <TIM_OC3PreloadConfig>:
20005aaa:	b480      	push	{r7}
20005aac:	b085      	sub	sp, #20
20005aae:	af00      	add	r7, sp, #0
20005ab0:	6078      	str	r0, [r7, #4]
20005ab2:	460b      	mov	r3, r1
20005ab4:	807b      	strh	r3, [r7, #2]
20005ab6:	2300      	movs	r3, #0
20005ab8:	81fb      	strh	r3, [r7, #14]
20005aba:	687b      	ldr	r3, [r7, #4]
20005abc:	8b9b      	ldrh	r3, [r3, #28]
20005abe:	81fb      	strh	r3, [r7, #14]
20005ac0:	89fb      	ldrh	r3, [r7, #14]
20005ac2:	f023 0308 	bic.w	r3, r3, #8
20005ac6:	81fb      	strh	r3, [r7, #14]
20005ac8:	89fa      	ldrh	r2, [r7, #14]
20005aca:	887b      	ldrh	r3, [r7, #2]
20005acc:	4313      	orrs	r3, r2
20005ace:	81fb      	strh	r3, [r7, #14]
20005ad0:	687b      	ldr	r3, [r7, #4]
20005ad2:	89fa      	ldrh	r2, [r7, #14]
20005ad4:	839a      	strh	r2, [r3, #28]
20005ad6:	bf00      	nop
20005ad8:	3714      	adds	r7, #20
20005ada:	46bd      	mov	sp, r7
20005adc:	f85d 7b04 	ldr.w	r7, [sp], #4
20005ae0:	4770      	bx	lr

20005ae2 <TIM_OC4PreloadConfig>:
20005ae2:	b480      	push	{r7}
20005ae4:	b085      	sub	sp, #20
20005ae6:	af00      	add	r7, sp, #0
20005ae8:	6078      	str	r0, [r7, #4]
20005aea:	460b      	mov	r3, r1
20005aec:	807b      	strh	r3, [r7, #2]
20005aee:	2300      	movs	r3, #0
20005af0:	81fb      	strh	r3, [r7, #14]
20005af2:	687b      	ldr	r3, [r7, #4]
20005af4:	8b9b      	ldrh	r3, [r3, #28]
20005af6:	81fb      	strh	r3, [r7, #14]
20005af8:	89fb      	ldrh	r3, [r7, #14]
20005afa:	f423 6300 	bic.w	r3, r3, #2048	@ 0x800
20005afe:	81fb      	strh	r3, [r7, #14]
20005b00:	887b      	ldrh	r3, [r7, #2]
20005b02:	021b      	lsls	r3, r3, #8
20005b04:	b29a      	uxth	r2, r3
20005b06:	89fb      	ldrh	r3, [r7, #14]
20005b08:	4313      	orrs	r3, r2
20005b0a:	81fb      	strh	r3, [r7, #14]
20005b0c:	687b      	ldr	r3, [r7, #4]
20005b0e:	89fa      	ldrh	r2, [r7, #14]
20005b10:	839a      	strh	r2, [r3, #28]
20005b12:	bf00      	nop
20005b14:	3714      	adds	r7, #20
20005b16:	46bd      	mov	sp, r7
20005b18:	f85d 7b04 	ldr.w	r7, [sp], #4
20005b1c:	4770      	bx	lr

20005b1e <TIM_OC1FastConfig>:
20005b1e:	b480      	push	{r7}
20005b20:	b085      	sub	sp, #20
20005b22:	af00      	add	r7, sp, #0
20005b24:	6078      	str	r0, [r7, #4]
20005b26:	460b      	mov	r3, r1
20005b28:	807b      	strh	r3, [r7, #2]
20005b2a:	2300      	movs	r3, #0
20005b2c:	81fb      	strh	r3, [r7, #14]
20005b2e:	687b      	ldr	r3, [r7, #4]
20005b30:	8b1b      	ldrh	r3, [r3, #24]
20005b32:	81fb      	strh	r3, [r7, #14]
20005b34:	89fb      	ldrh	r3, [r7, #14]
20005b36:	f023 0304 	bic.w	r3, r3, #4
20005b3a:	81fb      	strh	r3, [r7, #14]
20005b3c:	89fa      	ldrh	r2, [r7, #14]
20005b3e:	887b      	ldrh	r3, [r7, #2]
20005b40:	4313      	orrs	r3, r2
20005b42:	81fb      	strh	r3, [r7, #14]
20005b44:	687b      	ldr	r3, [r7, #4]
20005b46:	89fa      	ldrh	r2, [r7, #14]
20005b48:	831a      	strh	r2, [r3, #24]
20005b4a:	bf00      	nop
20005b4c:	3714      	adds	r7, #20
20005b4e:	46bd      	mov	sp, r7
20005b50:	f85d 7b04 	ldr.w	r7, [sp], #4
20005b54:	4770      	bx	lr

20005b56 <TIM_OC2FastConfig>:
20005b56:	b480      	push	{r7}
20005b58:	b085      	sub	sp, #20
20005b5a:	af00      	add	r7, sp, #0
20005b5c:	6078      	str	r0, [r7, #4]
20005b5e:	460b      	mov	r3, r1
20005b60:	807b      	strh	r3, [r7, #2]
20005b62:	2300      	movs	r3, #0
20005b64:	81fb      	strh	r3, [r7, #14]
20005b66:	687b      	ldr	r3, [r7, #4]
20005b68:	8b1b      	ldrh	r3, [r3, #24]
20005b6a:	81fb      	strh	r3, [r7, #14]
20005b6c:	89fb      	ldrh	r3, [r7, #14]
20005b6e:	f423 6380 	bic.w	r3, r3, #1024	@ 0x400
20005b72:	81fb      	strh	r3, [r7, #14]
20005b74:	887b      	ldrh	r3, [r7, #2]
20005b76:	021b      	lsls	r3, r3, #8
20005b78:	b29a      	uxth	r2, r3
20005b7a:	89fb      	ldrh	r3, [r7, #14]
20005b7c:	4313      	orrs	r3, r2
20005b7e:	81fb      	strh	r3, [r7, #14]
20005b80:	687b      	ldr	r3, [r7, #4]
20005b82:	89fa      	ldrh	r2, [r7, #14]
20005b84:	831a      	strh	r2, [r3, #24]
20005b86:	bf00      	nop
20005b88:	3714      	adds	r7, #20
20005b8a:	46bd      	mov	sp, r7
20005b8c:	f85d 7b04 	ldr.w	r7, [sp], #4
20005b90:	4770      	bx	lr

20005b92 <TIM_OC3FastConfig>:
20005b92:	b480      	push	{r7}
20005b94:	b085      	sub	sp, #20
20005b96:	af00      	add	r7, sp, #0
20005b98:	6078      	str	r0, [r7, #4]
20005b9a:	460b      	mov	r3, r1
20005b9c:	807b      	strh	r3, [r7, #2]
20005b9e:	2300      	movs	r3, #0
20005ba0:	81fb      	strh	r3, [r7, #14]
20005ba2:	687b      	ldr	r3, [r7, #4]
20005ba4:	8b9b      	ldrh	r3, [r3, #28]
20005ba6:	81fb      	strh	r3, [r7, #14]
20005ba8:	89fb      	ldrh	r3, [r7, #14]
20005baa:	f023 0304 	bic.w	r3, r3, #4
20005bae:	81fb      	strh	r3, [r7, #14]
20005bb0:	89fa      	ldrh	r2, [r7, #14]
20005bb2:	887b      	ldrh	r3, [r7, #2]
20005bb4:	4313      	orrs	r3, r2
20005bb6:	81fb      	strh	r3, [r7, #14]
20005bb8:	687b      	ldr	r3, [r7, #4]
20005bba:	89fa      	ldrh	r2, [r7, #14]
20005bbc:	839a      	strh	r2, [r3, #28]
20005bbe:	bf00      	nop
20005bc0:	3714      	adds	r7, #20
20005bc2:	46bd      	mov	sp, r7
20005bc4:	f85d 7b04 	ldr.w	r7, [sp], #4
20005bc8:	4770      	bx	lr

20005bca <TIM_OC4FastConfig>:
20005bca:	b480      	push	{r7}
20005bcc:	b085      	sub	sp, #20
20005bce:	af00      	add	r7, sp, #0
20005bd0:	6078      	str	r0, [r7, #4]
20005bd2:	460b      	mov	r3, r1
20005bd4:	807b      	strh	r3, [r7, #2]
20005bd6:	2300      	movs	r3, #0
20005bd8:	81fb      	strh	r3, [r7, #14]
20005bda:	687b      	ldr	r3, [r7, #4]
20005bdc:	8b9b      	ldrh	r3, [r3, #28]
20005bde:	81fb      	strh	r3, [r7, #14]
20005be0:	89fb      	ldrh	r3, [r7, #14]
20005be2:	f423 6380 	bic.w	r3, r3, #1024	@ 0x400
20005be6:	81fb      	strh	r3, [r7, #14]
20005be8:	887b      	ldrh	r3, [r7, #2]
20005bea:	021b      	lsls	r3, r3, #8
20005bec:	b29a      	uxth	r2, r3
20005bee:	89fb      	ldrh	r3, [r7, #14]
20005bf0:	4313      	orrs	r3, r2
20005bf2:	81fb      	strh	r3, [r7, #14]
20005bf4:	687b      	ldr	r3, [r7, #4]
20005bf6:	89fa      	ldrh	r2, [r7, #14]
20005bf8:	839a      	strh	r2, [r3, #28]
20005bfa:	bf00      	nop
20005bfc:	3714      	adds	r7, #20
20005bfe:	46bd      	mov	sp, r7
20005c00:	f85d 7b04 	ldr.w	r7, [sp], #4
20005c04:	4770      	bx	lr

20005c06 <TIM_ClearOC1Ref>:
20005c06:	b480      	push	{r7}
20005c08:	b085      	sub	sp, #20
20005c0a:	af00      	add	r7, sp, #0
20005c0c:	6078      	str	r0, [r7, #4]
20005c0e:	460b      	mov	r3, r1
20005c10:	807b      	strh	r3, [r7, #2]
20005c12:	2300      	movs	r3, #0
20005c14:	81fb      	strh	r3, [r7, #14]
20005c16:	687b      	ldr	r3, [r7, #4]
20005c18:	8b1b      	ldrh	r3, [r3, #24]
20005c1a:	81fb      	strh	r3, [r7, #14]
20005c1c:	89fb      	ldrh	r3, [r7, #14]
20005c1e:	f023 0380 	bic.w	r3, r3, #128	@ 0x80
20005c22:	81fb      	strh	r3, [r7, #14]
20005c24:	89fa      	ldrh	r2, [r7, #14]
20005c26:	887b      	ldrh	r3, [r7, #2]
20005c28:	4313      	orrs	r3, r2
20005c2a:	81fb      	strh	r3, [r7, #14]
20005c2c:	687b      	ldr	r3, [r7, #4]
20005c2e:	89fa      	ldrh	r2, [r7, #14]
20005c30:	831a      	strh	r2, [r3, #24]
20005c32:	bf00      	nop
20005c34:	3714      	adds	r7, #20
20005c36:	46bd      	mov	sp, r7
20005c38:	f85d 7b04 	ldr.w	r7, [sp], #4
20005c3c:	4770      	bx	lr

20005c3e <TIM_ClearOC2Ref>:
20005c3e:	b480      	push	{r7}
20005c40:	b085      	sub	sp, #20
20005c42:	af00      	add	r7, sp, #0
20005c44:	6078      	str	r0, [r7, #4]
20005c46:	460b      	mov	r3, r1
20005c48:	807b      	strh	r3, [r7, #2]
20005c4a:	2300      	movs	r3, #0
20005c4c:	81fb      	strh	r3, [r7, #14]
20005c4e:	687b      	ldr	r3, [r7, #4]
20005c50:	8b1b      	ldrh	r3, [r3, #24]
20005c52:	81fb      	strh	r3, [r7, #14]
20005c54:	89fb      	ldrh	r3, [r7, #14]
20005c56:	f3c3 030e 	ubfx	r3, r3, #0, #15
20005c5a:	81fb      	strh	r3, [r7, #14]
20005c5c:	887b      	ldrh	r3, [r7, #2]
20005c5e:	021b      	lsls	r3, r3, #8
20005c60:	b29a      	uxth	r2, r3
20005c62:	89fb      	ldrh	r3, [r7, #14]
20005c64:	4313      	orrs	r3, r2
20005c66:	81fb      	strh	r3, [r7, #14]
20005c68:	687b      	ldr	r3, [r7, #4]
20005c6a:	89fa      	ldrh	r2, [r7, #14]
20005c6c:	831a      	strh	r2, [r3, #24]
20005c6e:	bf00      	nop
20005c70:	3714      	adds	r7, #20
20005c72:	46bd      	mov	sp, r7
20005c74:	f85d 7b04 	ldr.w	r7, [sp], #4
20005c78:	4770      	bx	lr

20005c7a <TIM_ClearOC3Ref>:
20005c7a:	b480      	push	{r7}
20005c7c:	b085      	sub	sp, #20
20005c7e:	af00      	add	r7, sp, #0
20005c80:	6078      	str	r0, [r7, #4]
20005c82:	460b      	mov	r3, r1
20005c84:	807b      	strh	r3, [r7, #2]
20005c86:	2300      	movs	r3, #0
20005c88:	81fb      	strh	r3, [r7, #14]
20005c8a:	687b      	ldr	r3, [r7, #4]
20005c8c:	8b9b      	ldrh	r3, [r3, #28]
20005c8e:	81fb      	strh	r3, [r7, #14]
20005c90:	89fb      	ldrh	r3, [r7, #14]
20005c92:	f023 0380 	bic.w	r3, r3, #128	@ 0x80
20005c96:	81fb      	strh	r3, [r7, #14]
20005c98:	89fa      	ldrh	r2, [r7, #14]
20005c9a:	887b      	ldrh	r3, [r7, #2]
20005c9c:	4313      	orrs	r3, r2
20005c9e:	81fb      	strh	r3, [r7, #14]
20005ca0:	687b      	ldr	r3, [r7, #4]
20005ca2:	89fa      	ldrh	r2, [r7, #14]
20005ca4:	839a      	strh	r2, [r3, #28]
20005ca6:	bf00      	nop
20005ca8:	3714      	adds	r7, #20
20005caa:	46bd      	mov	sp, r7
20005cac:	f85d 7b04 	ldr.w	r7, [sp], #4
20005cb0:	4770      	bx	lr

20005cb2 <TIM_ClearOC4Ref>:
20005cb2:	b480      	push	{r7}
20005cb4:	b085      	sub	sp, #20
20005cb6:	af00      	add	r7, sp, #0
20005cb8:	6078      	str	r0, [r7, #4]
20005cba:	460b      	mov	r3, r1
20005cbc:	807b      	strh	r3, [r7, #2]
20005cbe:	2300      	movs	r3, #0
20005cc0:	81fb      	strh	r3, [r7, #14]
20005cc2:	687b      	ldr	r3, [r7, #4]
20005cc4:	8b9b      	ldrh	r3, [r3, #28]
20005cc6:	81fb      	strh	r3, [r7, #14]
20005cc8:	89fb      	ldrh	r3, [r7, #14]
20005cca:	f3c3 030e 	ubfx	r3, r3, #0, #15
20005cce:	81fb      	strh	r3, [r7, #14]
20005cd0:	887b      	ldrh	r3, [r7, #2]
20005cd2:	021b      	lsls	r3, r3, #8
20005cd4:	b29a      	uxth	r2, r3
20005cd6:	89fb      	ldrh	r3, [r7, #14]
20005cd8:	4313      	orrs	r3, r2
20005cda:	81fb      	strh	r3, [r7, #14]
20005cdc:	687b      	ldr	r3, [r7, #4]
20005cde:	89fa      	ldrh	r2, [r7, #14]
20005ce0:	839a      	strh	r2, [r3, #28]
20005ce2:	bf00      	nop
20005ce4:	3714      	adds	r7, #20
20005ce6:	46bd      	mov	sp, r7
20005ce8:	f85d 7b04 	ldr.w	r7, [sp], #4
20005cec:	4770      	bx	lr

20005cee <TIM_OC1PolarityConfig>:
20005cee:	b480      	push	{r7}
20005cf0:	b085      	sub	sp, #20
20005cf2:	af00      	add	r7, sp, #0
20005cf4:	6078      	str	r0, [r7, #4]
20005cf6:	460b      	mov	r3, r1
20005cf8:	807b      	strh	r3, [r7, #2]
20005cfa:	2300      	movs	r3, #0
20005cfc:	81fb      	strh	r3, [r7, #14]
20005cfe:	687b      	ldr	r3, [r7, #4]
20005d00:	8c1b      	ldrh	r3, [r3, #32]
20005d02:	81fb      	strh	r3, [r7, #14]
20005d04:	89fb      	ldrh	r3, [r7, #14]
20005d06:	f023 0302 	bic.w	r3, r3, #2
20005d0a:	81fb      	strh	r3, [r7, #14]
20005d0c:	89fa      	ldrh	r2, [r7, #14]
20005d0e:	887b      	ldrh	r3, [r7, #2]
20005d10:	4313      	orrs	r3, r2
20005d12:	81fb      	strh	r3, [r7, #14]
20005d14:	687b      	ldr	r3, [r7, #4]
20005d16:	89fa      	ldrh	r2, [r7, #14]
20005d18:	841a      	strh	r2, [r3, #32]
20005d1a:	bf00      	nop
20005d1c:	3714      	adds	r7, #20
20005d1e:	46bd      	mov	sp, r7
20005d20:	f85d 7b04 	ldr.w	r7, [sp], #4
20005d24:	4770      	bx	lr

20005d26 <TIM_OC1NPolarityConfig>:
20005d26:	b480      	push	{r7}
20005d28:	b085      	sub	sp, #20
20005d2a:	af00      	add	r7, sp, #0
20005d2c:	6078      	str	r0, [r7, #4]
20005d2e:	460b      	mov	r3, r1
20005d30:	807b      	strh	r3, [r7, #2]
20005d32:	2300      	movs	r3, #0
20005d34:	81fb      	strh	r3, [r7, #14]
20005d36:	687b      	ldr	r3, [r7, #4]
20005d38:	8c1b      	ldrh	r3, [r3, #32]
20005d3a:	81fb      	strh	r3, [r7, #14]
20005d3c:	89fb      	ldrh	r3, [r7, #14]
20005d3e:	f023 0308 	bic.w	r3, r3, #8
20005d42:	81fb      	strh	r3, [r7, #14]
20005d44:	89fa      	ldrh	r2, [r7, #14]
20005d46:	887b      	ldrh	r3, [r7, #2]
20005d48:	4313      	orrs	r3, r2
20005d4a:	81fb      	strh	r3, [r7, #14]
20005d4c:	687b      	ldr	r3, [r7, #4]
20005d4e:	89fa      	ldrh	r2, [r7, #14]
20005d50:	841a      	strh	r2, [r3, #32]
20005d52:	bf00      	nop
20005d54:	3714      	adds	r7, #20
20005d56:	46bd      	mov	sp, r7
20005d58:	f85d 7b04 	ldr.w	r7, [sp], #4
20005d5c:	4770      	bx	lr

20005d5e <TIM_OC2PolarityConfig>:
20005d5e:	b480      	push	{r7}
20005d60:	b085      	sub	sp, #20
20005d62:	af00      	add	r7, sp, #0
20005d64:	6078      	str	r0, [r7, #4]
20005d66:	460b      	mov	r3, r1
20005d68:	807b      	strh	r3, [r7, #2]
20005d6a:	2300      	movs	r3, #0
20005d6c:	81fb      	strh	r3, [r7, #14]
20005d6e:	687b      	ldr	r3, [r7, #4]
20005d70:	8c1b      	ldrh	r3, [r3, #32]
20005d72:	81fb      	strh	r3, [r7, #14]
20005d74:	89fb      	ldrh	r3, [r7, #14]
20005d76:	f023 0320 	bic.w	r3, r3, #32
20005d7a:	81fb      	strh	r3, [r7, #14]
20005d7c:	887b      	ldrh	r3, [r7, #2]
20005d7e:	011b      	lsls	r3, r3, #4
20005d80:	b29a      	uxth	r2, r3
20005d82:	89fb      	ldrh	r3, [r7, #14]
20005d84:	4313      	orrs	r3, r2
20005d86:	81fb      	strh	r3, [r7, #14]
20005d88:	687b      	ldr	r3, [r7, #4]
20005d8a:	89fa      	ldrh	r2, [r7, #14]
20005d8c:	841a      	strh	r2, [r3, #32]
20005d8e:	bf00      	nop
20005d90:	3714      	adds	r7, #20
20005d92:	46bd      	mov	sp, r7
20005d94:	f85d 7b04 	ldr.w	r7, [sp], #4
20005d98:	4770      	bx	lr

20005d9a <TIM_OC2NPolarityConfig>:
20005d9a:	b480      	push	{r7}
20005d9c:	b085      	sub	sp, #20
20005d9e:	af00      	add	r7, sp, #0
20005da0:	6078      	str	r0, [r7, #4]
20005da2:	460b      	mov	r3, r1
20005da4:	807b      	strh	r3, [r7, #2]
20005da6:	2300      	movs	r3, #0
20005da8:	81fb      	strh	r3, [r7, #14]
20005daa:	687b      	ldr	r3, [r7, #4]
20005dac:	8c1b      	ldrh	r3, [r3, #32]
20005dae:	81fb      	strh	r3, [r7, #14]
20005db0:	89fb      	ldrh	r3, [r7, #14]
20005db2:	f023 0380 	bic.w	r3, r3, #128	@ 0x80
20005db6:	81fb      	strh	r3, [r7, #14]
20005db8:	887b      	ldrh	r3, [r7, #2]
20005dba:	011b      	lsls	r3, r3, #4
20005dbc:	b29a      	uxth	r2, r3
20005dbe:	89fb      	ldrh	r3, [r7, #14]
20005dc0:	4313      	orrs	r3, r2
20005dc2:	81fb      	strh	r3, [r7, #14]
20005dc4:	687b      	ldr	r3, [r7, #4]
20005dc6:	89fa      	ldrh	r2, [r7, #14]
20005dc8:	841a      	strh	r2, [r3, #32]
20005dca:	bf00      	nop
20005dcc:	3714      	adds	r7, #20
20005dce:	46bd      	mov	sp, r7
20005dd0:	f85d 7b04 	ldr.w	r7, [sp], #4
20005dd4:	4770      	bx	lr

20005dd6 <TIM_OC3PolarityConfig>:
20005dd6:	b480      	push	{r7}
20005dd8:	b085      	sub	sp, #20
20005dda:	af00      	add	r7, sp, #0
20005ddc:	6078      	str	r0, [r7, #4]
20005dde:	460b      	mov	r3, r1
20005de0:	807b      	strh	r3, [r7, #2]
20005de2:	2300      	movs	r3, #0
20005de4:	81fb      	strh	r3, [r7, #14]
20005de6:	687b      	ldr	r3, [r7, #4]
20005de8:	8c1b      	ldrh	r3, [r3, #32]
20005dea:	81fb      	strh	r3, [r7, #14]
20005dec:	89fb      	ldrh	r3, [r7, #14]
20005dee:	f423 7300 	bic.w	r3, r3, #512	@ 0x200
20005df2:	81fb      	strh	r3, [r7, #14]
20005df4:	887b      	ldrh	r3, [r7, #2]
20005df6:	021b      	lsls	r3, r3, #8
20005df8:	b29a      	uxth	r2, r3
20005dfa:	89fb      	ldrh	r3, [r7, #14]
20005dfc:	4313      	orrs	r3, r2
20005dfe:	81fb      	strh	r3, [r7, #14]
20005e00:	687b      	ldr	r3, [r7, #4]
20005e02:	89fa      	ldrh	r2, [r7, #14]
20005e04:	841a      	strh	r2, [r3, #32]
20005e06:	bf00      	nop
20005e08:	3714      	adds	r7, #20
20005e0a:	46bd      	mov	sp, r7
20005e0c:	f85d 7b04 	ldr.w	r7, [sp], #4
20005e10:	4770      	bx	lr

20005e12 <TIM_OC3NPolarityConfig>:
20005e12:	b480      	push	{r7}
20005e14:	b085      	sub	sp, #20
20005e16:	af00      	add	r7, sp, #0
20005e18:	6078      	str	r0, [r7, #4]
20005e1a:	460b      	mov	r3, r1
20005e1c:	807b      	strh	r3, [r7, #2]
20005e1e:	2300      	movs	r3, #0
20005e20:	81fb      	strh	r3, [r7, #14]
20005e22:	687b      	ldr	r3, [r7, #4]
20005e24:	8c1b      	ldrh	r3, [r3, #32]
20005e26:	81fb      	strh	r3, [r7, #14]
20005e28:	89fb      	ldrh	r3, [r7, #14]
20005e2a:	f423 6300 	bic.w	r3, r3, #2048	@ 0x800
20005e2e:	81fb      	strh	r3, [r7, #14]
20005e30:	887b      	ldrh	r3, [r7, #2]
20005e32:	021b      	lsls	r3, r3, #8
20005e34:	b29a      	uxth	r2, r3
20005e36:	89fb      	ldrh	r3, [r7, #14]
20005e38:	4313      	orrs	r3, r2
20005e3a:	81fb      	strh	r3, [r7, #14]
20005e3c:	687b      	ldr	r3, [r7, #4]
20005e3e:	89fa      	ldrh	r2, [r7, #14]
20005e40:	841a      	strh	r2, [r3, #32]
20005e42:	bf00      	nop
20005e44:	3714      	adds	r7, #20
20005e46:	46bd      	mov	sp, r7
20005e48:	f85d 7b04 	ldr.w	r7, [sp], #4
20005e4c:	4770      	bx	lr

20005e4e <TIM_OC4PolarityConfig>:
20005e4e:	b480      	push	{r7}
20005e50:	b085      	sub	sp, #20
20005e52:	af00      	add	r7, sp, #0
20005e54:	6078      	str	r0, [r7, #4]
20005e56:	460b      	mov	r3, r1
20005e58:	807b      	strh	r3, [r7, #2]
20005e5a:	2300      	movs	r3, #0
20005e5c:	81fb      	strh	r3, [r7, #14]
20005e5e:	687b      	ldr	r3, [r7, #4]
20005e60:	8c1b      	ldrh	r3, [r3, #32]
20005e62:	81fb      	strh	r3, [r7, #14]
20005e64:	89fb      	ldrh	r3, [r7, #14]
20005e66:	f423 5300 	bic.w	r3, r3, #8192	@ 0x2000
20005e6a:	81fb      	strh	r3, [r7, #14]
20005e6c:	887b      	ldrh	r3, [r7, #2]
20005e6e:	031b      	lsls	r3, r3, #12
20005e70:	b29a      	uxth	r2, r3
20005e72:	89fb      	ldrh	r3, [r7, #14]
20005e74:	4313      	orrs	r3, r2
20005e76:	81fb      	strh	r3, [r7, #14]
20005e78:	687b      	ldr	r3, [r7, #4]
20005e7a:	89fa      	ldrh	r2, [r7, #14]
20005e7c:	841a      	strh	r2, [r3, #32]
20005e7e:	bf00      	nop
20005e80:	3714      	adds	r7, #20
20005e82:	46bd      	mov	sp, r7
20005e84:	f85d 7b04 	ldr.w	r7, [sp], #4
20005e88:	4770      	bx	lr

20005e8a <TIM_CCxCmd>:
20005e8a:	b480      	push	{r7}
20005e8c:	b085      	sub	sp, #20
20005e8e:	af00      	add	r7, sp, #0
20005e90:	6078      	str	r0, [r7, #4]
20005e92:	460b      	mov	r3, r1
20005e94:	807b      	strh	r3, [r7, #2]
20005e96:	4613      	mov	r3, r2
20005e98:	803b      	strh	r3, [r7, #0]
20005e9a:	2300      	movs	r3, #0
20005e9c:	81fb      	strh	r3, [r7, #14]
20005e9e:	887b      	ldrh	r3, [r7, #2]
20005ea0:	2201      	movs	r2, #1
20005ea2:	fa02 f303 	lsl.w	r3, r2, r3
20005ea6:	81fb      	strh	r3, [r7, #14]
20005ea8:	687b      	ldr	r3, [r7, #4]
20005eaa:	8c1b      	ldrh	r3, [r3, #32]
20005eac:	b29a      	uxth	r2, r3
20005eae:	89fb      	ldrh	r3, [r7, #14]
20005eb0:	43db      	mvns	r3, r3
20005eb2:	b29b      	uxth	r3, r3
20005eb4:	4013      	ands	r3, r2
20005eb6:	b29a      	uxth	r2, r3
20005eb8:	687b      	ldr	r3, [r7, #4]
20005eba:	841a      	strh	r2, [r3, #32]
20005ebc:	687b      	ldr	r3, [r7, #4]
20005ebe:	8c1b      	ldrh	r3, [r3, #32]
20005ec0:	b29a      	uxth	r2, r3
20005ec2:	8839      	ldrh	r1, [r7, #0]
20005ec4:	887b      	ldrh	r3, [r7, #2]
20005ec6:	fa01 f303 	lsl.w	r3, r1, r3
20005eca:	b29b      	uxth	r3, r3
20005ecc:	4313      	orrs	r3, r2
20005ece:	b29a      	uxth	r2, r3
20005ed0:	687b      	ldr	r3, [r7, #4]
20005ed2:	841a      	strh	r2, [r3, #32]
20005ed4:	bf00      	nop
20005ed6:	3714      	adds	r7, #20
20005ed8:	46bd      	mov	sp, r7
20005eda:	f85d 7b04 	ldr.w	r7, [sp], #4
20005ede:	4770      	bx	lr

20005ee0 <TIM_CCxNCmd>:
20005ee0:	b480      	push	{r7}
20005ee2:	b085      	sub	sp, #20
20005ee4:	af00      	add	r7, sp, #0
20005ee6:	6078      	str	r0, [r7, #4]
20005ee8:	460b      	mov	r3, r1
20005eea:	807b      	strh	r3, [r7, #2]
20005eec:	4613      	mov	r3, r2
20005eee:	803b      	strh	r3, [r7, #0]
20005ef0:	2300      	movs	r3, #0
20005ef2:	81fb      	strh	r3, [r7, #14]
20005ef4:	887b      	ldrh	r3, [r7, #2]
20005ef6:	2204      	movs	r2, #4
20005ef8:	fa02 f303 	lsl.w	r3, r2, r3
20005efc:	81fb      	strh	r3, [r7, #14]
20005efe:	687b      	ldr	r3, [r7, #4]
20005f00:	8c1b      	ldrh	r3, [r3, #32]
20005f02:	b29a      	uxth	r2, r3
20005f04:	89fb      	ldrh	r3, [r7, #14]
20005f06:	43db      	mvns	r3, r3
20005f08:	b29b      	uxth	r3, r3
20005f0a:	4013      	ands	r3, r2
20005f0c:	b29a      	uxth	r2, r3
20005f0e:	687b      	ldr	r3, [r7, #4]
20005f10:	841a      	strh	r2, [r3, #32]
20005f12:	687b      	ldr	r3, [r7, #4]
20005f14:	8c1b      	ldrh	r3, [r3, #32]
20005f16:	b29a      	uxth	r2, r3
20005f18:	8839      	ldrh	r1, [r7, #0]
20005f1a:	887b      	ldrh	r3, [r7, #2]
20005f1c:	fa01 f303 	lsl.w	r3, r1, r3
20005f20:	b29b      	uxth	r3, r3
20005f22:	4313      	orrs	r3, r2
20005f24:	b29a      	uxth	r2, r3
20005f26:	687b      	ldr	r3, [r7, #4]
20005f28:	841a      	strh	r2, [r3, #32]
20005f2a:	bf00      	nop
20005f2c:	3714      	adds	r7, #20
20005f2e:	46bd      	mov	sp, r7
20005f30:	f85d 7b04 	ldr.w	r7, [sp], #4
20005f34:	4770      	bx	lr

20005f36 <TIM_ICInit>:
20005f36:	b580      	push	{r7, lr}
20005f38:	b082      	sub	sp, #8
20005f3a:	af00      	add	r7, sp, #0
20005f3c:	6078      	str	r0, [r7, #4]
20005f3e:	6039      	str	r1, [r7, #0]
20005f40:	683b      	ldr	r3, [r7, #0]
20005f42:	881b      	ldrh	r3, [r3, #0]
20005f44:	2b00      	cmp	r3, #0
20005f46:	d10f      	bne.n	20005f68 <TIM_ICInit+0x32>
20005f48:	683b      	ldr	r3, [r7, #0]
20005f4a:	8859      	ldrh	r1, [r3, #2]
20005f4c:	683b      	ldr	r3, [r7, #0]
20005f4e:	889a      	ldrh	r2, [r3, #4]
20005f50:	683b      	ldr	r3, [r7, #0]
20005f52:	891b      	ldrh	r3, [r3, #8]
20005f54:	6878      	ldr	r0, [r7, #4]
20005f56:	f000 fcb7 	bl	200068c8 <TI1_Config>
20005f5a:	683b      	ldr	r3, [r7, #0]
20005f5c:	88db      	ldrh	r3, [r3, #6]
20005f5e:	4619      	mov	r1, r3
20005f60:	6878      	ldr	r0, [r7, #4]
20005f62:	f000 f8e1 	bl	20006128 <TIM_SetIC1Prescaler>
20005f66:	e036      	b.n	20005fd6 <TIM_ICInit+0xa0>
20005f68:	683b      	ldr	r3, [r7, #0]
20005f6a:	881b      	ldrh	r3, [r3, #0]
20005f6c:	2b04      	cmp	r3, #4
20005f6e:	d10f      	bne.n	20005f90 <TIM_ICInit+0x5a>
20005f70:	683b      	ldr	r3, [r7, #0]
20005f72:	8859      	ldrh	r1, [r3, #2]
20005f74:	683b      	ldr	r3, [r7, #0]
20005f76:	889a      	ldrh	r2, [r3, #4]
20005f78:	683b      	ldr	r3, [r7, #0]
20005f7a:	891b      	ldrh	r3, [r3, #8]
20005f7c:	6878      	ldr	r0, [r7, #4]
20005f7e:	f000 fce6 	bl	2000694e <TI2_Config>
20005f82:	683b      	ldr	r3, [r7, #0]
20005f84:	88db      	ldrh	r3, [r3, #6]
20005f86:	4619      	mov	r1, r3
20005f88:	6878      	ldr	r0, [r7, #4]
20005f8a:	f000 f8e9 	bl	20006160 <TIM_SetIC2Prescaler>
20005f8e:	e022      	b.n	20005fd6 <TIM_ICInit+0xa0>
20005f90:	683b      	ldr	r3, [r7, #0]
20005f92:	881b      	ldrh	r3, [r3, #0]
20005f94:	2b08      	cmp	r3, #8
20005f96:	d10f      	bne.n	20005fb8 <TIM_ICInit+0x82>
20005f98:	683b      	ldr	r3, [r7, #0]
20005f9a:	8859      	ldrh	r1, [r3, #2]
20005f9c:	683b      	ldr	r3, [r7, #0]
20005f9e:	889a      	ldrh	r2, [r3, #4]
20005fa0:	683b      	ldr	r3, [r7, #0]
20005fa2:	891b      	ldrh	r3, [r3, #8]
20005fa4:	6878      	ldr	r0, [r7, #4]
20005fa6:	f000 fd1f 	bl	200069e8 <TI3_Config>
20005faa:	683b      	ldr	r3, [r7, #0]
20005fac:	88db      	ldrh	r3, [r3, #6]
20005fae:	4619      	mov	r1, r3
20005fb0:	6878      	ldr	r0, [r7, #4]
20005fb2:	f000 f8f3 	bl	2000619c <TIM_SetIC3Prescaler>
20005fb6:	e00e      	b.n	20005fd6 <TIM_ICInit+0xa0>
20005fb8:	683b      	ldr	r3, [r7, #0]
20005fba:	8859      	ldrh	r1, [r3, #2]
20005fbc:	683b      	ldr	r3, [r7, #0]
20005fbe:	889a      	ldrh	r2, [r3, #4]
20005fc0:	683b      	ldr	r3, [r7, #0]
20005fc2:	891b      	ldrh	r3, [r3, #8]
20005fc4:	6878      	ldr	r0, [r7, #4]
20005fc6:	f000 fd57 	bl	20006a78 <TI4_Config>
20005fca:	683b      	ldr	r3, [r7, #0]
20005fcc:	88db      	ldrh	r3, [r3, #6]
20005fce:	4619      	mov	r1, r3
20005fd0:	6878      	ldr	r0, [r7, #4]
20005fd2:	f000 f8ff 	bl	200061d4 <TIM_SetIC4Prescaler>
20005fd6:	bf00      	nop
20005fd8:	3708      	adds	r7, #8
20005fda:	46bd      	mov	sp, r7
20005fdc:	bd80      	pop	{r7, pc}

20005fde <TIM_ICStructInit>:
20005fde:	b480      	push	{r7}
20005fe0:	b083      	sub	sp, #12
20005fe2:	af00      	add	r7, sp, #0
20005fe4:	6078      	str	r0, [r7, #4]
20005fe6:	687b      	ldr	r3, [r7, #4]
20005fe8:	2200      	movs	r2, #0
20005fea:	801a      	strh	r2, [r3, #0]
20005fec:	687b      	ldr	r3, [r7, #4]
20005fee:	2200      	movs	r2, #0
20005ff0:	805a      	strh	r2, [r3, #2]
20005ff2:	687b      	ldr	r3, [r7, #4]
20005ff4:	2201      	movs	r2, #1
20005ff6:	809a      	strh	r2, [r3, #4]
20005ff8:	687b      	ldr	r3, [r7, #4]
20005ffa:	2200      	movs	r2, #0
20005ffc:	80da      	strh	r2, [r3, #6]
20005ffe:	687b      	ldr	r3, [r7, #4]
20006000:	2200      	movs	r2, #0
20006002:	811a      	strh	r2, [r3, #8]
20006004:	bf00      	nop
20006006:	370c      	adds	r7, #12
20006008:	46bd      	mov	sp, r7
2000600a:	f85d 7b04 	ldr.w	r7, [sp], #4
2000600e:	4770      	bx	lr

20006010 <TIM_PWMIConfig>:
20006010:	b580      	push	{r7, lr}
20006012:	b084      	sub	sp, #16
20006014:	af00      	add	r7, sp, #0
20006016:	6078      	str	r0, [r7, #4]
20006018:	6039      	str	r1, [r7, #0]
2000601a:	2300      	movs	r3, #0
2000601c:	81fb      	strh	r3, [r7, #14]
2000601e:	2301      	movs	r3, #1
20006020:	81bb      	strh	r3, [r7, #12]
20006022:	683b      	ldr	r3, [r7, #0]
20006024:	885b      	ldrh	r3, [r3, #2]
20006026:	2b00      	cmp	r3, #0
20006028:	d102      	bne.n	20006030 <TIM_PWMIConfig+0x20>
2000602a:	2302      	movs	r3, #2
2000602c:	81fb      	strh	r3, [r7, #14]
2000602e:	e001      	b.n	20006034 <TIM_PWMIConfig+0x24>
20006030:	2300      	movs	r3, #0
20006032:	81fb      	strh	r3, [r7, #14]
20006034:	683b      	ldr	r3, [r7, #0]
20006036:	889b      	ldrh	r3, [r3, #4]
20006038:	2b01      	cmp	r3, #1
2000603a:	d102      	bne.n	20006042 <TIM_PWMIConfig+0x32>
2000603c:	2302      	movs	r3, #2
2000603e:	81bb      	strh	r3, [r7, #12]
20006040:	e001      	b.n	20006046 <TIM_PWMIConfig+0x36>
20006042:	2301      	movs	r3, #1
20006044:	81bb      	strh	r3, [r7, #12]
20006046:	683b      	ldr	r3, [r7, #0]
20006048:	881b      	ldrh	r3, [r3, #0]
2000604a:	2b00      	cmp	r3, #0
2000604c:	d11c      	bne.n	20006088 <TIM_PWMIConfig+0x78>
2000604e:	683b      	ldr	r3, [r7, #0]
20006050:	8859      	ldrh	r1, [r3, #2]
20006052:	683b      	ldr	r3, [r7, #0]
20006054:	889a      	ldrh	r2, [r3, #4]
20006056:	683b      	ldr	r3, [r7, #0]
20006058:	891b      	ldrh	r3, [r3, #8]
2000605a:	6878      	ldr	r0, [r7, #4]
2000605c:	f000 fc34 	bl	200068c8 <TI1_Config>
20006060:	683b      	ldr	r3, [r7, #0]
20006062:	88db      	ldrh	r3, [r3, #6]
20006064:	4619      	mov	r1, r3
20006066:	6878      	ldr	r0, [r7, #4]
20006068:	f000 f85e 	bl	20006128 <TIM_SetIC1Prescaler>
2000606c:	683b      	ldr	r3, [r7, #0]
2000606e:	891b      	ldrh	r3, [r3, #8]
20006070:	89ba      	ldrh	r2, [r7, #12]
20006072:	89f9      	ldrh	r1, [r7, #14]
20006074:	6878      	ldr	r0, [r7, #4]
20006076:	f000 fc6a 	bl	2000694e <TI2_Config>
2000607a:	683b      	ldr	r3, [r7, #0]
2000607c:	88db      	ldrh	r3, [r3, #6]
2000607e:	4619      	mov	r1, r3
20006080:	6878      	ldr	r0, [r7, #4]
20006082:	f000 f86d 	bl	20006160 <TIM_SetIC2Prescaler>
20006086:	e01b      	b.n	200060c0 <TIM_PWMIConfig+0xb0>
20006088:	683b      	ldr	r3, [r7, #0]
2000608a:	8859      	ldrh	r1, [r3, #2]
2000608c:	683b      	ldr	r3, [r7, #0]
2000608e:	889a      	ldrh	r2, [r3, #4]
20006090:	683b      	ldr	r3, [r7, #0]
20006092:	891b      	ldrh	r3, [r3, #8]
20006094:	6878      	ldr	r0, [r7, #4]
20006096:	f000 fc5a 	bl	2000694e <TI2_Config>
2000609a:	683b      	ldr	r3, [r7, #0]
2000609c:	88db      	ldrh	r3, [r3, #6]
2000609e:	4619      	mov	r1, r3
200060a0:	6878      	ldr	r0, [r7, #4]
200060a2:	f000 f85d 	bl	20006160 <TIM_SetIC2Prescaler>
200060a6:	683b      	ldr	r3, [r7, #0]
200060a8:	891b      	ldrh	r3, [r3, #8]
200060aa:	89ba      	ldrh	r2, [r7, #12]
200060ac:	89f9      	ldrh	r1, [r7, #14]
200060ae:	6878      	ldr	r0, [r7, #4]
200060b0:	f000 fc0a 	bl	200068c8 <TI1_Config>
200060b4:	683b      	ldr	r3, [r7, #0]
200060b6:	88db      	ldrh	r3, [r3, #6]
200060b8:	4619      	mov	r1, r3
200060ba:	6878      	ldr	r0, [r7, #4]
200060bc:	f000 f834 	bl	20006128 <TIM_SetIC1Prescaler>
200060c0:	bf00      	nop
200060c2:	3710      	adds	r7, #16
200060c4:	46bd      	mov	sp, r7
200060c6:	bd80      	pop	{r7, pc}

200060c8 <TIM_GetCapture1>:
200060c8:	b480      	push	{r7}
200060ca:	b083      	sub	sp, #12
200060cc:	af00      	add	r7, sp, #0
200060ce:	6078      	str	r0, [r7, #4]
200060d0:	687b      	ldr	r3, [r7, #4]
200060d2:	6b5b      	ldr	r3, [r3, #52]	@ 0x34
200060d4:	4618      	mov	r0, r3
200060d6:	370c      	adds	r7, #12
200060d8:	46bd      	mov	sp, r7
200060da:	f85d 7b04 	ldr.w	r7, [sp], #4
200060de:	4770      	bx	lr

200060e0 <TIM_GetCapture2>:
200060e0:	b480      	push	{r7}
200060e2:	b083      	sub	sp, #12
200060e4:	af00      	add	r7, sp, #0
200060e6:	6078      	str	r0, [r7, #4]
200060e8:	687b      	ldr	r3, [r7, #4]
200060ea:	6b9b      	ldr	r3, [r3, #56]	@ 0x38
200060ec:	4618      	mov	r0, r3
200060ee:	370c      	adds	r7, #12
200060f0:	46bd      	mov	sp, r7
200060f2:	f85d 7b04 	ldr.w	r7, [sp], #4
200060f6:	4770      	bx	lr

200060f8 <TIM_GetCapture3>:
200060f8:	b480      	push	{r7}
200060fa:	b083      	sub	sp, #12
200060fc:	af00      	add	r7, sp, #0
200060fe:	6078      	str	r0, [r7, #4]
20006100:	687b      	ldr	r3, [r7, #4]
20006102:	6bdb      	ldr	r3, [r3, #60]	@ 0x3c
20006104:	4618      	mov	r0, r3
20006106:	370c      	adds	r7, #12
20006108:	46bd      	mov	sp, r7
2000610a:	f85d 7b04 	ldr.w	r7, [sp], #4
2000610e:	4770      	bx	lr

20006110 <TIM_GetCapture4>:
20006110:	b480      	push	{r7}
20006112:	b083      	sub	sp, #12
20006114:	af00      	add	r7, sp, #0
20006116:	6078      	str	r0, [r7, #4]
20006118:	687b      	ldr	r3, [r7, #4]
2000611a:	6c1b      	ldr	r3, [r3, #64]	@ 0x40
2000611c:	4618      	mov	r0, r3
2000611e:	370c      	adds	r7, #12
20006120:	46bd      	mov	sp, r7
20006122:	f85d 7b04 	ldr.w	r7, [sp], #4
20006126:	4770      	bx	lr

20006128 <TIM_SetIC1Prescaler>:
20006128:	b480      	push	{r7}
2000612a:	b083      	sub	sp, #12
2000612c:	af00      	add	r7, sp, #0
2000612e:	6078      	str	r0, [r7, #4]
20006130:	460b      	mov	r3, r1
20006132:	807b      	strh	r3, [r7, #2]
20006134:	687b      	ldr	r3, [r7, #4]
20006136:	8b1b      	ldrh	r3, [r3, #24]
20006138:	b29b      	uxth	r3, r3
2000613a:	f023 030c 	bic.w	r3, r3, #12
2000613e:	b29a      	uxth	r2, r3
20006140:	687b      	ldr	r3, [r7, #4]
20006142:	831a      	strh	r2, [r3, #24]
20006144:	687b      	ldr	r3, [r7, #4]
20006146:	8b1b      	ldrh	r3, [r3, #24]
20006148:	b29a      	uxth	r2, r3
2000614a:	887b      	ldrh	r3, [r7, #2]
2000614c:	4313      	orrs	r3, r2
2000614e:	b29a      	uxth	r2, r3
20006150:	687b      	ldr	r3, [r7, #4]
20006152:	831a      	strh	r2, [r3, #24]
20006154:	bf00      	nop
20006156:	370c      	adds	r7, #12
20006158:	46bd      	mov	sp, r7
2000615a:	f85d 7b04 	ldr.w	r7, [sp], #4
2000615e:	4770      	bx	lr

20006160 <TIM_SetIC2Prescaler>:
20006160:	b480      	push	{r7}
20006162:	b083      	sub	sp, #12
20006164:	af00      	add	r7, sp, #0
20006166:	6078      	str	r0, [r7, #4]
20006168:	460b      	mov	r3, r1
2000616a:	807b      	strh	r3, [r7, #2]
2000616c:	687b      	ldr	r3, [r7, #4]
2000616e:	8b1b      	ldrh	r3, [r3, #24]
20006170:	b29b      	uxth	r3, r3
20006172:	f423 6340 	bic.w	r3, r3, #3072	@ 0xc00
20006176:	b29a      	uxth	r2, r3
20006178:	687b      	ldr	r3, [r7, #4]
2000617a:	831a      	strh	r2, [r3, #24]
2000617c:	687b      	ldr	r3, [r7, #4]
2000617e:	8b1b      	ldrh	r3, [r3, #24]
20006180:	b29a      	uxth	r2, r3
20006182:	887b      	ldrh	r3, [r7, #2]
20006184:	021b      	lsls	r3, r3, #8
20006186:	b29b      	uxth	r3, r3
20006188:	4313      	orrs	r3, r2
2000618a:	b29a      	uxth	r2, r3
2000618c:	687b      	ldr	r3, [r7, #4]
2000618e:	831a      	strh	r2, [r3, #24]
20006190:	bf00      	nop
20006192:	370c      	adds	r7, #12
20006194:	46bd      	mov	sp, r7
20006196:	f85d 7b04 	ldr.w	r7, [sp], #4
2000619a:	4770      	bx	lr

2000619c <TIM_SetIC3Prescaler>:
2000619c:	b480      	push	{r7}
2000619e:	b083      	sub	sp, #12
200061a0:	af00      	add	r7, sp, #0
200061a2:	6078      	str	r0, [r7, #4]
200061a4:	460b      	mov	r3, r1
200061a6:	807b      	strh	r3, [r7, #2]
200061a8:	687b      	ldr	r3, [r7, #4]
200061aa:	8b9b      	ldrh	r3, [r3, #28]
200061ac:	b29b      	uxth	r3, r3
200061ae:	f023 030c 	bic.w	r3, r3, #12
200061b2:	b29a      	uxth	r2, r3
200061b4:	687b      	ldr	r3, [r7, #4]
200061b6:	839a      	strh	r2, [r3, #28]
200061b8:	687b      	ldr	r3, [r7, #4]
200061ba:	8b9b      	ldrh	r3, [r3, #28]
200061bc:	b29a      	uxth	r2, r3
200061be:	887b      	ldrh	r3, [r7, #2]
200061c0:	4313      	orrs	r3, r2
200061c2:	b29a      	uxth	r2, r3
200061c4:	687b      	ldr	r3, [r7, #4]
200061c6:	839a      	strh	r2, [r3, #28]
200061c8:	bf00      	nop
200061ca:	370c      	adds	r7, #12
200061cc:	46bd      	mov	sp, r7
200061ce:	f85d 7b04 	ldr.w	r7, [sp], #4
200061d2:	4770      	bx	lr

200061d4 <TIM_SetIC4Prescaler>:
200061d4:	b480      	push	{r7}
200061d6:	b083      	sub	sp, #12
200061d8:	af00      	add	r7, sp, #0
200061da:	6078      	str	r0, [r7, #4]
200061dc:	460b      	mov	r3, r1
200061de:	807b      	strh	r3, [r7, #2]
200061e0:	687b      	ldr	r3, [r7, #4]
200061e2:	8b9b      	ldrh	r3, [r3, #28]
200061e4:	b29b      	uxth	r3, r3
200061e6:	f423 6340 	bic.w	r3, r3, #3072	@ 0xc00
200061ea:	b29a      	uxth	r2, r3
200061ec:	687b      	ldr	r3, [r7, #4]
200061ee:	839a      	strh	r2, [r3, #28]
200061f0:	687b      	ldr	r3, [r7, #4]
200061f2:	8b9b      	ldrh	r3, [r3, #28]
200061f4:	b29a      	uxth	r2, r3
200061f6:	887b      	ldrh	r3, [r7, #2]
200061f8:	021b      	lsls	r3, r3, #8
200061fa:	b29b      	uxth	r3, r3
200061fc:	4313      	orrs	r3, r2
200061fe:	b29a      	uxth	r2, r3
20006200:	687b      	ldr	r3, [r7, #4]
20006202:	839a      	strh	r2, [r3, #28]
20006204:	bf00      	nop
20006206:	370c      	adds	r7, #12
20006208:	46bd      	mov	sp, r7
2000620a:	f85d 7b04 	ldr.w	r7, [sp], #4
2000620e:	4770      	bx	lr

20006210 <TIM_BDTRConfig>:
20006210:	b480      	push	{r7}
20006212:	b083      	sub	sp, #12
20006214:	af00      	add	r7, sp, #0
20006216:	6078      	str	r0, [r7, #4]
20006218:	6039      	str	r1, [r7, #0]
2000621a:	683b      	ldr	r3, [r7, #0]
2000621c:	881a      	ldrh	r2, [r3, #0]
2000621e:	683b      	ldr	r3, [r7, #0]
20006220:	885b      	ldrh	r3, [r3, #2]
20006222:	4313      	orrs	r3, r2
20006224:	b29a      	uxth	r2, r3
20006226:	683b      	ldr	r3, [r7, #0]
20006228:	889b      	ldrh	r3, [r3, #4]
2000622a:	4313      	orrs	r3, r2
2000622c:	b29a      	uxth	r2, r3
2000622e:	683b      	ldr	r3, [r7, #0]
20006230:	88db      	ldrh	r3, [r3, #6]
20006232:	4313      	orrs	r3, r2
20006234:	b29a      	uxth	r2, r3
20006236:	683b      	ldr	r3, [r7, #0]
20006238:	891b      	ldrh	r3, [r3, #8]
2000623a:	4313      	orrs	r3, r2
2000623c:	b29a      	uxth	r2, r3
2000623e:	683b      	ldr	r3, [r7, #0]
20006240:	895b      	ldrh	r3, [r3, #10]
20006242:	4313      	orrs	r3, r2
20006244:	b29a      	uxth	r2, r3
20006246:	683b      	ldr	r3, [r7, #0]
20006248:	899b      	ldrh	r3, [r3, #12]
2000624a:	4313      	orrs	r3, r2
2000624c:	b29a      	uxth	r2, r3
2000624e:	687b      	ldr	r3, [r7, #4]
20006250:	f8a3 2044 	strh.w	r2, [r3, #68]	@ 0x44
20006254:	bf00      	nop
20006256:	370c      	adds	r7, #12
20006258:	46bd      	mov	sp, r7
2000625a:	f85d 7b04 	ldr.w	r7, [sp], #4
2000625e:	4770      	bx	lr

20006260 <TIM_BDTRStructInit>:
20006260:	b480      	push	{r7}
20006262:	b083      	sub	sp, #12
20006264:	af00      	add	r7, sp, #0
20006266:	6078      	str	r0, [r7, #4]
20006268:	687b      	ldr	r3, [r7, #4]
2000626a:	2200      	movs	r2, #0
2000626c:	801a      	strh	r2, [r3, #0]
2000626e:	687b      	ldr	r3, [r7, #4]
20006270:	2200      	movs	r2, #0
20006272:	805a      	strh	r2, [r3, #2]
20006274:	687b      	ldr	r3, [r7, #4]
20006276:	2200      	movs	r2, #0
20006278:	809a      	strh	r2, [r3, #4]
2000627a:	687b      	ldr	r3, [r7, #4]
2000627c:	2200      	movs	r2, #0
2000627e:	80da      	strh	r2, [r3, #6]
20006280:	687b      	ldr	r3, [r7, #4]
20006282:	2200      	movs	r2, #0
20006284:	811a      	strh	r2, [r3, #8]
20006286:	687b      	ldr	r3, [r7, #4]
20006288:	2200      	movs	r2, #0
2000628a:	815a      	strh	r2, [r3, #10]
2000628c:	687b      	ldr	r3, [r7, #4]
2000628e:	2200      	movs	r2, #0
20006290:	819a      	strh	r2, [r3, #12]
20006292:	bf00      	nop
20006294:	370c      	adds	r7, #12
20006296:	46bd      	mov	sp, r7
20006298:	f85d 7b04 	ldr.w	r7, [sp], #4
2000629c:	4770      	bx	lr

2000629e <TIM_CtrlPWMOutputs>:
2000629e:	b480      	push	{r7}
200062a0:	b083      	sub	sp, #12
200062a2:	af00      	add	r7, sp, #0
200062a4:	6078      	str	r0, [r7, #4]
200062a6:	460b      	mov	r3, r1
200062a8:	70fb      	strb	r3, [r7, #3]
200062aa:	78fb      	ldrb	r3, [r7, #3]
200062ac:	2b00      	cmp	r3, #0
200062ae:	d00c      	beq.n	200062ca <TIM_CtrlPWMOutputs+0x2c>
200062b0:	687b      	ldr	r3, [r7, #4]
200062b2:	f8b3 3044 	ldrh.w	r3, [r3, #68]	@ 0x44
200062b6:	b29b      	uxth	r3, r3
200062b8:	ea6f 4343 	mvn.w	r3, r3, lsl #17
200062bc:	ea6f 4353 	mvn.w	r3, r3, lsr #17
200062c0:	b29a      	uxth	r2, r3
200062c2:	687b      	ldr	r3, [r7, #4]
200062c4:	f8a3 2044 	strh.w	r2, [r3, #68]	@ 0x44
200062c8:	e009      	b.n	200062de <TIM_CtrlPWMOutputs+0x40>
200062ca:	687b      	ldr	r3, [r7, #4]
200062cc:	f8b3 3044 	ldrh.w	r3, [r3, #68]	@ 0x44
200062d0:	b29b      	uxth	r3, r3
200062d2:	f3c3 030e 	ubfx	r3, r3, #0, #15
200062d6:	b29a      	uxth	r2, r3
200062d8:	687b      	ldr	r3, [r7, #4]
200062da:	f8a3 2044 	strh.w	r2, [r3, #68]	@ 0x44
200062de:	bf00      	nop
200062e0:	370c      	adds	r7, #12
200062e2:	46bd      	mov	sp, r7
200062e4:	f85d 7b04 	ldr.w	r7, [sp], #4
200062e8:	4770      	bx	lr

200062ea <TIM_SelectCOM>:
200062ea:	b480      	push	{r7}
200062ec:	b083      	sub	sp, #12
200062ee:	af00      	add	r7, sp, #0
200062f0:	6078      	str	r0, [r7, #4]
200062f2:	460b      	mov	r3, r1
200062f4:	70fb      	strb	r3, [r7, #3]
200062f6:	78fb      	ldrb	r3, [r7, #3]
200062f8:	2b00      	cmp	r3, #0
200062fa:	d008      	beq.n	2000630e <TIM_SelectCOM+0x24>
200062fc:	687b      	ldr	r3, [r7, #4]
200062fe:	889b      	ldrh	r3, [r3, #4]
20006300:	b29b      	uxth	r3, r3
20006302:	f043 0304 	orr.w	r3, r3, #4
20006306:	b29a      	uxth	r2, r3
20006308:	687b      	ldr	r3, [r7, #4]
2000630a:	809a      	strh	r2, [r3, #4]
2000630c:	e007      	b.n	2000631e <TIM_SelectCOM+0x34>
2000630e:	687b      	ldr	r3, [r7, #4]
20006310:	889b      	ldrh	r3, [r3, #4]
20006312:	b29b      	uxth	r3, r3
20006314:	f023 0304 	bic.w	r3, r3, #4
20006318:	b29a      	uxth	r2, r3
2000631a:	687b      	ldr	r3, [r7, #4]
2000631c:	809a      	strh	r2, [r3, #4]
2000631e:	bf00      	nop
20006320:	370c      	adds	r7, #12
20006322:	46bd      	mov	sp, r7
20006324:	f85d 7b04 	ldr.w	r7, [sp], #4
20006328:	4770      	bx	lr

2000632a <TIM_CCPreloadControl>:
2000632a:	b480      	push	{r7}
2000632c:	b083      	sub	sp, #12
2000632e:	af00      	add	r7, sp, #0
20006330:	6078      	str	r0, [r7, #4]
20006332:	460b      	mov	r3, r1
20006334:	70fb      	strb	r3, [r7, #3]
20006336:	78fb      	ldrb	r3, [r7, #3]
20006338:	2b00      	cmp	r3, #0
2000633a:	d008      	beq.n	2000634e <TIM_CCPreloadControl+0x24>
2000633c:	687b      	ldr	r3, [r7, #4]
2000633e:	889b      	ldrh	r3, [r3, #4]
20006340:	b29b      	uxth	r3, r3
20006342:	f043 0301 	orr.w	r3, r3, #1
20006346:	b29a      	uxth	r2, r3
20006348:	687b      	ldr	r3, [r7, #4]
2000634a:	809a      	strh	r2, [r3, #4]
2000634c:	e007      	b.n	2000635e <TIM_CCPreloadControl+0x34>
2000634e:	687b      	ldr	r3, [r7, #4]
20006350:	889b      	ldrh	r3, [r3, #4]
20006352:	b29b      	uxth	r3, r3
20006354:	f023 0301 	bic.w	r3, r3, #1
20006358:	b29a      	uxth	r2, r3
2000635a:	687b      	ldr	r3, [r7, #4]
2000635c:	809a      	strh	r2, [r3, #4]
2000635e:	bf00      	nop
20006360:	370c      	adds	r7, #12
20006362:	46bd      	mov	sp, r7
20006364:	f85d 7b04 	ldr.w	r7, [sp], #4
20006368:	4770      	bx	lr

2000636a <TIM_ITConfig>:
2000636a:	b480      	push	{r7}
2000636c:	b083      	sub	sp, #12
2000636e:	af00      	add	r7, sp, #0
20006370:	6078      	str	r0, [r7, #4]
20006372:	460b      	mov	r3, r1
20006374:	807b      	strh	r3, [r7, #2]
20006376:	4613      	mov	r3, r2
20006378:	707b      	strb	r3, [r7, #1]
2000637a:	787b      	ldrb	r3, [r7, #1]
2000637c:	2b00      	cmp	r3, #0
2000637e:	d008      	beq.n	20006392 <TIM_ITConfig+0x28>
20006380:	687b      	ldr	r3, [r7, #4]
20006382:	899b      	ldrh	r3, [r3, #12]
20006384:	b29a      	uxth	r2, r3
20006386:	887b      	ldrh	r3, [r7, #2]
20006388:	4313      	orrs	r3, r2
2000638a:	b29a      	uxth	r2, r3
2000638c:	687b      	ldr	r3, [r7, #4]
2000638e:	819a      	strh	r2, [r3, #12]
20006390:	e009      	b.n	200063a6 <TIM_ITConfig+0x3c>
20006392:	687b      	ldr	r3, [r7, #4]
20006394:	899b      	ldrh	r3, [r3, #12]
20006396:	b29a      	uxth	r2, r3
20006398:	887b      	ldrh	r3, [r7, #2]
2000639a:	43db      	mvns	r3, r3
2000639c:	b29b      	uxth	r3, r3
2000639e:	4013      	ands	r3, r2
200063a0:	b29a      	uxth	r2, r3
200063a2:	687b      	ldr	r3, [r7, #4]
200063a4:	819a      	strh	r2, [r3, #12]
200063a6:	bf00      	nop
200063a8:	370c      	adds	r7, #12
200063aa:	46bd      	mov	sp, r7
200063ac:	f85d 7b04 	ldr.w	r7, [sp], #4
200063b0:	4770      	bx	lr

200063b2 <TIM_GenerateEvent>:
200063b2:	b480      	push	{r7}
200063b4:	b083      	sub	sp, #12
200063b6:	af00      	add	r7, sp, #0
200063b8:	6078      	str	r0, [r7, #4]
200063ba:	460b      	mov	r3, r1
200063bc:	807b      	strh	r3, [r7, #2]
200063be:	687b      	ldr	r3, [r7, #4]
200063c0:	887a      	ldrh	r2, [r7, #2]
200063c2:	829a      	strh	r2, [r3, #20]
200063c4:	bf00      	nop
200063c6:	370c      	adds	r7, #12
200063c8:	46bd      	mov	sp, r7
200063ca:	f85d 7b04 	ldr.w	r7, [sp], #4
200063ce:	4770      	bx	lr

200063d0 <TIM_GetFlagStatus>:
200063d0:	b480      	push	{r7}
200063d2:	b085      	sub	sp, #20
200063d4:	af00      	add	r7, sp, #0
200063d6:	6078      	str	r0, [r7, #4]
200063d8:	460b      	mov	r3, r1
200063da:	807b      	strh	r3, [r7, #2]
200063dc:	2300      	movs	r3, #0
200063de:	73fb      	strb	r3, [r7, #15]
200063e0:	687b      	ldr	r3, [r7, #4]
200063e2:	8a1b      	ldrh	r3, [r3, #16]
200063e4:	b29a      	uxth	r2, r3
200063e6:	887b      	ldrh	r3, [r7, #2]
200063e8:	4013      	ands	r3, r2
200063ea:	b29b      	uxth	r3, r3
200063ec:	2b00      	cmp	r3, #0
200063ee:	d002      	beq.n	200063f6 <TIM_GetFlagStatus+0x26>
200063f0:	2301      	movs	r3, #1
200063f2:	73fb      	strb	r3, [r7, #15]
200063f4:	e001      	b.n	200063fa <TIM_GetFlagStatus+0x2a>
200063f6:	2300      	movs	r3, #0
200063f8:	73fb      	strb	r3, [r7, #15]
200063fa:	7bfb      	ldrb	r3, [r7, #15]
200063fc:	4618      	mov	r0, r3
200063fe:	3714      	adds	r7, #20
20006400:	46bd      	mov	sp, r7
20006402:	f85d 7b04 	ldr.w	r7, [sp], #4
20006406:	4770      	bx	lr

20006408 <TIM_ClearFlag>:
20006408:	b480      	push	{r7}
2000640a:	b083      	sub	sp, #12
2000640c:	af00      	add	r7, sp, #0
2000640e:	6078      	str	r0, [r7, #4]
20006410:	460b      	mov	r3, r1
20006412:	807b      	strh	r3, [r7, #2]
20006414:	887b      	ldrh	r3, [r7, #2]
20006416:	43db      	mvns	r3, r3
20006418:	b29a      	uxth	r2, r3
2000641a:	687b      	ldr	r3, [r7, #4]
2000641c:	821a      	strh	r2, [r3, #16]
2000641e:	bf00      	nop
20006420:	370c      	adds	r7, #12
20006422:	46bd      	mov	sp, r7
20006424:	f85d 7b04 	ldr.w	r7, [sp], #4
20006428:	4770      	bx	lr

2000642a <TIM_GetITStatus>:
2000642a:	b480      	push	{r7}
2000642c:	b085      	sub	sp, #20
2000642e:	af00      	add	r7, sp, #0
20006430:	6078      	str	r0, [r7, #4]
20006432:	460b      	mov	r3, r1
20006434:	807b      	strh	r3, [r7, #2]
20006436:	2300      	movs	r3, #0
20006438:	73fb      	strb	r3, [r7, #15]
2000643a:	2300      	movs	r3, #0
2000643c:	81bb      	strh	r3, [r7, #12]
2000643e:	2300      	movs	r3, #0
20006440:	817b      	strh	r3, [r7, #10]
20006442:	687b      	ldr	r3, [r7, #4]
20006444:	8a1b      	ldrh	r3, [r3, #16]
20006446:	b29a      	uxth	r2, r3
20006448:	887b      	ldrh	r3, [r7, #2]
2000644a:	4013      	ands	r3, r2
2000644c:	81bb      	strh	r3, [r7, #12]
2000644e:	687b      	ldr	r3, [r7, #4]
20006450:	899b      	ldrh	r3, [r3, #12]
20006452:	b29a      	uxth	r2, r3
20006454:	887b      	ldrh	r3, [r7, #2]
20006456:	4013      	ands	r3, r2
20006458:	817b      	strh	r3, [r7, #10]
2000645a:	89bb      	ldrh	r3, [r7, #12]
2000645c:	2b00      	cmp	r3, #0
2000645e:	d005      	beq.n	2000646c <TIM_GetITStatus+0x42>
20006460:	897b      	ldrh	r3, [r7, #10]
20006462:	2b00      	cmp	r3, #0
20006464:	d002      	beq.n	2000646c <TIM_GetITStatus+0x42>
20006466:	2301      	movs	r3, #1
20006468:	73fb      	strb	r3, [r7, #15]
2000646a:	e001      	b.n	20006470 <TIM_GetITStatus+0x46>
2000646c:	2300      	movs	r3, #0
2000646e:	73fb      	strb	r3, [r7, #15]
20006470:	7bfb      	ldrb	r3, [r7, #15]
20006472:	4618      	mov	r0, r3
20006474:	3714      	adds	r7, #20
20006476:	46bd      	mov	sp, r7
20006478:	f85d 7b04 	ldr.w	r7, [sp], #4
2000647c:	4770      	bx	lr

2000647e <TIM_ClearITPendingBit>:
2000647e:	b480      	push	{r7}
20006480:	b083      	sub	sp, #12
20006482:	af00      	add	r7, sp, #0
20006484:	6078      	str	r0, [r7, #4]
20006486:	460b      	mov	r3, r1
20006488:	807b      	strh	r3, [r7, #2]
2000648a:	887b      	ldrh	r3, [r7, #2]
2000648c:	43db      	mvns	r3, r3
2000648e:	b29a      	uxth	r2, r3
20006490:	687b      	ldr	r3, [r7, #4]
20006492:	821a      	strh	r2, [r3, #16]
20006494:	bf00      	nop
20006496:	370c      	adds	r7, #12
20006498:	46bd      	mov	sp, r7
2000649a:	f85d 7b04 	ldr.w	r7, [sp], #4
2000649e:	4770      	bx	lr

200064a0 <TIM_DMAConfig>:
200064a0:	b480      	push	{r7}
200064a2:	b083      	sub	sp, #12
200064a4:	af00      	add	r7, sp, #0
200064a6:	6078      	str	r0, [r7, #4]
200064a8:	460b      	mov	r3, r1
200064aa:	807b      	strh	r3, [r7, #2]
200064ac:	4613      	mov	r3, r2
200064ae:	803b      	strh	r3, [r7, #0]
200064b0:	887a      	ldrh	r2, [r7, #2]
200064b2:	883b      	ldrh	r3, [r7, #0]
200064b4:	4313      	orrs	r3, r2
200064b6:	b29a      	uxth	r2, r3
200064b8:	687b      	ldr	r3, [r7, #4]
200064ba:	f8a3 2048 	strh.w	r2, [r3, #72]	@ 0x48
200064be:	bf00      	nop
200064c0:	370c      	adds	r7, #12
200064c2:	46bd      	mov	sp, r7
200064c4:	f85d 7b04 	ldr.w	r7, [sp], #4
200064c8:	4770      	bx	lr

200064ca <TIM_DMACmd>:
200064ca:	b480      	push	{r7}
200064cc:	b083      	sub	sp, #12
200064ce:	af00      	add	r7, sp, #0
200064d0:	6078      	str	r0, [r7, #4]
200064d2:	460b      	mov	r3, r1
200064d4:	807b      	strh	r3, [r7, #2]
200064d6:	4613      	mov	r3, r2
200064d8:	707b      	strb	r3, [r7, #1]
200064da:	787b      	ldrb	r3, [r7, #1]
200064dc:	2b00      	cmp	r3, #0
200064de:	d008      	beq.n	200064f2 <TIM_DMACmd+0x28>
200064e0:	687b      	ldr	r3, [r7, #4]
200064e2:	899b      	ldrh	r3, [r3, #12]
200064e4:	b29a      	uxth	r2, r3
200064e6:	887b      	ldrh	r3, [r7, #2]
200064e8:	4313      	orrs	r3, r2
200064ea:	b29a      	uxth	r2, r3
200064ec:	687b      	ldr	r3, [r7, #4]
200064ee:	819a      	strh	r2, [r3, #12]
200064f0:	e009      	b.n	20006506 <TIM_DMACmd+0x3c>
200064f2:	687b      	ldr	r3, [r7, #4]
200064f4:	899b      	ldrh	r3, [r3, #12]
200064f6:	b29a      	uxth	r2, r3
200064f8:	887b      	ldrh	r3, [r7, #2]
200064fa:	43db      	mvns	r3, r3
200064fc:	b29b      	uxth	r3, r3
200064fe:	4013      	ands	r3, r2
20006500:	b29a      	uxth	r2, r3
20006502:	687b      	ldr	r3, [r7, #4]
20006504:	819a      	strh	r2, [r3, #12]
20006506:	bf00      	nop
20006508:	370c      	adds	r7, #12
2000650a:	46bd      	mov	sp, r7
2000650c:	f85d 7b04 	ldr.w	r7, [sp], #4
20006510:	4770      	bx	lr

20006512 <TIM_SelectCCDMA>:
20006512:	b480      	push	{r7}
20006514:	b083      	sub	sp, #12
20006516:	af00      	add	r7, sp, #0
20006518:	6078      	str	r0, [r7, #4]
2000651a:	460b      	mov	r3, r1
2000651c:	70fb      	strb	r3, [r7, #3]
2000651e:	78fb      	ldrb	r3, [r7, #3]
20006520:	2b00      	cmp	r3, #0
20006522:	d008      	beq.n	20006536 <TIM_SelectCCDMA+0x24>
20006524:	687b      	ldr	r3, [r7, #4]
20006526:	889b      	ldrh	r3, [r3, #4]
20006528:	b29b      	uxth	r3, r3
2000652a:	f043 0308 	orr.w	r3, r3, #8
2000652e:	b29a      	uxth	r2, r3
20006530:	687b      	ldr	r3, [r7, #4]
20006532:	809a      	strh	r2, [r3, #4]
20006534:	e007      	b.n	20006546 <TIM_SelectCCDMA+0x34>
20006536:	687b      	ldr	r3, [r7, #4]
20006538:	889b      	ldrh	r3, [r3, #4]
2000653a:	b29b      	uxth	r3, r3
2000653c:	f023 0308 	bic.w	r3, r3, #8
20006540:	b29a      	uxth	r2, r3
20006542:	687b      	ldr	r3, [r7, #4]
20006544:	809a      	strh	r2, [r3, #4]
20006546:	bf00      	nop
20006548:	370c      	adds	r7, #12
2000654a:	46bd      	mov	sp, r7
2000654c:	f85d 7b04 	ldr.w	r7, [sp], #4
20006550:	4770      	bx	lr

20006552 <TIM_InternalClockConfig>:
20006552:	b480      	push	{r7}
20006554:	b083      	sub	sp, #12
20006556:	af00      	add	r7, sp, #0
20006558:	6078      	str	r0, [r7, #4]
2000655a:	687b      	ldr	r3, [r7, #4]
2000655c:	891b      	ldrh	r3, [r3, #8]
2000655e:	b29b      	uxth	r3, r3
20006560:	f023 0307 	bic.w	r3, r3, #7
20006564:	b29a      	uxth	r2, r3
20006566:	687b      	ldr	r3, [r7, #4]
20006568:	811a      	strh	r2, [r3, #8]
2000656a:	bf00      	nop
2000656c:	370c      	adds	r7, #12
2000656e:	46bd      	mov	sp, r7
20006570:	f85d 7b04 	ldr.w	r7, [sp], #4
20006574:	4770      	bx	lr

20006576 <TIM_ITRxExternalClockConfig>:
20006576:	b580      	push	{r7, lr}
20006578:	b082      	sub	sp, #8
2000657a:	af00      	add	r7, sp, #0
2000657c:	6078      	str	r0, [r7, #4]
2000657e:	460b      	mov	r3, r1
20006580:	807b      	strh	r3, [r7, #2]
20006582:	887b      	ldrh	r3, [r7, #2]
20006584:	4619      	mov	r1, r3
20006586:	6878      	ldr	r0, [r7, #4]
20006588:	f000 f888 	bl	2000669c <TIM_SelectInputTrigger>
2000658c:	687b      	ldr	r3, [r7, #4]
2000658e:	891b      	ldrh	r3, [r3, #8]
20006590:	b29b      	uxth	r3, r3
20006592:	f043 0307 	orr.w	r3, r3, #7
20006596:	b29a      	uxth	r2, r3
20006598:	687b      	ldr	r3, [r7, #4]
2000659a:	811a      	strh	r2, [r3, #8]
2000659c:	bf00      	nop
2000659e:	3708      	adds	r7, #8
200065a0:	46bd      	mov	sp, r7
200065a2:	bd80      	pop	{r7, pc}

200065a4 <TIM_TIxExternalClockConfig>:
200065a4:	b580      	push	{r7, lr}
200065a6:	b084      	sub	sp, #16
200065a8:	af00      	add	r7, sp, #0
200065aa:	60f8      	str	r0, [r7, #12]
200065ac:	4608      	mov	r0, r1
200065ae:	4611      	mov	r1, r2
200065b0:	461a      	mov	r2, r3
200065b2:	4603      	mov	r3, r0
200065b4:	817b      	strh	r3, [r7, #10]
200065b6:	460b      	mov	r3, r1
200065b8:	813b      	strh	r3, [r7, #8]
200065ba:	4613      	mov	r3, r2
200065bc:	80fb      	strh	r3, [r7, #6]
200065be:	897b      	ldrh	r3, [r7, #10]
200065c0:	2b60      	cmp	r3, #96	@ 0x60
200065c2:	d106      	bne.n	200065d2 <TIM_TIxExternalClockConfig+0x2e>
200065c4:	88fb      	ldrh	r3, [r7, #6]
200065c6:	8939      	ldrh	r1, [r7, #8]
200065c8:	2201      	movs	r2, #1
200065ca:	68f8      	ldr	r0, [r7, #12]
200065cc:	f000 f9bf 	bl	2000694e <TI2_Config>
200065d0:	e005      	b.n	200065de <TIM_TIxExternalClockConfig+0x3a>
200065d2:	88fb      	ldrh	r3, [r7, #6]
200065d4:	8939      	ldrh	r1, [r7, #8]
200065d6:	2201      	movs	r2, #1
200065d8:	68f8      	ldr	r0, [r7, #12]
200065da:	f000 f975 	bl	200068c8 <TI1_Config>
200065de:	897b      	ldrh	r3, [r7, #10]
200065e0:	4619      	mov	r1, r3
200065e2:	68f8      	ldr	r0, [r7, #12]
200065e4:	f000 f85a 	bl	2000669c <TIM_SelectInputTrigger>
200065e8:	68fb      	ldr	r3, [r7, #12]
200065ea:	891b      	ldrh	r3, [r3, #8]
200065ec:	b29b      	uxth	r3, r3
200065ee:	f043 0307 	orr.w	r3, r3, #7
200065f2:	b29a      	uxth	r2, r3
200065f4:	68fb      	ldr	r3, [r7, #12]
200065f6:	811a      	strh	r2, [r3, #8]
200065f8:	bf00      	nop
200065fa:	3710      	adds	r7, #16
200065fc:	46bd      	mov	sp, r7
200065fe:	bd80      	pop	{r7, pc}

20006600 <TIM_ETRClockMode1Config>:
20006600:	b580      	push	{r7, lr}
20006602:	b086      	sub	sp, #24
20006604:	af00      	add	r7, sp, #0
20006606:	60f8      	str	r0, [r7, #12]
20006608:	4608      	mov	r0, r1
2000660a:	4611      	mov	r1, r2
2000660c:	461a      	mov	r2, r3
2000660e:	4603      	mov	r3, r0
20006610:	817b      	strh	r3, [r7, #10]
20006612:	460b      	mov	r3, r1
20006614:	813b      	strh	r3, [r7, #8]
20006616:	4613      	mov	r3, r2
20006618:	80fb      	strh	r3, [r7, #6]
2000661a:	2300      	movs	r3, #0
2000661c:	82fb      	strh	r3, [r7, #22]
2000661e:	88fb      	ldrh	r3, [r7, #6]
20006620:	893a      	ldrh	r2, [r7, #8]
20006622:	8979      	ldrh	r1, [r7, #10]
20006624:	68f8      	ldr	r0, [r7, #12]
20006626:	f000 f8a9 	bl	2000677c <TIM_ETRConfig>
2000662a:	68fb      	ldr	r3, [r7, #12]
2000662c:	891b      	ldrh	r3, [r3, #8]
2000662e:	82fb      	strh	r3, [r7, #22]
20006630:	8afb      	ldrh	r3, [r7, #22]
20006632:	f023 0307 	bic.w	r3, r3, #7
20006636:	82fb      	strh	r3, [r7, #22]
20006638:	8afb      	ldrh	r3, [r7, #22]
2000663a:	f043 0307 	orr.w	r3, r3, #7
2000663e:	82fb      	strh	r3, [r7, #22]
20006640:	8afb      	ldrh	r3, [r7, #22]
20006642:	f023 0370 	bic.w	r3, r3, #112	@ 0x70
20006646:	82fb      	strh	r3, [r7, #22]
20006648:	8afb      	ldrh	r3, [r7, #22]
2000664a:	f043 0370 	orr.w	r3, r3, #112	@ 0x70
2000664e:	82fb      	strh	r3, [r7, #22]
20006650:	68fb      	ldr	r3, [r7, #12]
20006652:	8afa      	ldrh	r2, [r7, #22]
20006654:	811a      	strh	r2, [r3, #8]
20006656:	bf00      	nop
20006658:	3718      	adds	r7, #24
2000665a:	46bd      	mov	sp, r7
2000665c:	bd80      	pop	{r7, pc}

2000665e <TIM_ETRClockMode2Config>:
2000665e:	b580      	push	{r7, lr}
20006660:	b084      	sub	sp, #16
20006662:	af00      	add	r7, sp, #0
20006664:	60f8      	str	r0, [r7, #12]
20006666:	4608      	mov	r0, r1
20006668:	4611      	mov	r1, r2
2000666a:	461a      	mov	r2, r3
2000666c:	4603      	mov	r3, r0
2000666e:	817b      	strh	r3, [r7, #10]
20006670:	460b      	mov	r3, r1
20006672:	813b      	strh	r3, [r7, #8]
20006674:	4613      	mov	r3, r2
20006676:	80fb      	strh	r3, [r7, #6]
20006678:	88fb      	ldrh	r3, [r7, #6]
2000667a:	893a      	ldrh	r2, [r7, #8]
2000667c:	8979      	ldrh	r1, [r7, #10]
2000667e:	68f8      	ldr	r0, [r7, #12]
20006680:	f000 f87c 	bl	2000677c <TIM_ETRConfig>
20006684:	68fb      	ldr	r3, [r7, #12]
20006686:	891b      	ldrh	r3, [r3, #8]
20006688:	b29b      	uxth	r3, r3
2000668a:	f443 4380 	orr.w	r3, r3, #16384	@ 0x4000
2000668e:	b29a      	uxth	r2, r3
20006690:	68fb      	ldr	r3, [r7, #12]
20006692:	811a      	strh	r2, [r3, #8]
20006694:	bf00      	nop
20006696:	3710      	adds	r7, #16
20006698:	46bd      	mov	sp, r7
2000669a:	bd80      	pop	{r7, pc}

2000669c <TIM_SelectInputTrigger>:
2000669c:	b480      	push	{r7}
2000669e:	b085      	sub	sp, #20
200066a0:	af00      	add	r7, sp, #0
200066a2:	6078      	str	r0, [r7, #4]
200066a4:	460b      	mov	r3, r1
200066a6:	807b      	strh	r3, [r7, #2]
200066a8:	2300      	movs	r3, #0
200066aa:	81fb      	strh	r3, [r7, #14]
200066ac:	687b      	ldr	r3, [r7, #4]
200066ae:	891b      	ldrh	r3, [r3, #8]
200066b0:	81fb      	strh	r3, [r7, #14]
200066b2:	89fb      	ldrh	r3, [r7, #14]
200066b4:	f023 0370 	bic.w	r3, r3, #112	@ 0x70
200066b8:	81fb      	strh	r3, [r7, #14]
200066ba:	89fa      	ldrh	r2, [r7, #14]
200066bc:	887b      	ldrh	r3, [r7, #2]
200066be:	4313      	orrs	r3, r2
200066c0:	81fb      	strh	r3, [r7, #14]
200066c2:	687b      	ldr	r3, [r7, #4]
200066c4:	89fa      	ldrh	r2, [r7, #14]
200066c6:	811a      	strh	r2, [r3, #8]
200066c8:	bf00      	nop
200066ca:	3714      	adds	r7, #20
200066cc:	46bd      	mov	sp, r7
200066ce:	f85d 7b04 	ldr.w	r7, [sp], #4
200066d2:	4770      	bx	lr

200066d4 <TIM_SelectOutputTrigger>:
200066d4:	b480      	push	{r7}
200066d6:	b083      	sub	sp, #12
200066d8:	af00      	add	r7, sp, #0
200066da:	6078      	str	r0, [r7, #4]
200066dc:	460b      	mov	r3, r1
200066de:	807b      	strh	r3, [r7, #2]
200066e0:	687b      	ldr	r3, [r7, #4]
200066e2:	889b      	ldrh	r3, [r3, #4]
200066e4:	b29b      	uxth	r3, r3
200066e6:	f023 0370 	bic.w	r3, r3, #112	@ 0x70
200066ea:	b29a      	uxth	r2, r3
200066ec:	687b      	ldr	r3, [r7, #4]
200066ee:	809a      	strh	r2, [r3, #4]
200066f0:	687b      	ldr	r3, [r7, #4]
200066f2:	889b      	ldrh	r3, [r3, #4]
200066f4:	b29a      	uxth	r2, r3
200066f6:	887b      	ldrh	r3, [r7, #2]
200066f8:	4313      	orrs	r3, r2
200066fa:	b29a      	uxth	r2, r3
200066fc:	687b      	ldr	r3, [r7, #4]
200066fe:	809a      	strh	r2, [r3, #4]
20006700:	bf00      	nop
20006702:	370c      	adds	r7, #12
20006704:	46bd      	mov	sp, r7
20006706:	f85d 7b04 	ldr.w	r7, [sp], #4
2000670a:	4770      	bx	lr

2000670c <TIM_SelectSlaveMode>:
2000670c:	b480      	push	{r7}
2000670e:	b083      	sub	sp, #12
20006710:	af00      	add	r7, sp, #0
20006712:	6078      	str	r0, [r7, #4]
20006714:	460b      	mov	r3, r1
20006716:	807b      	strh	r3, [r7, #2]
20006718:	687b      	ldr	r3, [r7, #4]
2000671a:	891b      	ldrh	r3, [r3, #8]
2000671c:	b29b      	uxth	r3, r3
2000671e:	f023 0307 	bic.w	r3, r3, #7
20006722:	b29a      	uxth	r2, r3
20006724:	687b      	ldr	r3, [r7, #4]
20006726:	811a      	strh	r2, [r3, #8]
20006728:	687b      	ldr	r3, [r7, #4]
2000672a:	891b      	ldrh	r3, [r3, #8]
2000672c:	b29a      	uxth	r2, r3
2000672e:	887b      	ldrh	r3, [r7, #2]
20006730:	4313      	orrs	r3, r2
20006732:	b29a      	uxth	r2, r3
20006734:	687b      	ldr	r3, [r7, #4]
20006736:	811a      	strh	r2, [r3, #8]
20006738:	bf00      	nop
2000673a:	370c      	adds	r7, #12
2000673c:	46bd      	mov	sp, r7
2000673e:	f85d 7b04 	ldr.w	r7, [sp], #4
20006742:	4770      	bx	lr

20006744 <TIM_SelectMasterSlaveMode>:
20006744:	b480      	push	{r7}
20006746:	b083      	sub	sp, #12
20006748:	af00      	add	r7, sp, #0
2000674a:	6078      	str	r0, [r7, #4]
2000674c:	460b      	mov	r3, r1
2000674e:	807b      	strh	r3, [r7, #2]
20006750:	687b      	ldr	r3, [r7, #4]
20006752:	891b      	ldrh	r3, [r3, #8]
20006754:	b29b      	uxth	r3, r3
20006756:	f023 0380 	bic.w	r3, r3, #128	@ 0x80
2000675a:	b29a      	uxth	r2, r3
2000675c:	687b      	ldr	r3, [r7, #4]
2000675e:	811a      	strh	r2, [r3, #8]
20006760:	687b      	ldr	r3, [r7, #4]
20006762:	891b      	ldrh	r3, [r3, #8]
20006764:	b29a      	uxth	r2, r3
20006766:	887b      	ldrh	r3, [r7, #2]
20006768:	4313      	orrs	r3, r2
2000676a:	b29a      	uxth	r2, r3
2000676c:	687b      	ldr	r3, [r7, #4]
2000676e:	811a      	strh	r2, [r3, #8]
20006770:	bf00      	nop
20006772:	370c      	adds	r7, #12
20006774:	46bd      	mov	sp, r7
20006776:	f85d 7b04 	ldr.w	r7, [sp], #4
2000677a:	4770      	bx	lr

2000677c <TIM_ETRConfig>:
2000677c:	b480      	push	{r7}
2000677e:	b087      	sub	sp, #28
20006780:	af00      	add	r7, sp, #0
20006782:	60f8      	str	r0, [r7, #12]
20006784:	4608      	mov	r0, r1
20006786:	4611      	mov	r1, r2
20006788:	461a      	mov	r2, r3
2000678a:	4603      	mov	r3, r0
2000678c:	817b      	strh	r3, [r7, #10]
2000678e:	460b      	mov	r3, r1
20006790:	813b      	strh	r3, [r7, #8]
20006792:	4613      	mov	r3, r2
20006794:	80fb      	strh	r3, [r7, #6]
20006796:	2300      	movs	r3, #0
20006798:	82fb      	strh	r3, [r7, #22]
2000679a:	68fb      	ldr	r3, [r7, #12]
2000679c:	891b      	ldrh	r3, [r3, #8]
2000679e:	82fb      	strh	r3, [r7, #22]
200067a0:	8afb      	ldrh	r3, [r7, #22]
200067a2:	b2db      	uxtb	r3, r3
200067a4:	82fb      	strh	r3, [r7, #22]
200067a6:	88fb      	ldrh	r3, [r7, #6]
200067a8:	021b      	lsls	r3, r3, #8
200067aa:	b29a      	uxth	r2, r3
200067ac:	893b      	ldrh	r3, [r7, #8]
200067ae:	4313      	orrs	r3, r2
200067b0:	b29a      	uxth	r2, r3
200067b2:	897b      	ldrh	r3, [r7, #10]
200067b4:	4313      	orrs	r3, r2
200067b6:	b29a      	uxth	r2, r3
200067b8:	8afb      	ldrh	r3, [r7, #22]
200067ba:	4313      	orrs	r3, r2
200067bc:	82fb      	strh	r3, [r7, #22]
200067be:	68fb      	ldr	r3, [r7, #12]
200067c0:	8afa      	ldrh	r2, [r7, #22]
200067c2:	811a      	strh	r2, [r3, #8]
200067c4:	bf00      	nop
200067c6:	371c      	adds	r7, #28
200067c8:	46bd      	mov	sp, r7
200067ca:	f85d 7b04 	ldr.w	r7, [sp], #4
200067ce:	4770      	bx	lr

200067d0 <TIM_EncoderInterfaceConfig>:
200067d0:	b480      	push	{r7}
200067d2:	b087      	sub	sp, #28
200067d4:	af00      	add	r7, sp, #0
200067d6:	60f8      	str	r0, [r7, #12]
200067d8:	4608      	mov	r0, r1
200067da:	4611      	mov	r1, r2
200067dc:	461a      	mov	r2, r3
200067de:	4603      	mov	r3, r0
200067e0:	817b      	strh	r3, [r7, #10]
200067e2:	460b      	mov	r3, r1
200067e4:	813b      	strh	r3, [r7, #8]
200067e6:	4613      	mov	r3, r2
200067e8:	80fb      	strh	r3, [r7, #6]
200067ea:	2300      	movs	r3, #0
200067ec:	82fb      	strh	r3, [r7, #22]
200067ee:	2300      	movs	r3, #0
200067f0:	82bb      	strh	r3, [r7, #20]
200067f2:	2300      	movs	r3, #0
200067f4:	827b      	strh	r3, [r7, #18]
200067f6:	68fb      	ldr	r3, [r7, #12]
200067f8:	891b      	ldrh	r3, [r3, #8]
200067fa:	82fb      	strh	r3, [r7, #22]
200067fc:	68fb      	ldr	r3, [r7, #12]
200067fe:	8b1b      	ldrh	r3, [r3, #24]
20006800:	82bb      	strh	r3, [r7, #20]
20006802:	68fb      	ldr	r3, [r7, #12]
20006804:	8c1b      	ldrh	r3, [r3, #32]
20006806:	827b      	strh	r3, [r7, #18]
20006808:	8afb      	ldrh	r3, [r7, #22]
2000680a:	f023 0307 	bic.w	r3, r3, #7
2000680e:	82fb      	strh	r3, [r7, #22]
20006810:	8afa      	ldrh	r2, [r7, #22]
20006812:	897b      	ldrh	r3, [r7, #10]
20006814:	4313      	orrs	r3, r2
20006816:	82fb      	strh	r3, [r7, #22]
20006818:	8abb      	ldrh	r3, [r7, #20]
2000681a:	f423 7340 	bic.w	r3, r3, #768	@ 0x300
2000681e:	f023 0303 	bic.w	r3, r3, #3
20006822:	82bb      	strh	r3, [r7, #20]
20006824:	8abb      	ldrh	r3, [r7, #20]
20006826:	f443 7380 	orr.w	r3, r3, #256	@ 0x100
2000682a:	f043 0301 	orr.w	r3, r3, #1
2000682e:	82bb      	strh	r3, [r7, #20]
20006830:	8a7b      	ldrh	r3, [r7, #18]
20006832:	f023 0322 	bic.w	r3, r3, #34	@ 0x22
20006836:	827b      	strh	r3, [r7, #18]
20006838:	88fb      	ldrh	r3, [r7, #6]
2000683a:	011b      	lsls	r3, r3, #4
2000683c:	b29a      	uxth	r2, r3
2000683e:	893b      	ldrh	r3, [r7, #8]
20006840:	4313      	orrs	r3, r2
20006842:	b29a      	uxth	r2, r3
20006844:	8a7b      	ldrh	r3, [r7, #18]
20006846:	4313      	orrs	r3, r2
20006848:	827b      	strh	r3, [r7, #18]
2000684a:	68fb      	ldr	r3, [r7, #12]
2000684c:	8afa      	ldrh	r2, [r7, #22]
2000684e:	811a      	strh	r2, [r3, #8]
20006850:	68fb      	ldr	r3, [r7, #12]
20006852:	8aba      	ldrh	r2, [r7, #20]
20006854:	831a      	strh	r2, [r3, #24]
20006856:	68fb      	ldr	r3, [r7, #12]
20006858:	8a7a      	ldrh	r2, [r7, #18]
2000685a:	841a      	strh	r2, [r3, #32]
2000685c:	bf00      	nop
2000685e:	371c      	adds	r7, #28
20006860:	46bd      	mov	sp, r7
20006862:	f85d 7b04 	ldr.w	r7, [sp], #4
20006866:	4770      	bx	lr

20006868 <TIM_SelectHallSensor>:
20006868:	b480      	push	{r7}
2000686a:	b083      	sub	sp, #12
2000686c:	af00      	add	r7, sp, #0
2000686e:	6078      	str	r0, [r7, #4]
20006870:	460b      	mov	r3, r1
20006872:	70fb      	strb	r3, [r7, #3]
20006874:	78fb      	ldrb	r3, [r7, #3]
20006876:	2b00      	cmp	r3, #0
20006878:	d008      	beq.n	2000688c <TIM_SelectHallSensor+0x24>
2000687a:	687b      	ldr	r3, [r7, #4]
2000687c:	889b      	ldrh	r3, [r3, #4]
2000687e:	b29b      	uxth	r3, r3
20006880:	f043 0380 	orr.w	r3, r3, #128	@ 0x80
20006884:	b29a      	uxth	r2, r3
20006886:	687b      	ldr	r3, [r7, #4]
20006888:	809a      	strh	r2, [r3, #4]
2000688a:	e007      	b.n	2000689c <TIM_SelectHallSensor+0x34>
2000688c:	687b      	ldr	r3, [r7, #4]
2000688e:	889b      	ldrh	r3, [r3, #4]
20006890:	b29b      	uxth	r3, r3
20006892:	f023 0380 	bic.w	r3, r3, #128	@ 0x80
20006896:	b29a      	uxth	r2, r3
20006898:	687b      	ldr	r3, [r7, #4]
2000689a:	809a      	strh	r2, [r3, #4]
2000689c:	bf00      	nop
2000689e:	370c      	adds	r7, #12
200068a0:	46bd      	mov	sp, r7
200068a2:	f85d 7b04 	ldr.w	r7, [sp], #4
200068a6:	4770      	bx	lr

200068a8 <TIM_RemapConfig>:
200068a8:	b480      	push	{r7}
200068aa:	b083      	sub	sp, #12
200068ac:	af00      	add	r7, sp, #0
200068ae:	6078      	str	r0, [r7, #4]
200068b0:	460b      	mov	r3, r1
200068b2:	807b      	strh	r3, [r7, #2]
200068b4:	687b      	ldr	r3, [r7, #4]
200068b6:	887a      	ldrh	r2, [r7, #2]
200068b8:	f8a3 2050 	strh.w	r2, [r3, #80]	@ 0x50
200068bc:	bf00      	nop
200068be:	370c      	adds	r7, #12
200068c0:	46bd      	mov	sp, r7
200068c2:	f85d 7b04 	ldr.w	r7, [sp], #4
200068c6:	4770      	bx	lr

200068c8 <TI1_Config>:
200068c8:	b480      	push	{r7}
200068ca:	b087      	sub	sp, #28
200068cc:	af00      	add	r7, sp, #0
200068ce:	60f8      	str	r0, [r7, #12]
200068d0:	4608      	mov	r0, r1
200068d2:	4611      	mov	r1, r2
200068d4:	461a      	mov	r2, r3
200068d6:	4603      	mov	r3, r0
200068d8:	817b      	strh	r3, [r7, #10]
200068da:	460b      	mov	r3, r1
200068dc:	813b      	strh	r3, [r7, #8]
200068de:	4613      	mov	r3, r2
200068e0:	80fb      	strh	r3, [r7, #6]
200068e2:	2300      	movs	r3, #0
200068e4:	82fb      	strh	r3, [r7, #22]
200068e6:	2300      	movs	r3, #0
200068e8:	82bb      	strh	r3, [r7, #20]
200068ea:	68fb      	ldr	r3, [r7, #12]
200068ec:	8c1b      	ldrh	r3, [r3, #32]
200068ee:	b29b      	uxth	r3, r3
200068f0:	f023 0301 	bic.w	r3, r3, #1
200068f4:	b29a      	uxth	r2, r3
200068f6:	68fb      	ldr	r3, [r7, #12]
200068f8:	841a      	strh	r2, [r3, #32]
200068fa:	68fb      	ldr	r3, [r7, #12]
200068fc:	8b1b      	ldrh	r3, [r3, #24]
200068fe:	82fb      	strh	r3, [r7, #22]
20006900:	68fb      	ldr	r3, [r7, #12]
20006902:	8c1b      	ldrh	r3, [r3, #32]
20006904:	82bb      	strh	r3, [r7, #20]
20006906:	8afb      	ldrh	r3, [r7, #22]
20006908:	f023 03f3 	bic.w	r3, r3, #243	@ 0xf3
2000690c:	82fb      	strh	r3, [r7, #22]
2000690e:	88fb      	ldrh	r3, [r7, #6]
20006910:	011b      	lsls	r3, r3, #4
20006912:	b29a      	uxth	r2, r3
20006914:	893b      	ldrh	r3, [r7, #8]
20006916:	4313      	orrs	r3, r2
20006918:	b29a      	uxth	r2, r3
2000691a:	8afb      	ldrh	r3, [r7, #22]
2000691c:	4313      	orrs	r3, r2
2000691e:	82fb      	strh	r3, [r7, #22]
20006920:	8abb      	ldrh	r3, [r7, #20]
20006922:	f023 030a 	bic.w	r3, r3, #10
20006926:	82bb      	strh	r3, [r7, #20]
20006928:	897a      	ldrh	r2, [r7, #10]
2000692a:	8abb      	ldrh	r3, [r7, #20]
2000692c:	4313      	orrs	r3, r2
2000692e:	b29b      	uxth	r3, r3
20006930:	f043 0301 	orr.w	r3, r3, #1
20006934:	82bb      	strh	r3, [r7, #20]
20006936:	68fb      	ldr	r3, [r7, #12]
20006938:	8afa      	ldrh	r2, [r7, #22]
2000693a:	831a      	strh	r2, [r3, #24]
2000693c:	68fb      	ldr	r3, [r7, #12]
2000693e:	8aba      	ldrh	r2, [r7, #20]
20006940:	841a      	strh	r2, [r3, #32]
20006942:	bf00      	nop
20006944:	371c      	adds	r7, #28
20006946:	46bd      	mov	sp, r7
20006948:	f85d 7b04 	ldr.w	r7, [sp], #4
2000694c:	4770      	bx	lr

2000694e <TI2_Config>:
2000694e:	b480      	push	{r7}
20006950:	b087      	sub	sp, #28
20006952:	af00      	add	r7, sp, #0
20006954:	60f8      	str	r0, [r7, #12]
20006956:	4608      	mov	r0, r1
20006958:	4611      	mov	r1, r2
2000695a:	461a      	mov	r2, r3
2000695c:	4603      	mov	r3, r0
2000695e:	817b      	strh	r3, [r7, #10]
20006960:	460b      	mov	r3, r1
20006962:	813b      	strh	r3, [r7, #8]
20006964:	4613      	mov	r3, r2
20006966:	80fb      	strh	r3, [r7, #6]
20006968:	2300      	movs	r3, #0
2000696a:	82fb      	strh	r3, [r7, #22]
2000696c:	2300      	movs	r3, #0
2000696e:	82bb      	strh	r3, [r7, #20]
20006970:	2300      	movs	r3, #0
20006972:	827b      	strh	r3, [r7, #18]
20006974:	68fb      	ldr	r3, [r7, #12]
20006976:	8c1b      	ldrh	r3, [r3, #32]
20006978:	b29b      	uxth	r3, r3
2000697a:	f023 0310 	bic.w	r3, r3, #16
2000697e:	b29a      	uxth	r2, r3
20006980:	68fb      	ldr	r3, [r7, #12]
20006982:	841a      	strh	r2, [r3, #32]
20006984:	68fb      	ldr	r3, [r7, #12]
20006986:	8b1b      	ldrh	r3, [r3, #24]
20006988:	82fb      	strh	r3, [r7, #22]
2000698a:	68fb      	ldr	r3, [r7, #12]
2000698c:	8c1b      	ldrh	r3, [r3, #32]
2000698e:	82bb      	strh	r3, [r7, #20]
20006990:	897b      	ldrh	r3, [r7, #10]
20006992:	011b      	lsls	r3, r3, #4
20006994:	827b      	strh	r3, [r7, #18]
20006996:	8afb      	ldrh	r3, [r7, #22]
20006998:	f423 7340 	bic.w	r3, r3, #768	@ 0x300
2000699c:	051b      	lsls	r3, r3, #20
2000699e:	0d1b      	lsrs	r3, r3, #20
200069a0:	82fb      	strh	r3, [r7, #22]
200069a2:	88fb      	ldrh	r3, [r7, #6]
200069a4:	031b      	lsls	r3, r3, #12
200069a6:	b29a      	uxth	r2, r3
200069a8:	8afb      	ldrh	r3, [r7, #22]
200069aa:	4313      	orrs	r3, r2
200069ac:	82fb      	strh	r3, [r7, #22]
200069ae:	893b      	ldrh	r3, [r7, #8]
200069b0:	021b      	lsls	r3, r3, #8
200069b2:	b29a      	uxth	r2, r3
200069b4:	8afb      	ldrh	r3, [r7, #22]
200069b6:	4313      	orrs	r3, r2
200069b8:	82fb      	strh	r3, [r7, #22]
200069ba:	8abb      	ldrh	r3, [r7, #20]
200069bc:	f023 03a0 	bic.w	r3, r3, #160	@ 0xa0
200069c0:	82bb      	strh	r3, [r7, #20]
200069c2:	8a7a      	ldrh	r2, [r7, #18]
200069c4:	8abb      	ldrh	r3, [r7, #20]
200069c6:	4313      	orrs	r3, r2
200069c8:	b29b      	uxth	r3, r3
200069ca:	f043 0310 	orr.w	r3, r3, #16
200069ce:	82bb      	strh	r3, [r7, #20]
200069d0:	68fb      	ldr	r3, [r7, #12]
200069d2:	8afa      	ldrh	r2, [r7, #22]
200069d4:	831a      	strh	r2, [r3, #24]
200069d6:	68fb      	ldr	r3, [r7, #12]
200069d8:	8aba      	ldrh	r2, [r7, #20]
200069da:	841a      	strh	r2, [r3, #32]
200069dc:	bf00      	nop
200069de:	371c      	adds	r7, #28
200069e0:	46bd      	mov	sp, r7
200069e2:	f85d 7b04 	ldr.w	r7, [sp], #4
200069e6:	4770      	bx	lr

200069e8 <TI3_Config>:
200069e8:	b480      	push	{r7}
200069ea:	b087      	sub	sp, #28
200069ec:	af00      	add	r7, sp, #0
200069ee:	60f8      	str	r0, [r7, #12]
200069f0:	4608      	mov	r0, r1
200069f2:	4611      	mov	r1, r2
200069f4:	461a      	mov	r2, r3
200069f6:	4603      	mov	r3, r0
200069f8:	817b      	strh	r3, [r7, #10]
200069fa:	460b      	mov	r3, r1
200069fc:	813b      	strh	r3, [r7, #8]
200069fe:	4613      	mov	r3, r2
20006a00:	80fb      	strh	r3, [r7, #6]
20006a02:	2300      	movs	r3, #0
20006a04:	82fb      	strh	r3, [r7, #22]
20006a06:	2300      	movs	r3, #0
20006a08:	82bb      	strh	r3, [r7, #20]
20006a0a:	2300      	movs	r3, #0
20006a0c:	827b      	strh	r3, [r7, #18]
20006a0e:	68fb      	ldr	r3, [r7, #12]
20006a10:	8c1b      	ldrh	r3, [r3, #32]
20006a12:	b29b      	uxth	r3, r3
20006a14:	f423 7380 	bic.w	r3, r3, #256	@ 0x100
20006a18:	b29a      	uxth	r2, r3
20006a1a:	68fb      	ldr	r3, [r7, #12]
20006a1c:	841a      	strh	r2, [r3, #32]
20006a1e:	68fb      	ldr	r3, [r7, #12]
20006a20:	8b9b      	ldrh	r3, [r3, #28]
20006a22:	82fb      	strh	r3, [r7, #22]
20006a24:	68fb      	ldr	r3, [r7, #12]
20006a26:	8c1b      	ldrh	r3, [r3, #32]
20006a28:	82bb      	strh	r3, [r7, #20]
20006a2a:	897b      	ldrh	r3, [r7, #10]
20006a2c:	021b      	lsls	r3, r3, #8
20006a2e:	827b      	strh	r3, [r7, #18]
20006a30:	8afb      	ldrh	r3, [r7, #22]
20006a32:	f023 03f3 	bic.w	r3, r3, #243	@ 0xf3
20006a36:	82fb      	strh	r3, [r7, #22]
20006a38:	88fb      	ldrh	r3, [r7, #6]
20006a3a:	011b      	lsls	r3, r3, #4
20006a3c:	b29a      	uxth	r2, r3
20006a3e:	893b      	ldrh	r3, [r7, #8]
20006a40:	4313      	orrs	r3, r2
20006a42:	b29a      	uxth	r2, r3
20006a44:	8afb      	ldrh	r3, [r7, #22]
20006a46:	4313      	orrs	r3, r2
20006a48:	82fb      	strh	r3, [r7, #22]
20006a4a:	8abb      	ldrh	r3, [r7, #20]
20006a4c:	f423 6320 	bic.w	r3, r3, #2560	@ 0xa00
20006a50:	82bb      	strh	r3, [r7, #20]
20006a52:	8a7a      	ldrh	r2, [r7, #18]
20006a54:	8abb      	ldrh	r3, [r7, #20]
20006a56:	4313      	orrs	r3, r2
20006a58:	b29b      	uxth	r3, r3
20006a5a:	f443 7380 	orr.w	r3, r3, #256	@ 0x100
20006a5e:	82bb      	strh	r3, [r7, #20]
20006a60:	68fb      	ldr	r3, [r7, #12]
20006a62:	8afa      	ldrh	r2, [r7, #22]
20006a64:	839a      	strh	r2, [r3, #28]
20006a66:	68fb      	ldr	r3, [r7, #12]
20006a68:	8aba      	ldrh	r2, [r7, #20]
20006a6a:	841a      	strh	r2, [r3, #32]
20006a6c:	bf00      	nop
20006a6e:	371c      	adds	r7, #28
20006a70:	46bd      	mov	sp, r7
20006a72:	f85d 7b04 	ldr.w	r7, [sp], #4
20006a76:	4770      	bx	lr

20006a78 <TI4_Config>:
20006a78:	b480      	push	{r7}
20006a7a:	b087      	sub	sp, #28
20006a7c:	af00      	add	r7, sp, #0
20006a7e:	60f8      	str	r0, [r7, #12]
20006a80:	4608      	mov	r0, r1
20006a82:	4611      	mov	r1, r2
20006a84:	461a      	mov	r2, r3
20006a86:	4603      	mov	r3, r0
20006a88:	817b      	strh	r3, [r7, #10]
20006a8a:	460b      	mov	r3, r1
20006a8c:	813b      	strh	r3, [r7, #8]
20006a8e:	4613      	mov	r3, r2
20006a90:	80fb      	strh	r3, [r7, #6]
20006a92:	2300      	movs	r3, #0
20006a94:	82fb      	strh	r3, [r7, #22]
20006a96:	2300      	movs	r3, #0
20006a98:	82bb      	strh	r3, [r7, #20]
20006a9a:	2300      	movs	r3, #0
20006a9c:	827b      	strh	r3, [r7, #18]
20006a9e:	68fb      	ldr	r3, [r7, #12]
20006aa0:	8c1b      	ldrh	r3, [r3, #32]
20006aa2:	b29b      	uxth	r3, r3
20006aa4:	f423 5380 	bic.w	r3, r3, #4096	@ 0x1000
20006aa8:	b29a      	uxth	r2, r3
20006aaa:	68fb      	ldr	r3, [r7, #12]
20006aac:	841a      	strh	r2, [r3, #32]
20006aae:	68fb      	ldr	r3, [r7, #12]
20006ab0:	8b9b      	ldrh	r3, [r3, #28]
20006ab2:	82fb      	strh	r3, [r7, #22]
20006ab4:	68fb      	ldr	r3, [r7, #12]
20006ab6:	8c1b      	ldrh	r3, [r3, #32]
20006ab8:	82bb      	strh	r3, [r7, #20]
20006aba:	897b      	ldrh	r3, [r7, #10]
20006abc:	031b      	lsls	r3, r3, #12
20006abe:	827b      	strh	r3, [r7, #18]
20006ac0:	8afb      	ldrh	r3, [r7, #22]
20006ac2:	f423 7340 	bic.w	r3, r3, #768	@ 0x300
20006ac6:	051b      	lsls	r3, r3, #20
20006ac8:	0d1b      	lsrs	r3, r3, #20
20006aca:	82fb      	strh	r3, [r7, #22]
20006acc:	893b      	ldrh	r3, [r7, #8]
20006ace:	021b      	lsls	r3, r3, #8
20006ad0:	b29a      	uxth	r2, r3
20006ad2:	8afb      	ldrh	r3, [r7, #22]
20006ad4:	4313      	orrs	r3, r2
20006ad6:	82fb      	strh	r3, [r7, #22]
20006ad8:	88fb      	ldrh	r3, [r7, #6]
20006ada:	031b      	lsls	r3, r3, #12
20006adc:	b29a      	uxth	r2, r3
20006ade:	8afb      	ldrh	r3, [r7, #22]
20006ae0:	4313      	orrs	r3, r2
20006ae2:	82fb      	strh	r3, [r7, #22]
20006ae4:	8abb      	ldrh	r3, [r7, #20]
20006ae6:	f423 5300 	bic.w	r3, r3, #8192	@ 0x2000
20006aea:	045b      	lsls	r3, r3, #17
20006aec:	0c5b      	lsrs	r3, r3, #17
20006aee:	82bb      	strh	r3, [r7, #20]
20006af0:	8a7a      	ldrh	r2, [r7, #18]
20006af2:	8abb      	ldrh	r3, [r7, #20]
20006af4:	4313      	orrs	r3, r2
20006af6:	b29b      	uxth	r3, r3
20006af8:	f443 5380 	orr.w	r3, r3, #4096	@ 0x1000
20006afc:	82bb      	strh	r3, [r7, #20]
20006afe:	68fb      	ldr	r3, [r7, #12]
20006b00:	8afa      	ldrh	r2, [r7, #22]
20006b02:	839a      	strh	r2, [r3, #28]
20006b04:	68fb      	ldr	r3, [r7, #12]
20006b06:	8aba      	ldrh	r2, [r7, #20]
20006b08:	841a      	strh	r2, [r3, #32]
20006b0a:	bf00      	nop
20006b0c:	371c      	adds	r7, #28
20006b0e:	46bd      	mov	sp, r7
20006b10:	f85d 7b04 	ldr.w	r7, [sp], #4
20006b14:	4770      	bx	lr
20006b16:	bf00      	nop

20006b18 <USART_DeInit>:
20006b18:	b580      	push	{r7, lr}
20006b1a:	b082      	sub	sp, #8
20006b1c:	af00      	add	r7, sp, #0
20006b1e:	6078      	str	r0, [r7, #4]
20006b20:	687b      	ldr	r3, [r7, #4]
20006b22:	4a3b      	ldr	r2, [pc, #236]	@ (20006c10 <USART_DeInit+0xf8>)
20006b24:	4293      	cmp	r3, r2
20006b26:	d108      	bne.n	20006b3a <USART_DeInit+0x22>
20006b28:	2101      	movs	r1, #1
20006b2a:	2010      	movs	r0, #16
20006b2c:	f7fd ffe0 	bl	20004af0 <RCC_APB2PeriphResetCmd>
20006b30:	2100      	movs	r1, #0
20006b32:	2010      	movs	r0, #16
20006b34:	f7fd ffdc 	bl	20004af0 <RCC_APB2PeriphResetCmd>
20006b38:	e065      	b.n	20006c06 <USART_DeInit+0xee>
20006b3a:	687b      	ldr	r3, [r7, #4]
20006b3c:	4a35      	ldr	r2, [pc, #212]	@ (20006c14 <USART_DeInit+0xfc>)
20006b3e:	4293      	cmp	r3, r2
20006b40:	d10a      	bne.n	20006b58 <USART_DeInit+0x40>
20006b42:	2101      	movs	r1, #1
20006b44:	f44f 3000 	mov.w	r0, #131072	@ 0x20000
20006b48:	f7fd ffb2 	bl	20004ab0 <RCC_APB1PeriphResetCmd>
20006b4c:	2100      	movs	r1, #0
20006b4e:	f44f 3000 	mov.w	r0, #131072	@ 0x20000
20006b52:	f7fd ffad 	bl	20004ab0 <RCC_APB1PeriphResetCmd>
20006b56:	e056      	b.n	20006c06 <USART_DeInit+0xee>
20006b58:	687b      	ldr	r3, [r7, #4]
20006b5a:	4a2f      	ldr	r2, [pc, #188]	@ (20006c18 <USART_DeInit+0x100>)
20006b5c:	4293      	cmp	r3, r2
20006b5e:	d10a      	bne.n	20006b76 <USART_DeInit+0x5e>
20006b60:	2101      	movs	r1, #1
20006b62:	f44f 2080 	mov.w	r0, #262144	@ 0x40000
20006b66:	f7fd ffa3 	bl	20004ab0 <RCC_APB1PeriphResetCmd>
20006b6a:	2100      	movs	r1, #0
20006b6c:	f44f 2080 	mov.w	r0, #262144	@ 0x40000
20006b70:	f7fd ff9e 	bl	20004ab0 <RCC_APB1PeriphResetCmd>
20006b74:	e047      	b.n	20006c06 <USART_DeInit+0xee>
20006b76:	687b      	ldr	r3, [r7, #4]
20006b78:	4a28      	ldr	r2, [pc, #160]	@ (20006c1c <USART_DeInit+0x104>)
20006b7a:	4293      	cmp	r3, r2
20006b7c:	d10a      	bne.n	20006b94 <USART_DeInit+0x7c>
20006b7e:	2101      	movs	r1, #1
20006b80:	f44f 2000 	mov.w	r0, #524288	@ 0x80000
20006b84:	f7fd ff94 	bl	20004ab0 <RCC_APB1PeriphResetCmd>
20006b88:	2100      	movs	r1, #0
20006b8a:	f44f 2000 	mov.w	r0, #524288	@ 0x80000
20006b8e:	f7fd ff8f 	bl	20004ab0 <RCC_APB1PeriphResetCmd>
20006b92:	e038      	b.n	20006c06 <USART_DeInit+0xee>
20006b94:	687b      	ldr	r3, [r7, #4]
20006b96:	4a22      	ldr	r2, [pc, #136]	@ (20006c20 <USART_DeInit+0x108>)
20006b98:	4293      	cmp	r3, r2
20006b9a:	d10a      	bne.n	20006bb2 <USART_DeInit+0x9a>
20006b9c:	2101      	movs	r1, #1
20006b9e:	f44f 1080 	mov.w	r0, #1048576	@ 0x100000
20006ba2:	f7fd ff85 	bl	20004ab0 <RCC_APB1PeriphResetCmd>
20006ba6:	2100      	movs	r1, #0
20006ba8:	f44f 1080 	mov.w	r0, #1048576	@ 0x100000
20006bac:	f7fd ff80 	bl	20004ab0 <RCC_APB1PeriphResetCmd>
20006bb0:	e029      	b.n	20006c06 <USART_DeInit+0xee>
20006bb2:	687b      	ldr	r3, [r7, #4]
20006bb4:	4a1b      	ldr	r2, [pc, #108]	@ (20006c24 <USART_DeInit+0x10c>)
20006bb6:	4293      	cmp	r3, r2
20006bb8:	d108      	bne.n	20006bcc <USART_DeInit+0xb4>
20006bba:	2101      	movs	r1, #1
20006bbc:	2020      	movs	r0, #32
20006bbe:	f7fd ff97 	bl	20004af0 <RCC_APB2PeriphResetCmd>
20006bc2:	2100      	movs	r1, #0
20006bc4:	2020      	movs	r0, #32
20006bc6:	f7fd ff93 	bl	20004af0 <RCC_APB2PeriphResetCmd>
20006bca:	e01c      	b.n	20006c06 <USART_DeInit+0xee>
20006bcc:	687b      	ldr	r3, [r7, #4]
20006bce:	4a16      	ldr	r2, [pc, #88]	@ (20006c28 <USART_DeInit+0x110>)
20006bd0:	4293      	cmp	r3, r2
20006bd2:	d10a      	bne.n	20006bea <USART_DeInit+0xd2>
20006bd4:	2101      	movs	r1, #1
20006bd6:	f04f 4080 	mov.w	r0, #1073741824	@ 0x40000000
20006bda:	f7fd ff69 	bl	20004ab0 <RCC_APB1PeriphResetCmd>
20006bde:	2100      	movs	r1, #0
20006be0:	f04f 4080 	mov.w	r0, #1073741824	@ 0x40000000
20006be4:	f7fd ff64 	bl	20004ab0 <RCC_APB1PeriphResetCmd>
20006be8:	e00d      	b.n	20006c06 <USART_DeInit+0xee>
20006bea:	687b      	ldr	r3, [r7, #4]
20006bec:	4a0f      	ldr	r2, [pc, #60]	@ (20006c2c <USART_DeInit+0x114>)
20006bee:	4293      	cmp	r3, r2
20006bf0:	d109      	bne.n	20006c06 <USART_DeInit+0xee>
20006bf2:	2101      	movs	r1, #1
20006bf4:	f04f 4000 	mov.w	r0, #2147483648	@ 0x80000000
20006bf8:	f7fd ff5a 	bl	20004ab0 <RCC_APB1PeriphResetCmd>
20006bfc:	2100      	movs	r1, #0
20006bfe:	f04f 4000 	mov.w	r0, #2147483648	@ 0x80000000
20006c02:	f7fd ff55 	bl	20004ab0 <RCC_APB1PeriphResetCmd>
20006c06:	bf00      	nop
20006c08:	3708      	adds	r7, #8
20006c0a:	46bd      	mov	sp, r7
20006c0c:	bd80      	pop	{r7, pc}
20006c0e:	bf00      	nop
20006c10:	40011000 	.word	0x40011000
20006c14:	40004400 	.word	0x40004400
20006c18:	40004800 	.word	0x40004800
20006c1c:	40004c00 	.word	0x40004c00
20006c20:	40005000 	.word	0x40005000
20006c24:	40011400 	.word	0x40011400
20006c28:	40007800 	.word	0x40007800
20006c2c:	40007c00 	.word	0x40007c00

20006c30 <USART_Init>:
20006c30:	b580      	push	{r7, lr}
20006c32:	b08a      	sub	sp, #40	@ 0x28
20006c34:	af00      	add	r7, sp, #0
20006c36:	6078      	str	r0, [r7, #4]
20006c38:	6039      	str	r1, [r7, #0]
20006c3a:	2300      	movs	r3, #0
20006c3c:	627b      	str	r3, [r7, #36]	@ 0x24
20006c3e:	2300      	movs	r3, #0
20006c40:	623b      	str	r3, [r7, #32]
20006c42:	2300      	movs	r3, #0
20006c44:	61fb      	str	r3, [r7, #28]
20006c46:	2300      	movs	r3, #0
20006c48:	61bb      	str	r3, [r7, #24]
20006c4a:	687b      	ldr	r3, [r7, #4]
20006c4c:	8a1b      	ldrh	r3, [r3, #16]
20006c4e:	b29b      	uxth	r3, r3
20006c50:	627b      	str	r3, [r7, #36]	@ 0x24
20006c52:	6a7b      	ldr	r3, [r7, #36]	@ 0x24
20006c54:	f423 5340 	bic.w	r3, r3, #12288	@ 0x3000
20006c58:	627b      	str	r3, [r7, #36]	@ 0x24
20006c5a:	683b      	ldr	r3, [r7, #0]
20006c5c:	88db      	ldrh	r3, [r3, #6]
20006c5e:	461a      	mov	r2, r3
20006c60:	6a7b      	ldr	r3, [r7, #36]	@ 0x24
20006c62:	4313      	orrs	r3, r2
20006c64:	627b      	str	r3, [r7, #36]	@ 0x24
20006c66:	6a7b      	ldr	r3, [r7, #36]	@ 0x24
20006c68:	b29a      	uxth	r2, r3
20006c6a:	687b      	ldr	r3, [r7, #4]
20006c6c:	821a      	strh	r2, [r3, #16]
20006c6e:	687b      	ldr	r3, [r7, #4]
20006c70:	899b      	ldrh	r3, [r3, #12]
20006c72:	b29b      	uxth	r3, r3
20006c74:	627b      	str	r3, [r7, #36]	@ 0x24
20006c76:	6a7b      	ldr	r3, [r7, #36]	@ 0x24
20006c78:	f423 53b0 	bic.w	r3, r3, #5632	@ 0x1600
20006c7c:	f023 030c 	bic.w	r3, r3, #12
20006c80:	627b      	str	r3, [r7, #36]	@ 0x24
20006c82:	683b      	ldr	r3, [r7, #0]
20006c84:	889a      	ldrh	r2, [r3, #4]
20006c86:	683b      	ldr	r3, [r7, #0]
20006c88:	891b      	ldrh	r3, [r3, #8]
20006c8a:	4313      	orrs	r3, r2
20006c8c:	b29a      	uxth	r2, r3
20006c8e:	683b      	ldr	r3, [r7, #0]
20006c90:	895b      	ldrh	r3, [r3, #10]
20006c92:	4313      	orrs	r3, r2
20006c94:	b29b      	uxth	r3, r3
20006c96:	461a      	mov	r2, r3
20006c98:	6a7b      	ldr	r3, [r7, #36]	@ 0x24
20006c9a:	4313      	orrs	r3, r2
20006c9c:	627b      	str	r3, [r7, #36]	@ 0x24
20006c9e:	6a7b      	ldr	r3, [r7, #36]	@ 0x24
20006ca0:	b29a      	uxth	r2, r3
20006ca2:	687b      	ldr	r3, [r7, #4]
20006ca4:	819a      	strh	r2, [r3, #12]
20006ca6:	687b      	ldr	r3, [r7, #4]
20006ca8:	8a9b      	ldrh	r3, [r3, #20]
20006caa:	b29b      	uxth	r3, r3
20006cac:	627b      	str	r3, [r7, #36]	@ 0x24
20006cae:	6a7b      	ldr	r3, [r7, #36]	@ 0x24
20006cb0:	f423 7340 	bic.w	r3, r3, #768	@ 0x300
20006cb4:	627b      	str	r3, [r7, #36]	@ 0x24
20006cb6:	683b      	ldr	r3, [r7, #0]
20006cb8:	899b      	ldrh	r3, [r3, #12]
20006cba:	461a      	mov	r2, r3
20006cbc:	6a7b      	ldr	r3, [r7, #36]	@ 0x24
20006cbe:	4313      	orrs	r3, r2
20006cc0:	627b      	str	r3, [r7, #36]	@ 0x24
20006cc2:	6a7b      	ldr	r3, [r7, #36]	@ 0x24
20006cc4:	b29a      	uxth	r2, r3
20006cc6:	687b      	ldr	r3, [r7, #4]
20006cc8:	829a      	strh	r2, [r3, #20]
20006cca:	f107 0308 	add.w	r3, r7, #8
20006cce:	4618      	mov	r0, r3
20006cd0:	f7fd fc38 	bl	20004544 <RCC_GetClocksFreq>
20006cd4:	687b      	ldr	r3, [r7, #4]
20006cd6:	4a30      	ldr	r2, [pc, #192]	@ (20006d98 <USART_Init+0x168>)
20006cd8:	4293      	cmp	r3, r2
20006cda:	d003      	beq.n	20006ce4 <USART_Init+0xb4>
20006cdc:	687b      	ldr	r3, [r7, #4]
20006cde:	4a2f      	ldr	r2, [pc, #188]	@ (20006d9c <USART_Init+0x16c>)
20006ce0:	4293      	cmp	r3, r2
20006ce2:	d102      	bne.n	20006cea <USART_Init+0xba>
20006ce4:	697b      	ldr	r3, [r7, #20]
20006ce6:	623b      	str	r3, [r7, #32]
20006ce8:	e001      	b.n	20006cee <USART_Init+0xbe>
20006cea:	693b      	ldr	r3, [r7, #16]
20006cec:	623b      	str	r3, [r7, #32]
20006cee:	687b      	ldr	r3, [r7, #4]
20006cf0:	899b      	ldrh	r3, [r3, #12]
20006cf2:	b29b      	uxth	r3, r3
20006cf4:	b21b      	sxth	r3, r3
20006cf6:	2b00      	cmp	r3, #0
20006cf8:	da0c      	bge.n	20006d14 <USART_Init+0xe4>
20006cfa:	6a3a      	ldr	r2, [r7, #32]
20006cfc:	4613      	mov	r3, r2
20006cfe:	009b      	lsls	r3, r3, #2
20006d00:	4413      	add	r3, r2
20006d02:	009a      	lsls	r2, r3, #2
20006d04:	441a      	add	r2, r3
20006d06:	683b      	ldr	r3, [r7, #0]
20006d08:	681b      	ldr	r3, [r3, #0]
20006d0a:	005b      	lsls	r3, r3, #1
20006d0c:	fbb2 f3f3 	udiv	r3, r2, r3
20006d10:	61fb      	str	r3, [r7, #28]
20006d12:	e00b      	b.n	20006d2c <USART_Init+0xfc>
20006d14:	6a3a      	ldr	r2, [r7, #32]
20006d16:	4613      	mov	r3, r2
20006d18:	009b      	lsls	r3, r3, #2
20006d1a:	4413      	add	r3, r2
20006d1c:	009a      	lsls	r2, r3, #2
20006d1e:	441a      	add	r2, r3
20006d20:	683b      	ldr	r3, [r7, #0]
20006d22:	681b      	ldr	r3, [r3, #0]
20006d24:	009b      	lsls	r3, r3, #2
20006d26:	fbb2 f3f3 	udiv	r3, r2, r3
20006d2a:	61fb      	str	r3, [r7, #28]
20006d2c:	69fb      	ldr	r3, [r7, #28]
20006d2e:	4a1c      	ldr	r2, [pc, #112]	@ (20006da0 <USART_Init+0x170>)
20006d30:	fba2 2303 	umull	r2, r3, r2, r3
20006d34:	095b      	lsrs	r3, r3, #5
20006d36:	011b      	lsls	r3, r3, #4
20006d38:	627b      	str	r3, [r7, #36]	@ 0x24
20006d3a:	6a7b      	ldr	r3, [r7, #36]	@ 0x24
20006d3c:	091b      	lsrs	r3, r3, #4
20006d3e:	2264      	movs	r2, #100	@ 0x64
20006d40:	fb02 f303 	mul.w	r3, r2, r3
20006d44:	69fa      	ldr	r2, [r7, #28]
20006d46:	1ad3      	subs	r3, r2, r3
20006d48:	61bb      	str	r3, [r7, #24]
20006d4a:	687b      	ldr	r3, [r7, #4]
20006d4c:	899b      	ldrh	r3, [r3, #12]
20006d4e:	b29b      	uxth	r3, r3
20006d50:	b21b      	sxth	r3, r3
20006d52:	2b00      	cmp	r3, #0
20006d54:	da0c      	bge.n	20006d70 <USART_Init+0x140>
20006d56:	69bb      	ldr	r3, [r7, #24]
20006d58:	00db      	lsls	r3, r3, #3
20006d5a:	3332      	adds	r3, #50	@ 0x32
20006d5c:	4a10      	ldr	r2, [pc, #64]	@ (20006da0 <USART_Init+0x170>)
20006d5e:	fba2 2303 	umull	r2, r3, r2, r3
20006d62:	095b      	lsrs	r3, r3, #5
20006d64:	f003 0307 	and.w	r3, r3, #7
20006d68:	6a7a      	ldr	r2, [r7, #36]	@ 0x24
20006d6a:	4313      	orrs	r3, r2
20006d6c:	627b      	str	r3, [r7, #36]	@ 0x24
20006d6e:	e00b      	b.n	20006d88 <USART_Init+0x158>
20006d70:	69bb      	ldr	r3, [r7, #24]
20006d72:	011b      	lsls	r3, r3, #4
20006d74:	3332      	adds	r3, #50	@ 0x32
20006d76:	4a0a      	ldr	r2, [pc, #40]	@ (20006da0 <USART_Init+0x170>)
20006d78:	fba2 2303 	umull	r2, r3, r2, r3
20006d7c:	095b      	lsrs	r3, r3, #5
20006d7e:	f003 030f 	and.w	r3, r3, #15
20006d82:	6a7a      	ldr	r2, [r7, #36]	@ 0x24
20006d84:	4313      	orrs	r3, r2
20006d86:	627b      	str	r3, [r7, #36]	@ 0x24
20006d88:	6a7b      	ldr	r3, [r7, #36]	@ 0x24
20006d8a:	b29a      	uxth	r2, r3
20006d8c:	687b      	ldr	r3, [r7, #4]
20006d8e:	811a      	strh	r2, [r3, #8]
20006d90:	bf00      	nop
20006d92:	3728      	adds	r7, #40	@ 0x28
20006d94:	46bd      	mov	sp, r7
20006d96:	bd80      	pop	{r7, pc}
20006d98:	40011000 	.word	0x40011000
20006d9c:	40011400 	.word	0x40011400
20006da0:	51eb851f 	.word	0x51eb851f

20006da4 <USART_StructInit>:
20006da4:	b480      	push	{r7}
20006da6:	b083      	sub	sp, #12
20006da8:	af00      	add	r7, sp, #0
20006daa:	6078      	str	r0, [r7, #4]
20006dac:	687b      	ldr	r3, [r7, #4]
20006dae:	f44f 5216 	mov.w	r2, #9600	@ 0x2580
20006db2:	601a      	str	r2, [r3, #0]
20006db4:	687b      	ldr	r3, [r7, #4]
20006db6:	2200      	movs	r2, #0
20006db8:	809a      	strh	r2, [r3, #4]
20006dba:	687b      	ldr	r3, [r7, #4]
20006dbc:	2200      	movs	r2, #0
20006dbe:	80da      	strh	r2, [r3, #6]
20006dc0:	687b      	ldr	r3, [r7, #4]
20006dc2:	2200      	movs	r2, #0
20006dc4:	811a      	strh	r2, [r3, #8]
20006dc6:	687b      	ldr	r3, [r7, #4]
20006dc8:	220c      	movs	r2, #12
20006dca:	815a      	strh	r2, [r3, #10]
20006dcc:	687b      	ldr	r3, [r7, #4]
20006dce:	2200      	movs	r2, #0
20006dd0:	819a      	strh	r2, [r3, #12]
20006dd2:	bf00      	nop
20006dd4:	370c      	adds	r7, #12
20006dd6:	46bd      	mov	sp, r7
20006dd8:	f85d 7b04 	ldr.w	r7, [sp], #4
20006ddc:	4770      	bx	lr

20006dde <USART_ClockInit>:
20006dde:	b480      	push	{r7}
20006de0:	b085      	sub	sp, #20
20006de2:	af00      	add	r7, sp, #0
20006de4:	6078      	str	r0, [r7, #4]
20006de6:	6039      	str	r1, [r7, #0]
20006de8:	2300      	movs	r3, #0
20006dea:	60fb      	str	r3, [r7, #12]
20006dec:	687b      	ldr	r3, [r7, #4]
20006dee:	8a1b      	ldrh	r3, [r3, #16]
20006df0:	b29b      	uxth	r3, r3
20006df2:	60fb      	str	r3, [r7, #12]
20006df4:	68fb      	ldr	r3, [r7, #12]
20006df6:	f423 6370 	bic.w	r3, r3, #3840	@ 0xf00
20006dfa:	60fb      	str	r3, [r7, #12]
20006dfc:	683b      	ldr	r3, [r7, #0]
20006dfe:	881a      	ldrh	r2, [r3, #0]
20006e00:	683b      	ldr	r3, [r7, #0]
20006e02:	885b      	ldrh	r3, [r3, #2]
20006e04:	4313      	orrs	r3, r2
20006e06:	b29a      	uxth	r2, r3
20006e08:	683b      	ldr	r3, [r7, #0]
20006e0a:	889b      	ldrh	r3, [r3, #4]
20006e0c:	4313      	orrs	r3, r2
20006e0e:	b29a      	uxth	r2, r3
20006e10:	683b      	ldr	r3, [r7, #0]
20006e12:	88db      	ldrh	r3, [r3, #6]
20006e14:	4313      	orrs	r3, r2
20006e16:	b29b      	uxth	r3, r3
20006e18:	461a      	mov	r2, r3
20006e1a:	68fb      	ldr	r3, [r7, #12]
20006e1c:	4313      	orrs	r3, r2
20006e1e:	60fb      	str	r3, [r7, #12]
20006e20:	68fb      	ldr	r3, [r7, #12]
20006e22:	b29a      	uxth	r2, r3
20006e24:	687b      	ldr	r3, [r7, #4]
20006e26:	821a      	strh	r2, [r3, #16]
20006e28:	bf00      	nop
20006e2a:	3714      	adds	r7, #20
20006e2c:	46bd      	mov	sp, r7
20006e2e:	f85d 7b04 	ldr.w	r7, [sp], #4
20006e32:	4770      	bx	lr

20006e34 <USART_ClockStructInit>:
20006e34:	b480      	push	{r7}
20006e36:	b083      	sub	sp, #12
20006e38:	af00      	add	r7, sp, #0
20006e3a:	6078      	str	r0, [r7, #4]
20006e3c:	687b      	ldr	r3, [r7, #4]
20006e3e:	2200      	movs	r2, #0
20006e40:	801a      	strh	r2, [r3, #0]
20006e42:	687b      	ldr	r3, [r7, #4]
20006e44:	2200      	movs	r2, #0
20006e46:	805a      	strh	r2, [r3, #2]
20006e48:	687b      	ldr	r3, [r7, #4]
20006e4a:	2200      	movs	r2, #0
20006e4c:	809a      	strh	r2, [r3, #4]
20006e4e:	687b      	ldr	r3, [r7, #4]
20006e50:	2200      	movs	r2, #0
20006e52:	80da      	strh	r2, [r3, #6]
20006e54:	bf00      	nop
20006e56:	370c      	adds	r7, #12
20006e58:	46bd      	mov	sp, r7
20006e5a:	f85d 7b04 	ldr.w	r7, [sp], #4
20006e5e:	4770      	bx	lr

20006e60 <USART_Cmd>:
20006e60:	b480      	push	{r7}
20006e62:	b083      	sub	sp, #12
20006e64:	af00      	add	r7, sp, #0
20006e66:	6078      	str	r0, [r7, #4]
20006e68:	460b      	mov	r3, r1
20006e6a:	70fb      	strb	r3, [r7, #3]
20006e6c:	78fb      	ldrb	r3, [r7, #3]
20006e6e:	2b00      	cmp	r3, #0
20006e70:	d008      	beq.n	20006e84 <USART_Cmd+0x24>
20006e72:	687b      	ldr	r3, [r7, #4]
20006e74:	899b      	ldrh	r3, [r3, #12]
20006e76:	b29b      	uxth	r3, r3
20006e78:	f443 5300 	orr.w	r3, r3, #8192	@ 0x2000
20006e7c:	b29a      	uxth	r2, r3
20006e7e:	687b      	ldr	r3, [r7, #4]
20006e80:	819a      	strh	r2, [r3, #12]
20006e82:	e007      	b.n	20006e94 <USART_Cmd+0x34>
20006e84:	687b      	ldr	r3, [r7, #4]
20006e86:	899b      	ldrh	r3, [r3, #12]
20006e88:	b29b      	uxth	r3, r3
20006e8a:	f423 5300 	bic.w	r3, r3, #8192	@ 0x2000
20006e8e:	b29a      	uxth	r2, r3
20006e90:	687b      	ldr	r3, [r7, #4]
20006e92:	819a      	strh	r2, [r3, #12]
20006e94:	bf00      	nop
20006e96:	370c      	adds	r7, #12
20006e98:	46bd      	mov	sp, r7
20006e9a:	f85d 7b04 	ldr.w	r7, [sp], #4
20006e9e:	4770      	bx	lr

20006ea0 <USART_SetPrescaler>:
20006ea0:	b480      	push	{r7}
20006ea2:	b083      	sub	sp, #12
20006ea4:	af00      	add	r7, sp, #0
20006ea6:	6078      	str	r0, [r7, #4]
20006ea8:	460b      	mov	r3, r1
20006eaa:	70fb      	strb	r3, [r7, #3]
20006eac:	687b      	ldr	r3, [r7, #4]
20006eae:	8b1b      	ldrh	r3, [r3, #24]
20006eb0:	b29b      	uxth	r3, r3
20006eb2:	f023 03ff 	bic.w	r3, r3, #255	@ 0xff
20006eb6:	b29a      	uxth	r2, r3
20006eb8:	687b      	ldr	r3, [r7, #4]
20006eba:	831a      	strh	r2, [r3, #24]
20006ebc:	687b      	ldr	r3, [r7, #4]
20006ebe:	8b1b      	ldrh	r3, [r3, #24]
20006ec0:	b29a      	uxth	r2, r3
20006ec2:	78fb      	ldrb	r3, [r7, #3]
20006ec4:	b29b      	uxth	r3, r3
20006ec6:	4313      	orrs	r3, r2
20006ec8:	b29a      	uxth	r2, r3
20006eca:	687b      	ldr	r3, [r7, #4]
20006ecc:	831a      	strh	r2, [r3, #24]
20006ece:	bf00      	nop
20006ed0:	370c      	adds	r7, #12
20006ed2:	46bd      	mov	sp, r7
20006ed4:	f85d 7b04 	ldr.w	r7, [sp], #4
20006ed8:	4770      	bx	lr

20006eda <USART_OverSampling8Cmd>:
20006eda:	b480      	push	{r7}
20006edc:	b083      	sub	sp, #12
20006ede:	af00      	add	r7, sp, #0
20006ee0:	6078      	str	r0, [r7, #4]
20006ee2:	460b      	mov	r3, r1
20006ee4:	70fb      	strb	r3, [r7, #3]
20006ee6:	78fb      	ldrb	r3, [r7, #3]
20006ee8:	2b00      	cmp	r3, #0
20006eea:	d00a      	beq.n	20006f02 <USART_OverSampling8Cmd+0x28>
20006eec:	687b      	ldr	r3, [r7, #4]
20006eee:	899b      	ldrh	r3, [r3, #12]
20006ef0:	b29b      	uxth	r3, r3
20006ef2:	ea6f 4343 	mvn.w	r3, r3, lsl #17
20006ef6:	ea6f 4353 	mvn.w	r3, r3, lsr #17
20006efa:	b29a      	uxth	r2, r3
20006efc:	687b      	ldr	r3, [r7, #4]
20006efe:	819a      	strh	r2, [r3, #12]
20006f00:	e007      	b.n	20006f12 <USART_OverSampling8Cmd+0x38>
20006f02:	687b      	ldr	r3, [r7, #4]
20006f04:	899b      	ldrh	r3, [r3, #12]
20006f06:	b29b      	uxth	r3, r3
20006f08:	f3c3 030e 	ubfx	r3, r3, #0, #15
20006f0c:	b29a      	uxth	r2, r3
20006f0e:	687b      	ldr	r3, [r7, #4]
20006f10:	819a      	strh	r2, [r3, #12]
20006f12:	bf00      	nop
20006f14:	370c      	adds	r7, #12
20006f16:	46bd      	mov	sp, r7
20006f18:	f85d 7b04 	ldr.w	r7, [sp], #4
20006f1c:	4770      	bx	lr

20006f1e <USART_OneBitMethodCmd>:
20006f1e:	b480      	push	{r7}
20006f20:	b083      	sub	sp, #12
20006f22:	af00      	add	r7, sp, #0
20006f24:	6078      	str	r0, [r7, #4]
20006f26:	460b      	mov	r3, r1
20006f28:	70fb      	strb	r3, [r7, #3]
20006f2a:	78fb      	ldrb	r3, [r7, #3]
20006f2c:	2b00      	cmp	r3, #0
20006f2e:	d008      	beq.n	20006f42 <USART_OneBitMethodCmd+0x24>
20006f30:	687b      	ldr	r3, [r7, #4]
20006f32:	8a9b      	ldrh	r3, [r3, #20]
20006f34:	b29b      	uxth	r3, r3
20006f36:	f443 6300 	orr.w	r3, r3, #2048	@ 0x800
20006f3a:	b29a      	uxth	r2, r3
20006f3c:	687b      	ldr	r3, [r7, #4]
20006f3e:	829a      	strh	r2, [r3, #20]
20006f40:	e007      	b.n	20006f52 <USART_OneBitMethodCmd+0x34>
20006f42:	687b      	ldr	r3, [r7, #4]
20006f44:	8a9b      	ldrh	r3, [r3, #20]
20006f46:	b29b      	uxth	r3, r3
20006f48:	f423 6300 	bic.w	r3, r3, #2048	@ 0x800
20006f4c:	b29a      	uxth	r2, r3
20006f4e:	687b      	ldr	r3, [r7, #4]
20006f50:	829a      	strh	r2, [r3, #20]
20006f52:	bf00      	nop
20006f54:	370c      	adds	r7, #12
20006f56:	46bd      	mov	sp, r7
20006f58:	f85d 7b04 	ldr.w	r7, [sp], #4
20006f5c:	4770      	bx	lr

20006f5e <USART_SendData>:
20006f5e:	b480      	push	{r7}
20006f60:	b083      	sub	sp, #12
20006f62:	af00      	add	r7, sp, #0
20006f64:	6078      	str	r0, [r7, #4]
20006f66:	460b      	mov	r3, r1
20006f68:	807b      	strh	r3, [r7, #2]
20006f6a:	887b      	ldrh	r3, [r7, #2]
20006f6c:	f3c3 0308 	ubfx	r3, r3, #0, #9
20006f70:	b29a      	uxth	r2, r3
20006f72:	687b      	ldr	r3, [r7, #4]
20006f74:	809a      	strh	r2, [r3, #4]
20006f76:	bf00      	nop
20006f78:	370c      	adds	r7, #12
20006f7a:	46bd      	mov	sp, r7
20006f7c:	f85d 7b04 	ldr.w	r7, [sp], #4
20006f80:	4770      	bx	lr

20006f82 <USART_ReceiveData>:
20006f82:	b480      	push	{r7}
20006f84:	b083      	sub	sp, #12
20006f86:	af00      	add	r7, sp, #0
20006f88:	6078      	str	r0, [r7, #4]
20006f8a:	687b      	ldr	r3, [r7, #4]
20006f8c:	889b      	ldrh	r3, [r3, #4]
20006f8e:	b29b      	uxth	r3, r3
20006f90:	f3c3 0308 	ubfx	r3, r3, #0, #9
20006f94:	b29b      	uxth	r3, r3
20006f96:	4618      	mov	r0, r3
20006f98:	370c      	adds	r7, #12
20006f9a:	46bd      	mov	sp, r7
20006f9c:	f85d 7b04 	ldr.w	r7, [sp], #4
20006fa0:	4770      	bx	lr

20006fa2 <USART_SetAddress>:
20006fa2:	b480      	push	{r7}
20006fa4:	b083      	sub	sp, #12
20006fa6:	af00      	add	r7, sp, #0
20006fa8:	6078      	str	r0, [r7, #4]
20006faa:	460b      	mov	r3, r1
20006fac:	70fb      	strb	r3, [r7, #3]
20006fae:	687b      	ldr	r3, [r7, #4]
20006fb0:	8a1b      	ldrh	r3, [r3, #16]
20006fb2:	b29b      	uxth	r3, r3
20006fb4:	f023 030f 	bic.w	r3, r3, #15
20006fb8:	b29a      	uxth	r2, r3
20006fba:	687b      	ldr	r3, [r7, #4]
20006fbc:	821a      	strh	r2, [r3, #16]
20006fbe:	687b      	ldr	r3, [r7, #4]
20006fc0:	8a1b      	ldrh	r3, [r3, #16]
20006fc2:	b29a      	uxth	r2, r3
20006fc4:	78fb      	ldrb	r3, [r7, #3]
20006fc6:	b29b      	uxth	r3, r3
20006fc8:	4313      	orrs	r3, r2
20006fca:	b29a      	uxth	r2, r3
20006fcc:	687b      	ldr	r3, [r7, #4]
20006fce:	821a      	strh	r2, [r3, #16]
20006fd0:	bf00      	nop
20006fd2:	370c      	adds	r7, #12
20006fd4:	46bd      	mov	sp, r7
20006fd6:	f85d 7b04 	ldr.w	r7, [sp], #4
20006fda:	4770      	bx	lr

20006fdc <USART_ReceiverWakeUpCmd>:
20006fdc:	b480      	push	{r7}
20006fde:	b083      	sub	sp, #12
20006fe0:	af00      	add	r7, sp, #0
20006fe2:	6078      	str	r0, [r7, #4]
20006fe4:	460b      	mov	r3, r1
20006fe6:	70fb      	strb	r3, [r7, #3]
20006fe8:	78fb      	ldrb	r3, [r7, #3]
20006fea:	2b00      	cmp	r3, #0
20006fec:	d008      	beq.n	20007000 <USART_ReceiverWakeUpCmd+0x24>
20006fee:	687b      	ldr	r3, [r7, #4]
20006ff0:	899b      	ldrh	r3, [r3, #12]
20006ff2:	b29b      	uxth	r3, r3
20006ff4:	f043 0302 	orr.w	r3, r3, #2
20006ff8:	b29a      	uxth	r2, r3
20006ffa:	687b      	ldr	r3, [r7, #4]
20006ffc:	819a      	strh	r2, [r3, #12]
20006ffe:	e007      	b.n	20007010 <USART_ReceiverWakeUpCmd+0x34>
20007000:	687b      	ldr	r3, [r7, #4]
20007002:	899b      	ldrh	r3, [r3, #12]
20007004:	b29b      	uxth	r3, r3
20007006:	f023 0302 	bic.w	r3, r3, #2
2000700a:	b29a      	uxth	r2, r3
2000700c:	687b      	ldr	r3, [r7, #4]
2000700e:	819a      	strh	r2, [r3, #12]
20007010:	bf00      	nop
20007012:	370c      	adds	r7, #12
20007014:	46bd      	mov	sp, r7
20007016:	f85d 7b04 	ldr.w	r7, [sp], #4
2000701a:	4770      	bx	lr

2000701c <USART_WakeUpConfig>:
2000701c:	b480      	push	{r7}
2000701e:	b083      	sub	sp, #12
20007020:	af00      	add	r7, sp, #0
20007022:	6078      	str	r0, [r7, #4]
20007024:	460b      	mov	r3, r1
20007026:	807b      	strh	r3, [r7, #2]
20007028:	687b      	ldr	r3, [r7, #4]
2000702a:	899b      	ldrh	r3, [r3, #12]
2000702c:	b29b      	uxth	r3, r3
2000702e:	f423 6300 	bic.w	r3, r3, #2048	@ 0x800
20007032:	b29a      	uxth	r2, r3
20007034:	687b      	ldr	r3, [r7, #4]
20007036:	819a      	strh	r2, [r3, #12]
20007038:	687b      	ldr	r3, [r7, #4]
2000703a:	899b      	ldrh	r3, [r3, #12]
2000703c:	b29a      	uxth	r2, r3
2000703e:	887b      	ldrh	r3, [r7, #2]
20007040:	4313      	orrs	r3, r2
20007042:	b29a      	uxth	r2, r3
20007044:	687b      	ldr	r3, [r7, #4]
20007046:	819a      	strh	r2, [r3, #12]
20007048:	bf00      	nop
2000704a:	370c      	adds	r7, #12
2000704c:	46bd      	mov	sp, r7
2000704e:	f85d 7b04 	ldr.w	r7, [sp], #4
20007052:	4770      	bx	lr

20007054 <USART_LINBreakDetectLengthConfig>:
20007054:	b480      	push	{r7}
20007056:	b083      	sub	sp, #12
20007058:	af00      	add	r7, sp, #0
2000705a:	6078      	str	r0, [r7, #4]
2000705c:	460b      	mov	r3, r1
2000705e:	807b      	strh	r3, [r7, #2]
20007060:	687b      	ldr	r3, [r7, #4]
20007062:	8a1b      	ldrh	r3, [r3, #16]
20007064:	b29b      	uxth	r3, r3
20007066:	f023 0320 	bic.w	r3, r3, #32
2000706a:	b29a      	uxth	r2, r3
2000706c:	687b      	ldr	r3, [r7, #4]
2000706e:	821a      	strh	r2, [r3, #16]
20007070:	687b      	ldr	r3, [r7, #4]
20007072:	8a1b      	ldrh	r3, [r3, #16]
20007074:	b29a      	uxth	r2, r3
20007076:	887b      	ldrh	r3, [r7, #2]
20007078:	4313      	orrs	r3, r2
2000707a:	b29a      	uxth	r2, r3
2000707c:	687b      	ldr	r3, [r7, #4]
2000707e:	821a      	strh	r2, [r3, #16]
20007080:	bf00      	nop
20007082:	370c      	adds	r7, #12
20007084:	46bd      	mov	sp, r7
20007086:	f85d 7b04 	ldr.w	r7, [sp], #4
2000708a:	4770      	bx	lr

2000708c <USART_LINCmd>:
2000708c:	b480      	push	{r7}
2000708e:	b083      	sub	sp, #12
20007090:	af00      	add	r7, sp, #0
20007092:	6078      	str	r0, [r7, #4]
20007094:	460b      	mov	r3, r1
20007096:	70fb      	strb	r3, [r7, #3]
20007098:	78fb      	ldrb	r3, [r7, #3]
2000709a:	2b00      	cmp	r3, #0
2000709c:	d008      	beq.n	200070b0 <USART_LINCmd+0x24>
2000709e:	687b      	ldr	r3, [r7, #4]
200070a0:	8a1b      	ldrh	r3, [r3, #16]
200070a2:	b29b      	uxth	r3, r3
200070a4:	f443 4380 	orr.w	r3, r3, #16384	@ 0x4000
200070a8:	b29a      	uxth	r2, r3
200070aa:	687b      	ldr	r3, [r7, #4]
200070ac:	821a      	strh	r2, [r3, #16]
200070ae:	e007      	b.n	200070c0 <USART_LINCmd+0x34>
200070b0:	687b      	ldr	r3, [r7, #4]
200070b2:	8a1b      	ldrh	r3, [r3, #16]
200070b4:	b29b      	uxth	r3, r3
200070b6:	f423 4380 	bic.w	r3, r3, #16384	@ 0x4000
200070ba:	b29a      	uxth	r2, r3
200070bc:	687b      	ldr	r3, [r7, #4]
200070be:	821a      	strh	r2, [r3, #16]
200070c0:	bf00      	nop
200070c2:	370c      	adds	r7, #12
200070c4:	46bd      	mov	sp, r7
200070c6:	f85d 7b04 	ldr.w	r7, [sp], #4
200070ca:	4770      	bx	lr

200070cc <USART_SendBreak>:
200070cc:	b480      	push	{r7}
200070ce:	b083      	sub	sp, #12
200070d0:	af00      	add	r7, sp, #0
200070d2:	6078      	str	r0, [r7, #4]
200070d4:	687b      	ldr	r3, [r7, #4]
200070d6:	899b      	ldrh	r3, [r3, #12]
200070d8:	b29b      	uxth	r3, r3
200070da:	f043 0301 	orr.w	r3, r3, #1
200070de:	b29a      	uxth	r2, r3
200070e0:	687b      	ldr	r3, [r7, #4]
200070e2:	819a      	strh	r2, [r3, #12]
200070e4:	bf00      	nop
200070e6:	370c      	adds	r7, #12
200070e8:	46bd      	mov	sp, r7
200070ea:	f85d 7b04 	ldr.w	r7, [sp], #4
200070ee:	4770      	bx	lr

200070f0 <USART_HalfDuplexCmd>:
200070f0:	b480      	push	{r7}
200070f2:	b083      	sub	sp, #12
200070f4:	af00      	add	r7, sp, #0
200070f6:	6078      	str	r0, [r7, #4]
200070f8:	460b      	mov	r3, r1
200070fa:	70fb      	strb	r3, [r7, #3]
200070fc:	78fb      	ldrb	r3, [r7, #3]
200070fe:	2b00      	cmp	r3, #0
20007100:	d008      	beq.n	20007114 <USART_HalfDuplexCmd+0x24>
20007102:	687b      	ldr	r3, [r7, #4]
20007104:	8a9b      	ldrh	r3, [r3, #20]
20007106:	b29b      	uxth	r3, r3
20007108:	f043 0308 	orr.w	r3, r3, #8
2000710c:	b29a      	uxth	r2, r3
2000710e:	687b      	ldr	r3, [r7, #4]
20007110:	829a      	strh	r2, [r3, #20]
20007112:	e007      	b.n	20007124 <USART_HalfDuplexCmd+0x34>
20007114:	687b      	ldr	r3, [r7, #4]
20007116:	8a9b      	ldrh	r3, [r3, #20]
20007118:	b29b      	uxth	r3, r3
2000711a:	f023 0308 	bic.w	r3, r3, #8
2000711e:	b29a      	uxth	r2, r3
20007120:	687b      	ldr	r3, [r7, #4]
20007122:	829a      	strh	r2, [r3, #20]
20007124:	bf00      	nop
20007126:	370c      	adds	r7, #12
20007128:	46bd      	mov	sp, r7
2000712a:	f85d 7b04 	ldr.w	r7, [sp], #4
2000712e:	4770      	bx	lr

20007130 <USART_SetGuardTime>:
20007130:	b480      	push	{r7}
20007132:	b083      	sub	sp, #12
20007134:	af00      	add	r7, sp, #0
20007136:	6078      	str	r0, [r7, #4]
20007138:	460b      	mov	r3, r1
2000713a:	70fb      	strb	r3, [r7, #3]
2000713c:	687b      	ldr	r3, [r7, #4]
2000713e:	8b1b      	ldrh	r3, [r3, #24]
20007140:	b29b      	uxth	r3, r3
20007142:	b2db      	uxtb	r3, r3
20007144:	b29a      	uxth	r2, r3
20007146:	687b      	ldr	r3, [r7, #4]
20007148:	831a      	strh	r2, [r3, #24]
2000714a:	687b      	ldr	r3, [r7, #4]
2000714c:	8b1b      	ldrh	r3, [r3, #24]
2000714e:	b29a      	uxth	r2, r3
20007150:	78fb      	ldrb	r3, [r7, #3]
20007152:	b29b      	uxth	r3, r3
20007154:	021b      	lsls	r3, r3, #8
20007156:	b29b      	uxth	r3, r3
20007158:	4313      	orrs	r3, r2
2000715a:	b29a      	uxth	r2, r3
2000715c:	687b      	ldr	r3, [r7, #4]
2000715e:	831a      	strh	r2, [r3, #24]
20007160:	bf00      	nop
20007162:	370c      	adds	r7, #12
20007164:	46bd      	mov	sp, r7
20007166:	f85d 7b04 	ldr.w	r7, [sp], #4
2000716a:	4770      	bx	lr

2000716c <USART_SmartCardCmd>:
2000716c:	b480      	push	{r7}
2000716e:	b083      	sub	sp, #12
20007170:	af00      	add	r7, sp, #0
20007172:	6078      	str	r0, [r7, #4]
20007174:	460b      	mov	r3, r1
20007176:	70fb      	strb	r3, [r7, #3]
20007178:	78fb      	ldrb	r3, [r7, #3]
2000717a:	2b00      	cmp	r3, #0
2000717c:	d008      	beq.n	20007190 <USART_SmartCardCmd+0x24>
2000717e:	687b      	ldr	r3, [r7, #4]
20007180:	8a9b      	ldrh	r3, [r3, #20]
20007182:	b29b      	uxth	r3, r3
20007184:	f043 0320 	orr.w	r3, r3, #32
20007188:	b29a      	uxth	r2, r3
2000718a:	687b      	ldr	r3, [r7, #4]
2000718c:	829a      	strh	r2, [r3, #20]
2000718e:	e007      	b.n	200071a0 <USART_SmartCardCmd+0x34>
20007190:	687b      	ldr	r3, [r7, #4]
20007192:	8a9b      	ldrh	r3, [r3, #20]
20007194:	b29b      	uxth	r3, r3
20007196:	f023 0320 	bic.w	r3, r3, #32
2000719a:	b29a      	uxth	r2, r3
2000719c:	687b      	ldr	r3, [r7, #4]
2000719e:	829a      	strh	r2, [r3, #20]
200071a0:	bf00      	nop
200071a2:	370c      	adds	r7, #12
200071a4:	46bd      	mov	sp, r7
200071a6:	f85d 7b04 	ldr.w	r7, [sp], #4
200071aa:	4770      	bx	lr

200071ac <USART_SmartCardNACKCmd>:
200071ac:	b480      	push	{r7}
200071ae:	b083      	sub	sp, #12
200071b0:	af00      	add	r7, sp, #0
200071b2:	6078      	str	r0, [r7, #4]
200071b4:	460b      	mov	r3, r1
200071b6:	70fb      	strb	r3, [r7, #3]
200071b8:	78fb      	ldrb	r3, [r7, #3]
200071ba:	2b00      	cmp	r3, #0
200071bc:	d008      	beq.n	200071d0 <USART_SmartCardNACKCmd+0x24>
200071be:	687b      	ldr	r3, [r7, #4]
200071c0:	8a9b      	ldrh	r3, [r3, #20]
200071c2:	b29b      	uxth	r3, r3
200071c4:	f043 0310 	orr.w	r3, r3, #16
200071c8:	b29a      	uxth	r2, r3
200071ca:	687b      	ldr	r3, [r7, #4]
200071cc:	829a      	strh	r2, [r3, #20]
200071ce:	e007      	b.n	200071e0 <USART_SmartCardNACKCmd+0x34>
200071d0:	687b      	ldr	r3, [r7, #4]
200071d2:	8a9b      	ldrh	r3, [r3, #20]
200071d4:	b29b      	uxth	r3, r3
200071d6:	f023 0310 	bic.w	r3, r3, #16
200071da:	b29a      	uxth	r2, r3
200071dc:	687b      	ldr	r3, [r7, #4]
200071de:	829a      	strh	r2, [r3, #20]
200071e0:	bf00      	nop
200071e2:	370c      	adds	r7, #12
200071e4:	46bd      	mov	sp, r7
200071e6:	f85d 7b04 	ldr.w	r7, [sp], #4
200071ea:	4770      	bx	lr

200071ec <USART_IrDAConfig>:
200071ec:	b480      	push	{r7}
200071ee:	b083      	sub	sp, #12
200071f0:	af00      	add	r7, sp, #0
200071f2:	6078      	str	r0, [r7, #4]
200071f4:	460b      	mov	r3, r1
200071f6:	807b      	strh	r3, [r7, #2]
200071f8:	687b      	ldr	r3, [r7, #4]
200071fa:	8a9b      	ldrh	r3, [r3, #20]
200071fc:	b29b      	uxth	r3, r3
200071fe:	f023 0304 	bic.w	r3, r3, #4
20007202:	b29a      	uxth	r2, r3
20007204:	687b      	ldr	r3, [r7, #4]
20007206:	829a      	strh	r2, [r3, #20]
20007208:	687b      	ldr	r3, [r7, #4]
2000720a:	8a9b      	ldrh	r3, [r3, #20]
2000720c:	b29a      	uxth	r2, r3
2000720e:	887b      	ldrh	r3, [r7, #2]
20007210:	4313      	orrs	r3, r2
20007212:	b29a      	uxth	r2, r3
20007214:	687b      	ldr	r3, [r7, #4]
20007216:	829a      	strh	r2, [r3, #20]
20007218:	bf00      	nop
2000721a:	370c      	adds	r7, #12
2000721c:	46bd      	mov	sp, r7
2000721e:	f85d 7b04 	ldr.w	r7, [sp], #4
20007222:	4770      	bx	lr

20007224 <USART_IrDACmd>:
20007224:	b480      	push	{r7}
20007226:	b083      	sub	sp, #12
20007228:	af00      	add	r7, sp, #0
2000722a:	6078      	str	r0, [r7, #4]
2000722c:	460b      	mov	r3, r1
2000722e:	70fb      	strb	r3, [r7, #3]
20007230:	78fb      	ldrb	r3, [r7, #3]
20007232:	2b00      	cmp	r3, #0
20007234:	d008      	beq.n	20007248 <USART_IrDACmd+0x24>
20007236:	687b      	ldr	r3, [r7, #4]
20007238:	8a9b      	ldrh	r3, [r3, #20]
2000723a:	b29b      	uxth	r3, r3
2000723c:	f043 0302 	orr.w	r3, r3, #2
20007240:	b29a      	uxth	r2, r3
20007242:	687b      	ldr	r3, [r7, #4]
20007244:	829a      	strh	r2, [r3, #20]
20007246:	e007      	b.n	20007258 <USART_IrDACmd+0x34>
20007248:	687b      	ldr	r3, [r7, #4]
2000724a:	8a9b      	ldrh	r3, [r3, #20]
2000724c:	b29b      	uxth	r3, r3
2000724e:	f023 0302 	bic.w	r3, r3, #2
20007252:	b29a      	uxth	r2, r3
20007254:	687b      	ldr	r3, [r7, #4]
20007256:	829a      	strh	r2, [r3, #20]
20007258:	bf00      	nop
2000725a:	370c      	adds	r7, #12
2000725c:	46bd      	mov	sp, r7
2000725e:	f85d 7b04 	ldr.w	r7, [sp], #4
20007262:	4770      	bx	lr

20007264 <USART_DMACmd>:
20007264:	b480      	push	{r7}
20007266:	b083      	sub	sp, #12
20007268:	af00      	add	r7, sp, #0
2000726a:	6078      	str	r0, [r7, #4]
2000726c:	460b      	mov	r3, r1
2000726e:	807b      	strh	r3, [r7, #2]
20007270:	4613      	mov	r3, r2
20007272:	707b      	strb	r3, [r7, #1]
20007274:	787b      	ldrb	r3, [r7, #1]
20007276:	2b00      	cmp	r3, #0
20007278:	d008      	beq.n	2000728c <USART_DMACmd+0x28>
2000727a:	687b      	ldr	r3, [r7, #4]
2000727c:	8a9b      	ldrh	r3, [r3, #20]
2000727e:	b29a      	uxth	r2, r3
20007280:	887b      	ldrh	r3, [r7, #2]
20007282:	4313      	orrs	r3, r2
20007284:	b29a      	uxth	r2, r3
20007286:	687b      	ldr	r3, [r7, #4]
20007288:	829a      	strh	r2, [r3, #20]
2000728a:	e009      	b.n	200072a0 <USART_DMACmd+0x3c>
2000728c:	687b      	ldr	r3, [r7, #4]
2000728e:	8a9b      	ldrh	r3, [r3, #20]
20007290:	b29a      	uxth	r2, r3
20007292:	887b      	ldrh	r3, [r7, #2]
20007294:	43db      	mvns	r3, r3
20007296:	b29b      	uxth	r3, r3
20007298:	4013      	ands	r3, r2
2000729a:	b29a      	uxth	r2, r3
2000729c:	687b      	ldr	r3, [r7, #4]
2000729e:	829a      	strh	r2, [r3, #20]
200072a0:	bf00      	nop
200072a2:	370c      	adds	r7, #12
200072a4:	46bd      	mov	sp, r7
200072a6:	f85d 7b04 	ldr.w	r7, [sp], #4
200072aa:	4770      	bx	lr

200072ac <USART_ITConfig>:
200072ac:	b480      	push	{r7}
200072ae:	b087      	sub	sp, #28
200072b0:	af00      	add	r7, sp, #0
200072b2:	6078      	str	r0, [r7, #4]
200072b4:	460b      	mov	r3, r1
200072b6:	807b      	strh	r3, [r7, #2]
200072b8:	4613      	mov	r3, r2
200072ba:	707b      	strb	r3, [r7, #1]
200072bc:	2300      	movs	r3, #0
200072be:	613b      	str	r3, [r7, #16]
200072c0:	2300      	movs	r3, #0
200072c2:	60fb      	str	r3, [r7, #12]
200072c4:	2300      	movs	r3, #0
200072c6:	60bb      	str	r3, [r7, #8]
200072c8:	2300      	movs	r3, #0
200072ca:	617b      	str	r3, [r7, #20]
200072cc:	687b      	ldr	r3, [r7, #4]
200072ce:	617b      	str	r3, [r7, #20]
200072d0:	887b      	ldrh	r3, [r7, #2]
200072d2:	b2db      	uxtb	r3, r3
200072d4:	095b      	lsrs	r3, r3, #5
200072d6:	b2db      	uxtb	r3, r3
200072d8:	613b      	str	r3, [r7, #16]
200072da:	887b      	ldrh	r3, [r7, #2]
200072dc:	f003 031f 	and.w	r3, r3, #31
200072e0:	60fb      	str	r3, [r7, #12]
200072e2:	2201      	movs	r2, #1
200072e4:	68fb      	ldr	r3, [r7, #12]
200072e6:	fa02 f303 	lsl.w	r3, r2, r3
200072ea:	60bb      	str	r3, [r7, #8]
200072ec:	693b      	ldr	r3, [r7, #16]
200072ee:	2b01      	cmp	r3, #1
200072f0:	d103      	bne.n	200072fa <USART_ITConfig+0x4e>
200072f2:	697b      	ldr	r3, [r7, #20]
200072f4:	330c      	adds	r3, #12
200072f6:	617b      	str	r3, [r7, #20]
200072f8:	e009      	b.n	2000730e <USART_ITConfig+0x62>
200072fa:	693b      	ldr	r3, [r7, #16]
200072fc:	2b02      	cmp	r3, #2
200072fe:	d103      	bne.n	20007308 <USART_ITConfig+0x5c>
20007300:	697b      	ldr	r3, [r7, #20]
20007302:	3310      	adds	r3, #16
20007304:	617b      	str	r3, [r7, #20]
20007306:	e002      	b.n	2000730e <USART_ITConfig+0x62>
20007308:	697b      	ldr	r3, [r7, #20]
2000730a:	3314      	adds	r3, #20
2000730c:	617b      	str	r3, [r7, #20]
2000730e:	787b      	ldrb	r3, [r7, #1]
20007310:	2b00      	cmp	r3, #0
20007312:	d006      	beq.n	20007322 <USART_ITConfig+0x76>
20007314:	697b      	ldr	r3, [r7, #20]
20007316:	6819      	ldr	r1, [r3, #0]
20007318:	697b      	ldr	r3, [r7, #20]
2000731a:	68ba      	ldr	r2, [r7, #8]
2000731c:	430a      	orrs	r2, r1
2000731e:	601a      	str	r2, [r3, #0]
20007320:	e006      	b.n	20007330 <USART_ITConfig+0x84>
20007322:	697b      	ldr	r3, [r7, #20]
20007324:	6819      	ldr	r1, [r3, #0]
20007326:	68bb      	ldr	r3, [r7, #8]
20007328:	43da      	mvns	r2, r3
2000732a:	697b      	ldr	r3, [r7, #20]
2000732c:	400a      	ands	r2, r1
2000732e:	601a      	str	r2, [r3, #0]
20007330:	bf00      	nop
20007332:	371c      	adds	r7, #28
20007334:	46bd      	mov	sp, r7
20007336:	f85d 7b04 	ldr.w	r7, [sp], #4
2000733a:	4770      	bx	lr

2000733c <USART_GetFlagStatus>:
2000733c:	b480      	push	{r7}
2000733e:	b085      	sub	sp, #20
20007340:	af00      	add	r7, sp, #0
20007342:	6078      	str	r0, [r7, #4]
20007344:	460b      	mov	r3, r1
20007346:	807b      	strh	r3, [r7, #2]
20007348:	2300      	movs	r3, #0
2000734a:	73fb      	strb	r3, [r7, #15]
2000734c:	687b      	ldr	r3, [r7, #4]
2000734e:	881b      	ldrh	r3, [r3, #0]
20007350:	b29a      	uxth	r2, r3
20007352:	887b      	ldrh	r3, [r7, #2]
20007354:	4013      	ands	r3, r2
20007356:	b29b      	uxth	r3, r3
20007358:	2b00      	cmp	r3, #0
2000735a:	d002      	beq.n	20007362 <USART_GetFlagStatus+0x26>
2000735c:	2301      	movs	r3, #1
2000735e:	73fb      	strb	r3, [r7, #15]
20007360:	e001      	b.n	20007366 <USART_GetFlagStatus+0x2a>
20007362:	2300      	movs	r3, #0
20007364:	73fb      	strb	r3, [r7, #15]
20007366:	7bfb      	ldrb	r3, [r7, #15]
20007368:	4618      	mov	r0, r3
2000736a:	3714      	adds	r7, #20
2000736c:	46bd      	mov	sp, r7
2000736e:	f85d 7b04 	ldr.w	r7, [sp], #4
20007372:	4770      	bx	lr

20007374 <USART_ClearFlag>:
20007374:	b480      	push	{r7}
20007376:	b083      	sub	sp, #12
20007378:	af00      	add	r7, sp, #0
2000737a:	6078      	str	r0, [r7, #4]
2000737c:	460b      	mov	r3, r1
2000737e:	807b      	strh	r3, [r7, #2]
20007380:	887b      	ldrh	r3, [r7, #2]
20007382:	43db      	mvns	r3, r3
20007384:	b29a      	uxth	r2, r3
20007386:	687b      	ldr	r3, [r7, #4]
20007388:	801a      	strh	r2, [r3, #0]
2000738a:	bf00      	nop
2000738c:	370c      	adds	r7, #12
2000738e:	46bd      	mov	sp, r7
20007390:	f85d 7b04 	ldr.w	r7, [sp], #4
20007394:	4770      	bx	lr

20007396 <USART_GetITStatus>:
20007396:	b480      	push	{r7}
20007398:	b087      	sub	sp, #28
2000739a:	af00      	add	r7, sp, #0
2000739c:	6078      	str	r0, [r7, #4]
2000739e:	460b      	mov	r3, r1
200073a0:	807b      	strh	r3, [r7, #2]
200073a2:	2300      	movs	r3, #0
200073a4:	60fb      	str	r3, [r7, #12]
200073a6:	2300      	movs	r3, #0
200073a8:	617b      	str	r3, [r7, #20]
200073aa:	2300      	movs	r3, #0
200073ac:	60bb      	str	r3, [r7, #8]
200073ae:	2300      	movs	r3, #0
200073b0:	74fb      	strb	r3, [r7, #19]
200073b2:	887b      	ldrh	r3, [r7, #2]
200073b4:	b2db      	uxtb	r3, r3
200073b6:	095b      	lsrs	r3, r3, #5
200073b8:	b2db      	uxtb	r3, r3
200073ba:	60bb      	str	r3, [r7, #8]
200073bc:	887b      	ldrh	r3, [r7, #2]
200073be:	f003 031f 	and.w	r3, r3, #31
200073c2:	617b      	str	r3, [r7, #20]
200073c4:	2201      	movs	r2, #1
200073c6:	697b      	ldr	r3, [r7, #20]
200073c8:	fa02 f303 	lsl.w	r3, r2, r3
200073cc:	617b      	str	r3, [r7, #20]
200073ce:	68bb      	ldr	r3, [r7, #8]
200073d0:	2b01      	cmp	r3, #1
200073d2:	d107      	bne.n	200073e4 <USART_GetITStatus+0x4e>
200073d4:	687b      	ldr	r3, [r7, #4]
200073d6:	899b      	ldrh	r3, [r3, #12]
200073d8:	b29b      	uxth	r3, r3
200073da:	461a      	mov	r2, r3
200073dc:	697b      	ldr	r3, [r7, #20]
200073de:	4013      	ands	r3, r2
200073e0:	617b      	str	r3, [r7, #20]
200073e2:	e011      	b.n	20007408 <USART_GetITStatus+0x72>
200073e4:	68bb      	ldr	r3, [r7, #8]
200073e6:	2b02      	cmp	r3, #2
200073e8:	d107      	bne.n	200073fa <USART_GetITStatus+0x64>
200073ea:	687b      	ldr	r3, [r7, #4]
200073ec:	8a1b      	ldrh	r3, [r3, #16]
200073ee:	b29b      	uxth	r3, r3
200073f0:	461a      	mov	r2, r3
200073f2:	697b      	ldr	r3, [r7, #20]
200073f4:	4013      	ands	r3, r2
200073f6:	617b      	str	r3, [r7, #20]
200073f8:	e006      	b.n	20007408 <USART_GetITStatus+0x72>
200073fa:	687b      	ldr	r3, [r7, #4]
200073fc:	8a9b      	ldrh	r3, [r3, #20]
200073fe:	b29b      	uxth	r3, r3
20007400:	461a      	mov	r2, r3
20007402:	697b      	ldr	r3, [r7, #20]
20007404:	4013      	ands	r3, r2
20007406:	617b      	str	r3, [r7, #20]
20007408:	887b      	ldrh	r3, [r7, #2]
2000740a:	0a1b      	lsrs	r3, r3, #8
2000740c:	b29b      	uxth	r3, r3
2000740e:	60fb      	str	r3, [r7, #12]
20007410:	2201      	movs	r2, #1
20007412:	68fb      	ldr	r3, [r7, #12]
20007414:	fa02 f303 	lsl.w	r3, r2, r3
20007418:	60fb      	str	r3, [r7, #12]
2000741a:	687b      	ldr	r3, [r7, #4]
2000741c:	881b      	ldrh	r3, [r3, #0]
2000741e:	b29b      	uxth	r3, r3
20007420:	461a      	mov	r2, r3
20007422:	68fb      	ldr	r3, [r7, #12]
20007424:	4013      	ands	r3, r2
20007426:	60fb      	str	r3, [r7, #12]
20007428:	697b      	ldr	r3, [r7, #20]
2000742a:	2b00      	cmp	r3, #0
2000742c:	d005      	beq.n	2000743a <USART_GetITStatus+0xa4>
2000742e:	68fb      	ldr	r3, [r7, #12]
20007430:	2b00      	cmp	r3, #0
20007432:	d002      	beq.n	2000743a <USART_GetITStatus+0xa4>
20007434:	2301      	movs	r3, #1
20007436:	74fb      	strb	r3, [r7, #19]
20007438:	e001      	b.n	2000743e <USART_GetITStatus+0xa8>
2000743a:	2300      	movs	r3, #0
2000743c:	74fb      	strb	r3, [r7, #19]
2000743e:	7cfb      	ldrb	r3, [r7, #19]
20007440:	4618      	mov	r0, r3
20007442:	371c      	adds	r7, #28
20007444:	46bd      	mov	sp, r7
20007446:	f85d 7b04 	ldr.w	r7, [sp], #4
2000744a:	4770      	bx	lr

2000744c <USART_ClearITPendingBit>:
2000744c:	b480      	push	{r7}
2000744e:	b085      	sub	sp, #20
20007450:	af00      	add	r7, sp, #0
20007452:	6078      	str	r0, [r7, #4]
20007454:	460b      	mov	r3, r1
20007456:	807b      	strh	r3, [r7, #2]
20007458:	2300      	movs	r3, #0
2000745a:	81fb      	strh	r3, [r7, #14]
2000745c:	2300      	movs	r3, #0
2000745e:	81bb      	strh	r3, [r7, #12]
20007460:	887b      	ldrh	r3, [r7, #2]
20007462:	0a1b      	lsrs	r3, r3, #8
20007464:	81fb      	strh	r3, [r7, #14]
20007466:	89fb      	ldrh	r3, [r7, #14]
20007468:	2201      	movs	r2, #1
2000746a:	fa02 f303 	lsl.w	r3, r2, r3
2000746e:	81bb      	strh	r3, [r7, #12]
20007470:	89bb      	ldrh	r3, [r7, #12]
20007472:	43db      	mvns	r3, r3
20007474:	b29a      	uxth	r2, r3
20007476:	687b      	ldr	r3, [r7, #4]
20007478:	801a      	strh	r2, [r3, #0]
2000747a:	bf00      	nop
2000747c:	3714      	adds	r7, #20
2000747e:	46bd      	mov	sp, r7
20007480:	f85d 7b04 	ldr.w	r7, [sp], #4
20007484:	4770      	bx	lr
20007486:	bf00      	nop
	...

20007490 <memchr>:
20007490:	f001 01ff 	and.w	r1, r1, #255	@ 0xff
20007494:	2a10      	cmp	r2, #16
20007496:	db2b      	blt.n	200074f0 <memchr+0x60>
20007498:	f010 0f07 	tst.w	r0, #7
2000749c:	d008      	beq.n	200074b0 <memchr+0x20>
2000749e:	f810 3b01 	ldrb.w	r3, [r0], #1
200074a2:	3a01      	subs	r2, #1
200074a4:	428b      	cmp	r3, r1
200074a6:	d02d      	beq.n	20007504 <memchr+0x74>
200074a8:	f010 0f07 	tst.w	r0, #7
200074ac:	b342      	cbz	r2, 20007500 <memchr+0x70>
200074ae:	d1f6      	bne.n	2000749e <memchr+0xe>
200074b0:	b4f0      	push	{r4, r5, r6, r7}
200074b2:	ea41 2101 	orr.w	r1, r1, r1, lsl #8
200074b6:	ea41 4101 	orr.w	r1, r1, r1, lsl #16
200074ba:	f022 0407 	bic.w	r4, r2, #7
200074be:	f07f 0700 	mvns.w	r7, #0
200074c2:	2300      	movs	r3, #0
200074c4:	e8f0 5602 	ldrd	r5, r6, [r0], #8
200074c8:	3c08      	subs	r4, #8
200074ca:	ea85 0501 	eor.w	r5, r5, r1
200074ce:	ea86 0601 	eor.w	r6, r6, r1
200074d2:	fa85 f547 	uadd8	r5, r5, r7
200074d6:	faa3 f587 	sel	r5, r3, r7
200074da:	fa86 f647 	uadd8	r6, r6, r7
200074de:	faa5 f687 	sel	r6, r5, r7
200074e2:	b98e      	cbnz	r6, 20007508 <memchr+0x78>
200074e4:	d1ee      	bne.n	200074c4 <memchr+0x34>
200074e6:	bcf0      	pop	{r4, r5, r6, r7}
200074e8:	f001 01ff 	and.w	r1, r1, #255	@ 0xff
200074ec:	f002 0207 	and.w	r2, r2, #7
200074f0:	b132      	cbz	r2, 20007500 <memchr+0x70>
200074f2:	f810 3b01 	ldrb.w	r3, [r0], #1
200074f6:	3a01      	subs	r2, #1
200074f8:	ea83 0301 	eor.w	r3, r3, r1
200074fc:	b113      	cbz	r3, 20007504 <memchr+0x74>
200074fe:	d1f8      	bne.n	200074f2 <memchr+0x62>
20007500:	2000      	movs	r0, #0
20007502:	4770      	bx	lr
20007504:	3801      	subs	r0, #1
20007506:	4770      	bx	lr
20007508:	2d00      	cmp	r5, #0
2000750a:	bf06      	itte	eq
2000750c:	4635      	moveq	r5, r6
2000750e:	3803      	subeq	r0, #3
20007510:	3807      	subne	r0, #7
20007512:	f015 0f01 	tst.w	r5, #1
20007516:	d107      	bne.n	20007528 <memchr+0x98>
20007518:	3001      	adds	r0, #1
2000751a:	f415 7f80 	tst.w	r5, #256	@ 0x100
2000751e:	bf02      	ittt	eq
20007520:	3001      	addeq	r0, #1
20007522:	f415 3fc0 	tsteq.w	r5, #98304	@ 0x18000
20007526:	3001      	addeq	r0, #1
20007528:	bcf0      	pop	{r4, r5, r6, r7}
2000752a:	3801      	subs	r0, #1
2000752c:	4770      	bx	lr
2000752e:	bf00      	nop

20007530 <atoi>:
20007530:	220a      	movs	r2, #10
20007532:	2100      	movs	r1, #0
20007534:	f000 b88a 	b.w	2000764c <strtol>

20007538 <_atoi_r>:
20007538:	230a      	movs	r3, #10
2000753a:	2200      	movs	r2, #0
2000753c:	f000 b87a 	b.w	20007634 <_strtol_r>

20007540 <_strtol_l.isra.0>:
20007540:	2b24      	cmp	r3, #36	@ 0x24
20007542:	e92d 47f0 	stmdb	sp!, {r4, r5, r6, r7, r8, r9, sl, lr}
20007546:	4686      	mov	lr, r0
20007548:	4690      	mov	r8, r2
2000754a:	d801      	bhi.n	20007550 <_strtol_l.isra.0+0x10>
2000754c:	2b01      	cmp	r3, #1
2000754e:	d106      	bne.n	2000755e <_strtol_l.isra.0+0x1e>
20007550:	f000 f8ee 	bl	20007730 <__errno>
20007554:	2316      	movs	r3, #22
20007556:	6003      	str	r3, [r0, #0]
20007558:	2000      	movs	r0, #0
2000755a:	e8bd 87f0 	ldmia.w	sp!, {r4, r5, r6, r7, r8, r9, sl, pc}
2000755e:	4834      	ldr	r0, [pc, #208]	@ (20007630 <_strtol_l.isra.0+0xf0>)
20007560:	460d      	mov	r5, r1
20007562:	462a      	mov	r2, r5
20007564:	f815 4b01 	ldrb.w	r4, [r5], #1
20007568:	5d06      	ldrb	r6, [r0, r4]
2000756a:	f016 0608 	ands.w	r6, r6, #8
2000756e:	d1f8      	bne.n	20007562 <_strtol_l.isra.0+0x22>
20007570:	2c2d      	cmp	r4, #45	@ 0x2d
20007572:	d110      	bne.n	20007596 <_strtol_l.isra.0+0x56>
20007574:	782c      	ldrb	r4, [r5, #0]
20007576:	2601      	movs	r6, #1
20007578:	1c95      	adds	r5, r2, #2
2000757a:	f033 0210 	bics.w	r2, r3, #16
2000757e:	d115      	bne.n	200075ac <_strtol_l.isra.0+0x6c>
20007580:	2c30      	cmp	r4, #48	@ 0x30
20007582:	d10d      	bne.n	200075a0 <_strtol_l.isra.0+0x60>
20007584:	782a      	ldrb	r2, [r5, #0]
20007586:	f002 02df 	and.w	r2, r2, #223	@ 0xdf
2000758a:	2a58      	cmp	r2, #88	@ 0x58
2000758c:	d108      	bne.n	200075a0 <_strtol_l.isra.0+0x60>
2000758e:	786c      	ldrb	r4, [r5, #1]
20007590:	3502      	adds	r5, #2
20007592:	2310      	movs	r3, #16
20007594:	e00a      	b.n	200075ac <_strtol_l.isra.0+0x6c>
20007596:	2c2b      	cmp	r4, #43	@ 0x2b
20007598:	bf04      	itt	eq
2000759a:	782c      	ldrbeq	r4, [r5, #0]
2000759c:	1c95      	addeq	r5, r2, #2
2000759e:	e7ec      	b.n	2000757a <_strtol_l.isra.0+0x3a>
200075a0:	2b00      	cmp	r3, #0
200075a2:	d1f6      	bne.n	20007592 <_strtol_l.isra.0+0x52>
200075a4:	2c30      	cmp	r4, #48	@ 0x30
200075a6:	bf14      	ite	ne
200075a8:	230a      	movne	r3, #10
200075aa:	2308      	moveq	r3, #8
200075ac:	f106 4c00 	add.w	ip, r6, #2147483648	@ 0x80000000
200075b0:	f10c 3cff 	add.w	ip, ip, #4294967295
200075b4:	2200      	movs	r2, #0
200075b6:	fbbc f9f3 	udiv	r9, ip, r3
200075ba:	4610      	mov	r0, r2
200075bc:	fb03 ca19 	mls	sl, r3, r9, ip
200075c0:	f1a4 0730 	sub.w	r7, r4, #48	@ 0x30
200075c4:	2f09      	cmp	r7, #9
200075c6:	d80f      	bhi.n	200075e8 <_strtol_l.isra.0+0xa8>
200075c8:	463c      	mov	r4, r7
200075ca:	42a3      	cmp	r3, r4
200075cc:	dd1b      	ble.n	20007606 <_strtol_l.isra.0+0xc6>
200075ce:	1c57      	adds	r7, r2, #1
200075d0:	d007      	beq.n	200075e2 <_strtol_l.isra.0+0xa2>
200075d2:	4581      	cmp	r9, r0
200075d4:	d314      	bcc.n	20007600 <_strtol_l.isra.0+0xc0>
200075d6:	d101      	bne.n	200075dc <_strtol_l.isra.0+0x9c>
200075d8:	45a2      	cmp	sl, r4
200075da:	db11      	blt.n	20007600 <_strtol_l.isra.0+0xc0>
200075dc:	fb00 4003 	mla	r0, r0, r3, r4
200075e0:	2201      	movs	r2, #1
200075e2:	f815 4b01 	ldrb.w	r4, [r5], #1
200075e6:	e7eb      	b.n	200075c0 <_strtol_l.isra.0+0x80>
200075e8:	f1a4 0741 	sub.w	r7, r4, #65	@ 0x41
200075ec:	2f19      	cmp	r7, #25
200075ee:	d801      	bhi.n	200075f4 <_strtol_l.isra.0+0xb4>
200075f0:	3c37      	subs	r4, #55	@ 0x37
200075f2:	e7ea      	b.n	200075ca <_strtol_l.isra.0+0x8a>
200075f4:	f1a4 0761 	sub.w	r7, r4, #97	@ 0x61
200075f8:	2f19      	cmp	r7, #25
200075fa:	d804      	bhi.n	20007606 <_strtol_l.isra.0+0xc6>
200075fc:	3c57      	subs	r4, #87	@ 0x57
200075fe:	e7e4      	b.n	200075ca <_strtol_l.isra.0+0x8a>
20007600:	f04f 32ff 	mov.w	r2, #4294967295
20007604:	e7ed      	b.n	200075e2 <_strtol_l.isra.0+0xa2>
20007606:	1c53      	adds	r3, r2, #1
20007608:	d108      	bne.n	2000761c <_strtol_l.isra.0+0xdc>
2000760a:	2322      	movs	r3, #34	@ 0x22
2000760c:	f8ce 3000 	str.w	r3, [lr]
20007610:	4660      	mov	r0, ip
20007612:	f1b8 0f00 	cmp.w	r8, #0
20007616:	d0a0      	beq.n	2000755a <_strtol_l.isra.0+0x1a>
20007618:	1e69      	subs	r1, r5, #1
2000761a:	e006      	b.n	2000762a <_strtol_l.isra.0+0xea>
2000761c:	b106      	cbz	r6, 20007620 <_strtol_l.isra.0+0xe0>
2000761e:	4240      	negs	r0, r0
20007620:	f1b8 0f00 	cmp.w	r8, #0
20007624:	d099      	beq.n	2000755a <_strtol_l.isra.0+0x1a>
20007626:	2a00      	cmp	r2, #0
20007628:	d1f6      	bne.n	20007618 <_strtol_l.isra.0+0xd8>
2000762a:	f8c8 1000 	str.w	r1, [r8]
2000762e:	e794      	b.n	2000755a <_strtol_l.isra.0+0x1a>
20007630:	20008491 	.word	0x20008491

20007634 <_strtol_r>:
20007634:	f7ff bf84 	b.w	20007540 <_strtol_l.isra.0>

20007638 <strtol_l>:
20007638:	4613      	mov	r3, r2
2000763a:	460a      	mov	r2, r1
2000763c:	4601      	mov	r1, r0
2000763e:	4802      	ldr	r0, [pc, #8]	@ (20007648 <strtol_l+0x10>)
20007640:	6800      	ldr	r0, [r0, #0]
20007642:	f7ff bf7d 	b.w	20007540 <_strtol_l.isra.0>
20007646:	bf00      	nop
20007648:	20009570 	.word	0x20009570

2000764c <strtol>:
2000764c:	4613      	mov	r3, r2
2000764e:	460a      	mov	r2, r1
20007650:	4601      	mov	r1, r0
20007652:	4802      	ldr	r0, [pc, #8]	@ (2000765c <strtol+0x10>)
20007654:	6800      	ldr	r0, [r0, #0]
20007656:	f7ff bf73 	b.w	20007540 <_strtol_l.isra.0>
2000765a:	bf00      	nop
2000765c:	20009570 	.word	0x20009570

20007660 <_sniprintf_r>:
20007660:	b408      	push	{r3}
20007662:	b530      	push	{r4, r5, lr}
20007664:	1e14      	subs	r4, r2, #0
20007666:	b09c      	sub	sp, #112	@ 0x70
20007668:	4605      	mov	r5, r0
2000766a:	da08      	bge.n	2000767e <_sniprintf_r+0x1e>
2000766c:	238b      	movs	r3, #139	@ 0x8b
2000766e:	6003      	str	r3, [r0, #0]
20007670:	f04f 30ff 	mov.w	r0, #4294967295
20007674:	b01c      	add	sp, #112	@ 0x70
20007676:	e8bd 4030 	ldmia.w	sp!, {r4, r5, lr}
2000767a:	b001      	add	sp, #4
2000767c:	4770      	bx	lr
2000767e:	f44f 7302 	mov.w	r3, #520	@ 0x208
20007682:	f8ad 3014 	strh.w	r3, [sp, #20]
20007686:	f04f 0300 	mov.w	r3, #0
2000768a:	931b      	str	r3, [sp, #108]	@ 0x6c
2000768c:	bf14      	ite	ne
2000768e:	f104 33ff 	addne.w	r3, r4, #4294967295
20007692:	4623      	moveq	r3, r4
20007694:	9304      	str	r3, [sp, #16]
20007696:	9307      	str	r3, [sp, #28]
20007698:	f64f 73ff 	movw	r3, #65535	@ 0xffff
2000769c:	9102      	str	r1, [sp, #8]
2000769e:	9106      	str	r1, [sp, #24]
200076a0:	f8ad 3016 	strh.w	r3, [sp, #22]
200076a4:	9a1f      	ldr	r2, [sp, #124]	@ 0x7c
200076a6:	ab20      	add	r3, sp, #128	@ 0x80
200076a8:	a902      	add	r1, sp, #8
200076aa:	9301      	str	r3, [sp, #4]
200076ac:	f000 f920 	bl	200078f0 <_svfiprintf_r>
200076b0:	1c43      	adds	r3, r0, #1
200076b2:	bfbc      	itt	lt
200076b4:	238b      	movlt	r3, #139	@ 0x8b
200076b6:	602b      	strlt	r3, [r5, #0]
200076b8:	2c00      	cmp	r4, #0
200076ba:	d0db      	beq.n	20007674 <_sniprintf_r+0x14>
200076bc:	9b02      	ldr	r3, [sp, #8]
200076be:	2200      	movs	r2, #0
200076c0:	701a      	strb	r2, [r3, #0]
200076c2:	e7d7      	b.n	20007674 <_sniprintf_r+0x14>

200076c4 <sniprintf>:
200076c4:	b40c      	push	{r2, r3}
200076c6:	b530      	push	{r4, r5, lr}
200076c8:	4b18      	ldr	r3, [pc, #96]	@ (2000772c <sniprintf+0x68>)
200076ca:	1e0c      	subs	r4, r1, #0
200076cc:	681d      	ldr	r5, [r3, #0]
200076ce:	b09d      	sub	sp, #116	@ 0x74
200076d0:	da08      	bge.n	200076e4 <sniprintf+0x20>
200076d2:	238b      	movs	r3, #139	@ 0x8b
200076d4:	602b      	str	r3, [r5, #0]
200076d6:	f04f 30ff 	mov.w	r0, #4294967295
200076da:	b01d      	add	sp, #116	@ 0x74
200076dc:	e8bd 4030 	ldmia.w	sp!, {r4, r5, lr}
200076e0:	b002      	add	sp, #8
200076e2:	4770      	bx	lr
200076e4:	f44f 7302 	mov.w	r3, #520	@ 0x208
200076e8:	f8ad 3014 	strh.w	r3, [sp, #20]
200076ec:	f04f 0300 	mov.w	r3, #0
200076f0:	931b      	str	r3, [sp, #108]	@ 0x6c
200076f2:	bf14      	ite	ne
200076f4:	f104 33ff 	addne.w	r3, r4, #4294967295
200076f8:	4623      	moveq	r3, r4
200076fa:	9304      	str	r3, [sp, #16]
200076fc:	9307      	str	r3, [sp, #28]
200076fe:	f64f 73ff 	movw	r3, #65535	@ 0xffff
20007702:	9002      	str	r0, [sp, #8]
20007704:	9006      	str	r0, [sp, #24]
20007706:	f8ad 3016 	strh.w	r3, [sp, #22]
2000770a:	9a20      	ldr	r2, [sp, #128]	@ 0x80
2000770c:	ab21      	add	r3, sp, #132	@ 0x84
2000770e:	a902      	add	r1, sp, #8
20007710:	4628      	mov	r0, r5
20007712:	9301      	str	r3, [sp, #4]
20007714:	f000 f8ec 	bl	200078f0 <_svfiprintf_r>
20007718:	1c43      	adds	r3, r0, #1
2000771a:	bfbc      	itt	lt
2000771c:	238b      	movlt	r3, #139	@ 0x8b
2000771e:	602b      	strlt	r3, [r5, #0]
20007720:	2c00      	cmp	r4, #0
20007722:	d0da      	beq.n	200076da <sniprintf+0x16>
20007724:	9b02      	ldr	r3, [sp, #8]
20007726:	2200      	movs	r2, #0
20007728:	701a      	strb	r2, [r3, #0]
2000772a:	e7d6      	b.n	200076da <sniprintf+0x16>
2000772c:	20009570 	.word	0x20009570

20007730 <__errno>:
20007730:	4b01      	ldr	r3, [pc, #4]	@ (20007738 <__errno+0x8>)
20007732:	6818      	ldr	r0, [r3, #0]
20007734:	4770      	bx	lr
20007736:	bf00      	nop
20007738:	20009570 	.word	0x20009570

2000773c <__ssputs_r>:
2000773c:	e92d 47f0 	stmdb	sp!, {r4, r5, r6, r7, r8, r9, sl, lr}
20007740:	688e      	ldr	r6, [r1, #8]
20007742:	461f      	mov	r7, r3
20007744:	42be      	cmp	r6, r7
20007746:	4682      	mov	sl, r0
20007748:	460c      	mov	r4, r1
2000774a:	4690      	mov	r8, r2
2000774c:	4633      	mov	r3, r6
2000774e:	d853      	bhi.n	200077f8 <__ssputs_r+0xbc>
20007750:	f9b1 000c 	ldrsh.w	r0, [r1, #12]
20007754:	f410 6f90 	tst.w	r0, #1152	@ 0x480
20007758:	d02b      	beq.n	200077b2 <__ssputs_r+0x76>
2000775a:	6965      	ldr	r5, [r4, #20]
2000775c:	6823      	ldr	r3, [r4, #0]
2000775e:	6909      	ldr	r1, [r1, #16]
20007760:	eb05 0545 	add.w	r5, r5, r5, lsl #1
20007764:	eba3 0901 	sub.w	r9, r3, r1
20007768:	eb05 75d5 	add.w	r5, r5, r5, lsr #31
2000776c:	1c7b      	adds	r3, r7, #1
2000776e:	106d      	asrs	r5, r5, #1
20007770:	444b      	add	r3, r9
20007772:	42ab      	cmp	r3, r5
20007774:	462a      	mov	r2, r5
20007776:	bf84      	itt	hi
20007778:	461d      	movhi	r5, r3
2000777a:	462a      	movhi	r2, r5
2000777c:	0543      	lsls	r3, r0, #21
2000777e:	d527      	bpl.n	200077d0 <__ssputs_r+0x94>
20007780:	4611      	mov	r1, r2
20007782:	4650      	mov	r0, sl
20007784:	f000 fbd2 	bl	20007f2c <_malloc_r>
20007788:	4606      	mov	r6, r0
2000778a:	b358      	cbz	r0, 200077e4 <__ssputs_r+0xa8>
2000778c:	6921      	ldr	r1, [r4, #16]
2000778e:	464a      	mov	r2, r9
20007790:	f000 fb51 	bl	20007e36 <memcpy>
20007794:	89a3      	ldrh	r3, [r4, #12]
20007796:	f423 6390 	bic.w	r3, r3, #1152	@ 0x480
2000779a:	f043 0380 	orr.w	r3, r3, #128	@ 0x80
2000779e:	81a3      	strh	r3, [r4, #12]
200077a0:	6126      	str	r6, [r4, #16]
200077a2:	6165      	str	r5, [r4, #20]
200077a4:	444e      	add	r6, r9
200077a6:	eba5 0509 	sub.w	r5, r5, r9
200077aa:	6026      	str	r6, [r4, #0]
200077ac:	60a5      	str	r5, [r4, #8]
200077ae:	463e      	mov	r6, r7
200077b0:	463b      	mov	r3, r7
200077b2:	461f      	mov	r7, r3
200077b4:	6820      	ldr	r0, [r4, #0]
200077b6:	463a      	mov	r2, r7
200077b8:	4641      	mov	r1, r8
200077ba:	f000 fb23 	bl	20007e04 <memmove>
200077be:	68a3      	ldr	r3, [r4, #8]
200077c0:	1b9b      	subs	r3, r3, r6
200077c2:	60a3      	str	r3, [r4, #8]
200077c4:	6823      	ldr	r3, [r4, #0]
200077c6:	443b      	add	r3, r7
200077c8:	6023      	str	r3, [r4, #0]
200077ca:	2000      	movs	r0, #0
200077cc:	e8bd 87f0 	ldmia.w	sp!, {r4, r5, r6, r7, r8, r9, sl, pc}
200077d0:	4650      	mov	r0, sl
200077d2:	f000 fc37 	bl	20008044 <_realloc_r>
200077d6:	4606      	mov	r6, r0
200077d8:	2800      	cmp	r0, #0
200077da:	d1e1      	bne.n	200077a0 <__ssputs_r+0x64>
200077dc:	6921      	ldr	r1, [r4, #16]
200077de:	4650      	mov	r0, sl
200077e0:	f000 fb38 	bl	20007e54 <_free_r>
200077e4:	230c      	movs	r3, #12
200077e6:	f8ca 3000 	str.w	r3, [sl]
200077ea:	89a3      	ldrh	r3, [r4, #12]
200077ec:	f043 0340 	orr.w	r3, r3, #64	@ 0x40
200077f0:	81a3      	strh	r3, [r4, #12]
200077f2:	f04f 30ff 	mov.w	r0, #4294967295
200077f6:	e7e9      	b.n	200077cc <__ssputs_r+0x90>
200077f8:	463e      	mov	r6, r7
200077fa:	e7db      	b.n	200077b4 <__ssputs_r+0x78>

200077fc <__ssprint_r>:
200077fc:	6893      	ldr	r3, [r2, #8]
200077fe:	e92d 4ff7 	stmdb	sp!, {r0, r1, r2, r4, r5, r6, r7, r8, r9, sl, fp, lr}
20007802:	4680      	mov	r8, r0
20007804:	460c      	mov	r4, r1
20007806:	4617      	mov	r7, r2
20007808:	2b00      	cmp	r3, #0
2000780a:	d053      	beq.n	200078b4 <__ssprint_r+0xb8>
2000780c:	f8d2 a000 	ldr.w	sl, [r2]
20007810:	f8da b004 	ldr.w	fp, [sl, #4]
20007814:	f8da 3000 	ldr.w	r3, [sl]
20007818:	9301      	str	r3, [sp, #4]
2000781a:	f10a 0a08 	add.w	sl, sl, #8
2000781e:	f1bb 0f00 	cmp.w	fp, #0
20007822:	d0f5      	beq.n	20007810 <__ssprint_r+0x14>
20007824:	68a6      	ldr	r6, [r4, #8]
20007826:	45b3      	cmp	fp, r6
20007828:	4635      	mov	r5, r6
2000782a:	d35f      	bcc.n	200078ec <__ssprint_r+0xf0>
2000782c:	f9b4 000c 	ldrsh.w	r0, [r4, #12]
20007830:	f410 6f90 	tst.w	r0, #1152	@ 0x480
20007834:	d02d      	beq.n	20007892 <__ssprint_r+0x96>
20007836:	6822      	ldr	r2, [r4, #0]
20007838:	6921      	ldr	r1, [r4, #16]
2000783a:	6965      	ldr	r5, [r4, #20]
2000783c:	eba2 0901 	sub.w	r9, r2, r1
20007840:	eb05 0545 	add.w	r5, r5, r5, lsl #1
20007844:	eb05 75d5 	add.w	r5, r5, r5, lsr #31
20007848:	f109 0601 	add.w	r6, r9, #1
2000784c:	106d      	asrs	r5, r5, #1
2000784e:	445e      	add	r6, fp
20007850:	42ae      	cmp	r6, r5
20007852:	462a      	mov	r2, r5
20007854:	bf84      	itt	hi
20007856:	4635      	movhi	r5, r6
20007858:	462a      	movhi	r2, r5
2000785a:	0543      	lsls	r3, r0, #21
2000785c:	d530      	bpl.n	200078c0 <__ssprint_r+0xc4>
2000785e:	4611      	mov	r1, r2
20007860:	4640      	mov	r0, r8
20007862:	f000 fb63 	bl	20007f2c <_malloc_r>
20007866:	4606      	mov	r6, r0
20007868:	2800      	cmp	r0, #0
2000786a:	d033      	beq.n	200078d4 <__ssprint_r+0xd8>
2000786c:	464a      	mov	r2, r9
2000786e:	6921      	ldr	r1, [r4, #16]
20007870:	f000 fae1 	bl	20007e36 <memcpy>
20007874:	89a2      	ldrh	r2, [r4, #12]
20007876:	f422 6290 	bic.w	r2, r2, #1152	@ 0x480
2000787a:	f042 0280 	orr.w	r2, r2, #128	@ 0x80
2000787e:	81a2      	strh	r2, [r4, #12]
20007880:	6126      	str	r6, [r4, #16]
20007882:	6165      	str	r5, [r4, #20]
20007884:	444e      	add	r6, r9
20007886:	eba5 0509 	sub.w	r5, r5, r9
2000788a:	6026      	str	r6, [r4, #0]
2000788c:	60a5      	str	r5, [r4, #8]
2000788e:	465e      	mov	r6, fp
20007890:	465d      	mov	r5, fp
20007892:	462a      	mov	r2, r5
20007894:	9901      	ldr	r1, [sp, #4]
20007896:	6820      	ldr	r0, [r4, #0]
20007898:	f000 fab4 	bl	20007e04 <memmove>
2000789c:	68a2      	ldr	r2, [r4, #8]
2000789e:	1b92      	subs	r2, r2, r6
200078a0:	60a2      	str	r2, [r4, #8]
200078a2:	6822      	ldr	r2, [r4, #0]
200078a4:	442a      	add	r2, r5
200078a6:	6022      	str	r2, [r4, #0]
200078a8:	68ba      	ldr	r2, [r7, #8]
200078aa:	eba2 030b 	sub.w	r3, r2, fp
200078ae:	60bb      	str	r3, [r7, #8]
200078b0:	2b00      	cmp	r3, #0
200078b2:	d1ad      	bne.n	20007810 <__ssprint_r+0x14>
200078b4:	2000      	movs	r0, #0
200078b6:	2300      	movs	r3, #0
200078b8:	607b      	str	r3, [r7, #4]
200078ba:	b003      	add	sp, #12
200078bc:	e8bd 8ff0 	ldmia.w	sp!, {r4, r5, r6, r7, r8, r9, sl, fp, pc}
200078c0:	4640      	mov	r0, r8
200078c2:	f000 fbbf 	bl	20008044 <_realloc_r>
200078c6:	4606      	mov	r6, r0
200078c8:	2800      	cmp	r0, #0
200078ca:	d1d9      	bne.n	20007880 <__ssprint_r+0x84>
200078cc:	6921      	ldr	r1, [r4, #16]
200078ce:	4640      	mov	r0, r8
200078d0:	f000 fac0 	bl	20007e54 <_free_r>
200078d4:	230c      	movs	r3, #12
200078d6:	f8c8 3000 	str.w	r3, [r8]
200078da:	89a3      	ldrh	r3, [r4, #12]
200078dc:	f043 0340 	orr.w	r3, r3, #64	@ 0x40
200078e0:	81a3      	strh	r3, [r4, #12]
200078e2:	2300      	movs	r3, #0
200078e4:	60bb      	str	r3, [r7, #8]
200078e6:	f04f 30ff 	mov.w	r0, #4294967295
200078ea:	e7e4      	b.n	200078b6 <__ssprint_r+0xba>
200078ec:	465e      	mov	r6, fp
200078ee:	e7cf      	b.n	20007890 <__ssprint_r+0x94>

200078f0 <_svfiprintf_r>:
200078f0:	e92d 4ff0 	stmdb	sp!, {r4, r5, r6, r7, r8, r9, sl, fp, lr}
200078f4:	4698      	mov	r8, r3
200078f6:	898b      	ldrh	r3, [r1, #12]
200078f8:	061b      	lsls	r3, r3, #24
200078fa:	b09d      	sub	sp, #116	@ 0x74
200078fc:	4607      	mov	r7, r0
200078fe:	460d      	mov	r5, r1
20007900:	4614      	mov	r4, r2
20007902:	d510      	bpl.n	20007926 <_svfiprintf_r+0x36>
20007904:	690b      	ldr	r3, [r1, #16]
20007906:	b973      	cbnz	r3, 20007926 <_svfiprintf_r+0x36>
20007908:	2140      	movs	r1, #64	@ 0x40
2000790a:	f000 fb0f 	bl	20007f2c <_malloc_r>
2000790e:	6028      	str	r0, [r5, #0]
20007910:	6128      	str	r0, [r5, #16]
20007912:	b930      	cbnz	r0, 20007922 <_svfiprintf_r+0x32>
20007914:	230c      	movs	r3, #12
20007916:	603b      	str	r3, [r7, #0]
20007918:	f04f 30ff 	mov.w	r0, #4294967295
2000791c:	b01d      	add	sp, #116	@ 0x74
2000791e:	e8bd 8ff0 	ldmia.w	sp!, {r4, r5, r6, r7, r8, r9, sl, fp, pc}
20007922:	2340      	movs	r3, #64	@ 0x40
20007924:	616b      	str	r3, [r5, #20]
20007926:	2300      	movs	r3, #0
20007928:	9309      	str	r3, [sp, #36]	@ 0x24
2000792a:	2320      	movs	r3, #32
2000792c:	f88d 3029 	strb.w	r3, [sp, #41]	@ 0x29
20007930:	f8cd 800c 	str.w	r8, [sp, #12]
20007934:	2330      	movs	r3, #48	@ 0x30
20007936:	f8df 819c 	ldr.w	r8, [pc, #412]	@ 20007ad4 <_svfiprintf_r+0x1e4>
2000793a:	f88d 302a 	strb.w	r3, [sp, #42]	@ 0x2a
2000793e:	f04f 0901 	mov.w	r9, #1
20007942:	4623      	mov	r3, r4
20007944:	469a      	mov	sl, r3
20007946:	f813 2b01 	ldrb.w	r2, [r3], #1
2000794a:	b10a      	cbz	r2, 20007950 <_svfiprintf_r+0x60>
2000794c:	2a25      	cmp	r2, #37	@ 0x25
2000794e:	d1f9      	bne.n	20007944 <_svfiprintf_r+0x54>
20007950:	ebba 0b04 	subs.w	fp, sl, r4
20007954:	d00b      	beq.n	2000796e <_svfiprintf_r+0x7e>
20007956:	465b      	mov	r3, fp
20007958:	4622      	mov	r2, r4
2000795a:	4629      	mov	r1, r5
2000795c:	4638      	mov	r0, r7
2000795e:	f7ff feed 	bl	2000773c <__ssputs_r>
20007962:	3001      	adds	r0, #1
20007964:	f000 80a7 	beq.w	20007ab6 <_svfiprintf_r+0x1c6>
20007968:	9a09      	ldr	r2, [sp, #36]	@ 0x24
2000796a:	445a      	add	r2, fp
2000796c:	9209      	str	r2, [sp, #36]	@ 0x24
2000796e:	f89a 3000 	ldrb.w	r3, [sl]
20007972:	2b00      	cmp	r3, #0
20007974:	f000 809f 	beq.w	20007ab6 <_svfiprintf_r+0x1c6>
20007978:	2300      	movs	r3, #0
2000797a:	f04f 32ff 	mov.w	r2, #4294967295
2000797e:	e9cd 2305 	strd	r2, r3, [sp, #20]
20007982:	f10a 0a01 	add.w	sl, sl, #1
20007986:	9304      	str	r3, [sp, #16]
20007988:	9307      	str	r3, [sp, #28]
2000798a:	f88d 3053 	strb.w	r3, [sp, #83]	@ 0x53
2000798e:	931a      	str	r3, [sp, #104]	@ 0x68
20007990:	4654      	mov	r4, sl
20007992:	2205      	movs	r2, #5
20007994:	f814 1b01 	ldrb.w	r1, [r4], #1
20007998:	484e      	ldr	r0, [pc, #312]	@ (20007ad4 <_svfiprintf_r+0x1e4>)
2000799a:	f7ff fd79 	bl	20007490 <memchr>
2000799e:	9a04      	ldr	r2, [sp, #16]
200079a0:	b9d8      	cbnz	r0, 200079da <_svfiprintf_r+0xea>
200079a2:	06d0      	lsls	r0, r2, #27
200079a4:	bf44      	itt	mi
200079a6:	2320      	movmi	r3, #32
200079a8:	f88d 3053 	strbmi.w	r3, [sp, #83]	@ 0x53
200079ac:	0711      	lsls	r1, r2, #28
200079ae:	bf44      	itt	mi
200079b0:	232b      	movmi	r3, #43	@ 0x2b
200079b2:	f88d 3053 	strbmi.w	r3, [sp, #83]	@ 0x53
200079b6:	f89a 3000 	ldrb.w	r3, [sl]
200079ba:	2b2a      	cmp	r3, #42	@ 0x2a
200079bc:	d015      	beq.n	200079ea <_svfiprintf_r+0xfa>
200079be:	9a07      	ldr	r2, [sp, #28]
200079c0:	4654      	mov	r4, sl
200079c2:	2000      	movs	r0, #0
200079c4:	f04f 0c0a 	mov.w	ip, #10
200079c8:	4621      	mov	r1, r4
200079ca:	f811 3b01 	ldrb.w	r3, [r1], #1
200079ce:	3b30      	subs	r3, #48	@ 0x30
200079d0:	2b09      	cmp	r3, #9
200079d2:	d94b      	bls.n	20007a6c <_svfiprintf_r+0x17c>
200079d4:	b1b0      	cbz	r0, 20007a04 <_svfiprintf_r+0x114>
200079d6:	9207      	str	r2, [sp, #28]
200079d8:	e014      	b.n	20007a04 <_svfiprintf_r+0x114>
200079da:	eba0 0308 	sub.w	r3, r0, r8
200079de:	fa09 f303 	lsl.w	r3, r9, r3
200079e2:	4313      	orrs	r3, r2
200079e4:	9304      	str	r3, [sp, #16]
200079e6:	46a2      	mov	sl, r4
200079e8:	e7d2      	b.n	20007990 <_svfiprintf_r+0xa0>
200079ea:	9b03      	ldr	r3, [sp, #12]
200079ec:	1d19      	adds	r1, r3, #4
200079ee:	681b      	ldr	r3, [r3, #0]
200079f0:	9103      	str	r1, [sp, #12]
200079f2:	2b00      	cmp	r3, #0
200079f4:	bfbb      	ittet	lt
200079f6:	425b      	neglt	r3, r3
200079f8:	f042 0202 	orrlt.w	r2, r2, #2
200079fc:	9307      	strge	r3, [sp, #28]
200079fe:	9307      	strlt	r3, [sp, #28]
20007a00:	bfb8      	it	lt
20007a02:	9204      	strlt	r2, [sp, #16]
20007a04:	7823      	ldrb	r3, [r4, #0]
20007a06:	2b2e      	cmp	r3, #46	@ 0x2e
20007a08:	d10a      	bne.n	20007a20 <_svfiprintf_r+0x130>
20007a0a:	7863      	ldrb	r3, [r4, #1]
20007a0c:	2b2a      	cmp	r3, #42	@ 0x2a
20007a0e:	d132      	bne.n	20007a76 <_svfiprintf_r+0x186>
20007a10:	9b03      	ldr	r3, [sp, #12]
20007a12:	1d1a      	adds	r2, r3, #4
20007a14:	681b      	ldr	r3, [r3, #0]
20007a16:	9203      	str	r2, [sp, #12]
20007a18:	ea43 73e3 	orr.w	r3, r3, r3, asr #31
20007a1c:	3402      	adds	r4, #2
20007a1e:	9305      	str	r3, [sp, #20]
20007a20:	f8df a0c0 	ldr.w	sl, [pc, #192]	@ 20007ae4 <_svfiprintf_r+0x1f4>
20007a24:	7821      	ldrb	r1, [r4, #0]
20007a26:	2203      	movs	r2, #3
20007a28:	4650      	mov	r0, sl
20007a2a:	f7ff fd31 	bl	20007490 <memchr>
20007a2e:	b138      	cbz	r0, 20007a40 <_svfiprintf_r+0x150>
20007a30:	9b04      	ldr	r3, [sp, #16]
20007a32:	eba0 000a 	sub.w	r0, r0, sl
20007a36:	2240      	movs	r2, #64	@ 0x40
20007a38:	4082      	lsls	r2, r0
20007a3a:	4313      	orrs	r3, r2
20007a3c:	3401      	adds	r4, #1
20007a3e:	9304      	str	r3, [sp, #16]
20007a40:	f814 1b01 	ldrb.w	r1, [r4], #1
20007a44:	4824      	ldr	r0, [pc, #144]	@ (20007ad8 <_svfiprintf_r+0x1e8>)
20007a46:	f88d 1028 	strb.w	r1, [sp, #40]	@ 0x28
20007a4a:	2206      	movs	r2, #6
20007a4c:	f7ff fd20 	bl	20007490 <memchr>
20007a50:	2800      	cmp	r0, #0
20007a52:	d036      	beq.n	20007ac2 <_svfiprintf_r+0x1d2>
20007a54:	4b21      	ldr	r3, [pc, #132]	@ (20007adc <_svfiprintf_r+0x1ec>)
20007a56:	bb1b      	cbnz	r3, 20007aa0 <_svfiprintf_r+0x1b0>
20007a58:	9b03      	ldr	r3, [sp, #12]
20007a5a:	3307      	adds	r3, #7
20007a5c:	f023 0307 	bic.w	r3, r3, #7
20007a60:	3308      	adds	r3, #8
20007a62:	9303      	str	r3, [sp, #12]
20007a64:	9b09      	ldr	r3, [sp, #36]	@ 0x24
20007a66:	4433      	add	r3, r6
20007a68:	9309      	str	r3, [sp, #36]	@ 0x24
20007a6a:	e76a      	b.n	20007942 <_svfiprintf_r+0x52>
20007a6c:	fb0c 3202 	mla	r2, ip, r2, r3
20007a70:	460c      	mov	r4, r1
20007a72:	2001      	movs	r0, #1
20007a74:	e7a8      	b.n	200079c8 <_svfiprintf_r+0xd8>
20007a76:	2300      	movs	r3, #0
20007a78:	3401      	adds	r4, #1
20007a7a:	9305      	str	r3, [sp, #20]
20007a7c:	4619      	mov	r1, r3
20007a7e:	f04f 0c0a 	mov.w	ip, #10
20007a82:	4620      	mov	r0, r4
20007a84:	f810 2b01 	ldrb.w	r2, [r0], #1
20007a88:	3a30      	subs	r2, #48	@ 0x30
20007a8a:	2a09      	cmp	r2, #9
20007a8c:	d903      	bls.n	20007a96 <_svfiprintf_r+0x1a6>
20007a8e:	2b00      	cmp	r3, #0
20007a90:	d0c6      	beq.n	20007a20 <_svfiprintf_r+0x130>
20007a92:	9105      	str	r1, [sp, #20]
20007a94:	e7c4      	b.n	20007a20 <_svfiprintf_r+0x130>
20007a96:	fb0c 2101 	mla	r1, ip, r1, r2
20007a9a:	4604      	mov	r4, r0
20007a9c:	2301      	movs	r3, #1
20007a9e:	e7f0      	b.n	20007a82 <_svfiprintf_r+0x192>
20007aa0:	ab03      	add	r3, sp, #12
20007aa2:	9300      	str	r3, [sp, #0]
20007aa4:	462a      	mov	r2, r5
20007aa6:	4b0e      	ldr	r3, [pc, #56]	@ (20007ae0 <_svfiprintf_r+0x1f0>)
20007aa8:	a904      	add	r1, sp, #16
20007aaa:	4638      	mov	r0, r7
20007aac:	f3af 8000 	nop.w
20007ab0:	1c42      	adds	r2, r0, #1
20007ab2:	4606      	mov	r6, r0
20007ab4:	d1d6      	bne.n	20007a64 <_svfiprintf_r+0x174>
20007ab6:	89ab      	ldrh	r3, [r5, #12]
20007ab8:	065b      	lsls	r3, r3, #25
20007aba:	f53f af2d 	bmi.w	20007918 <_svfiprintf_r+0x28>
20007abe:	9809      	ldr	r0, [sp, #36]	@ 0x24
20007ac0:	e72c      	b.n	2000791c <_svfiprintf_r+0x2c>
20007ac2:	ab03      	add	r3, sp, #12
20007ac4:	9300      	str	r3, [sp, #0]
20007ac6:	462a      	mov	r2, r5
20007ac8:	4b05      	ldr	r3, [pc, #20]	@ (20007ae0 <_svfiprintf_r+0x1f0>)
20007aca:	a904      	add	r1, sp, #16
20007acc:	4638      	mov	r0, r7
20007ace:	f000 f879 	bl	20007bc4 <_printf_i>
20007ad2:	e7ed      	b.n	20007ab0 <_svfiprintf_r+0x1c0>
20007ad4:	20008591 	.word	0x20008591
20007ad8:	2000859b 	.word	0x2000859b
20007adc:	00000000 	.word	0x00000000
20007ae0:	2000773d 	.word	0x2000773d
20007ae4:	20008597 	.word	0x20008597

20007ae8 <_printf_common>:
20007ae8:	e92d 47f0 	stmdb	sp!, {r4, r5, r6, r7, r8, r9, sl, lr}
20007aec:	4616      	mov	r6, r2
20007aee:	4698      	mov	r8, r3
20007af0:	688a      	ldr	r2, [r1, #8]
20007af2:	690b      	ldr	r3, [r1, #16]
20007af4:	f8dd 9020 	ldr.w	r9, [sp, #32]
20007af8:	4293      	cmp	r3, r2
20007afa:	bfb8      	it	lt
20007afc:	4613      	movlt	r3, r2
20007afe:	6033      	str	r3, [r6, #0]
20007b00:	f891 2043 	ldrb.w	r2, [r1, #67]	@ 0x43
20007b04:	4607      	mov	r7, r0
20007b06:	460c      	mov	r4, r1
20007b08:	b10a      	cbz	r2, 20007b0e <_printf_common+0x26>
20007b0a:	3301      	adds	r3, #1
20007b0c:	6033      	str	r3, [r6, #0]
20007b0e:	6823      	ldr	r3, [r4, #0]
20007b10:	0699      	lsls	r1, r3, #26
20007b12:	bf42      	ittt	mi
20007b14:	6833      	ldrmi	r3, [r6, #0]
20007b16:	3302      	addmi	r3, #2
20007b18:	6033      	strmi	r3, [r6, #0]
20007b1a:	6825      	ldr	r5, [r4, #0]
20007b1c:	f015 0506 	ands.w	r5, r5, #6
20007b20:	d106      	bne.n	20007b30 <_printf_common+0x48>
20007b22:	f104 0a19 	add.w	sl, r4, #25
20007b26:	68e3      	ldr	r3, [r4, #12]
20007b28:	6832      	ldr	r2, [r6, #0]
20007b2a:	1a9b      	subs	r3, r3, r2
20007b2c:	42ab      	cmp	r3, r5
20007b2e:	dc26      	bgt.n	20007b7e <_printf_common+0x96>
20007b30:	f894 3043 	ldrb.w	r3, [r4, #67]	@ 0x43
20007b34:	6822      	ldr	r2, [r4, #0]
20007b36:	3b00      	subs	r3, #0
20007b38:	bf18      	it	ne
20007b3a:	2301      	movne	r3, #1
20007b3c:	0692      	lsls	r2, r2, #26
20007b3e:	d42b      	bmi.n	20007b98 <_printf_common+0xb0>
20007b40:	f104 0243 	add.w	r2, r4, #67	@ 0x43
20007b44:	4641      	mov	r1, r8
20007b46:	4638      	mov	r0, r7
20007b48:	47c8      	blx	r9
20007b4a:	3001      	adds	r0, #1
20007b4c:	d01e      	beq.n	20007b8c <_printf_common+0xa4>
20007b4e:	6823      	ldr	r3, [r4, #0]
20007b50:	6922      	ldr	r2, [r4, #16]
20007b52:	f003 0306 	and.w	r3, r3, #6
20007b56:	2b04      	cmp	r3, #4
20007b58:	bf02      	ittt	eq
20007b5a:	68e5      	ldreq	r5, [r4, #12]
20007b5c:	6833      	ldreq	r3, [r6, #0]
20007b5e:	1aed      	subeq	r5, r5, r3
20007b60:	68a3      	ldr	r3, [r4, #8]
20007b62:	bf0c      	ite	eq
20007b64:	ea25 75e5 	biceq.w	r5, r5, r5, asr #31
20007b68:	2500      	movne	r5, #0
20007b6a:	4293      	cmp	r3, r2
20007b6c:	bfc4      	itt	gt
20007b6e:	1a9b      	subgt	r3, r3, r2
20007b70:	18ed      	addgt	r5, r5, r3
20007b72:	2600      	movs	r6, #0
20007b74:	341a      	adds	r4, #26
20007b76:	42b5      	cmp	r5, r6
20007b78:	d11a      	bne.n	20007bb0 <_printf_common+0xc8>
20007b7a:	2000      	movs	r0, #0
20007b7c:	e008      	b.n	20007b90 <_printf_common+0xa8>
20007b7e:	2301      	movs	r3, #1
20007b80:	4652      	mov	r2, sl
20007b82:	4641      	mov	r1, r8
20007b84:	4638      	mov	r0, r7
20007b86:	47c8      	blx	r9
20007b88:	3001      	adds	r0, #1
20007b8a:	d103      	bne.n	20007b94 <_printf_common+0xac>
20007b8c:	f04f 30ff 	mov.w	r0, #4294967295
20007b90:	e8bd 87f0 	ldmia.w	sp!, {r4, r5, r6, r7, r8, r9, sl, pc}
20007b94:	3501      	adds	r5, #1
20007b96:	e7c6      	b.n	20007b26 <_printf_common+0x3e>
20007b98:	18e1      	adds	r1, r4, r3
20007b9a:	1c5a      	adds	r2, r3, #1
20007b9c:	2030      	movs	r0, #48	@ 0x30
20007b9e:	f881 0043 	strb.w	r0, [r1, #67]	@ 0x43
20007ba2:	4422      	add	r2, r4
20007ba4:	f894 1045 	ldrb.w	r1, [r4, #69]	@ 0x45
20007ba8:	f882 1043 	strb.w	r1, [r2, #67]	@ 0x43
20007bac:	3302      	adds	r3, #2
20007bae:	e7c7      	b.n	20007b40 <_printf_common+0x58>
20007bb0:	2301      	movs	r3, #1
20007bb2:	4622      	mov	r2, r4
20007bb4:	4641      	mov	r1, r8
20007bb6:	4638      	mov	r0, r7
20007bb8:	47c8      	blx	r9
20007bba:	3001      	adds	r0, #1
20007bbc:	d0e6      	beq.n	20007b8c <_printf_common+0xa4>
20007bbe:	3601      	adds	r6, #1
20007bc0:	e7d9      	b.n	20007b76 <_printf_common+0x8e>
	...

20007bc4 <_printf_i>:
20007bc4:	e92d 47ff 	stmdb	sp!, {r0, r1, r2, r3, r4, r5, r6, r7, r8, r9, sl, lr}
20007bc8:	7e0f      	ldrb	r7, [r1, #24]
20007bca:	9e0c      	ldr	r6, [sp, #48]	@ 0x30
20007bcc:	2f78      	cmp	r7, #120	@ 0x78
20007bce:	4691      	mov	r9, r2
20007bd0:	4680      	mov	r8, r0
20007bd2:	460c      	mov	r4, r1
20007bd4:	469a      	mov	sl, r3
20007bd6:	f101 0243 	add.w	r2, r1, #67	@ 0x43
20007bda:	d807      	bhi.n	20007bec <_printf_i+0x28>
20007bdc:	2f62      	cmp	r7, #98	@ 0x62
20007bde:	d80a      	bhi.n	20007bf6 <_printf_i+0x32>
20007be0:	2f00      	cmp	r7, #0
20007be2:	f000 80d2 	beq.w	20007d8a <_printf_i+0x1c6>
20007be6:	2f58      	cmp	r7, #88	@ 0x58
20007be8:	f000 80b7 	beq.w	20007d5a <_printf_i+0x196>
20007bec:	f104 0642 	add.w	r6, r4, #66	@ 0x42
20007bf0:	f884 7042 	strb.w	r7, [r4, #66]	@ 0x42
20007bf4:	e03a      	b.n	20007c6c <_printf_i+0xa8>
20007bf6:	f1a7 0363 	sub.w	r3, r7, #99	@ 0x63
20007bfa:	2b15      	cmp	r3, #21
20007bfc:	d8f6      	bhi.n	20007bec <_printf_i+0x28>
20007bfe:	a101      	add	r1, pc, #4	@ (adr r1, 20007c04 <_printf_i+0x40>)
20007c00:	f851 f023 	ldr.w	pc, [r1, r3, lsl #2]
20007c04:	20007c5d 	.word	0x20007c5d
20007c08:	20007c71 	.word	0x20007c71
20007c0c:	20007bed 	.word	0x20007bed
20007c10:	20007bed 	.word	0x20007bed
20007c14:	20007bed 	.word	0x20007bed
20007c18:	20007bed 	.word	0x20007bed
20007c1c:	20007c71 	.word	0x20007c71
20007c20:	20007bed 	.word	0x20007bed
20007c24:	20007bed 	.word	0x20007bed
20007c28:	20007bed 	.word	0x20007bed
20007c2c:	20007bed 	.word	0x20007bed
20007c30:	20007d71 	.word	0x20007d71
20007c34:	20007c9b 	.word	0x20007c9b
20007c38:	20007d27 	.word	0x20007d27
20007c3c:	20007bed 	.word	0x20007bed
20007c40:	20007bed 	.word	0x20007bed
20007c44:	20007d93 	.word	0x20007d93
20007c48:	20007bed 	.word	0x20007bed
20007c4c:	20007c9b 	.word	0x20007c9b
20007c50:	20007bed 	.word	0x20007bed
20007c54:	20007bed 	.word	0x20007bed
20007c58:	20007d2f 	.word	0x20007d2f
20007c5c:	6833      	ldr	r3, [r6, #0]
20007c5e:	1d1a      	adds	r2, r3, #4
20007c60:	681b      	ldr	r3, [r3, #0]
20007c62:	6032      	str	r2, [r6, #0]
20007c64:	f104 0642 	add.w	r6, r4, #66	@ 0x42
20007c68:	f884 3042 	strb.w	r3, [r4, #66]	@ 0x42
20007c6c:	2301      	movs	r3, #1
20007c6e:	e09d      	b.n	20007dac <_printf_i+0x1e8>
20007c70:	6833      	ldr	r3, [r6, #0]
20007c72:	6820      	ldr	r0, [r4, #0]
20007c74:	1d19      	adds	r1, r3, #4
20007c76:	6031      	str	r1, [r6, #0]
20007c78:	0606      	lsls	r6, r0, #24
20007c7a:	d501      	bpl.n	20007c80 <_printf_i+0xbc>
20007c7c:	681d      	ldr	r5, [r3, #0]
20007c7e:	e003      	b.n	20007c88 <_printf_i+0xc4>
20007c80:	0645      	lsls	r5, r0, #25
20007c82:	d5fb      	bpl.n	20007c7c <_printf_i+0xb8>
20007c84:	f9b3 5000 	ldrsh.w	r5, [r3]
20007c88:	2d00      	cmp	r5, #0
20007c8a:	da03      	bge.n	20007c94 <_printf_i+0xd0>
20007c8c:	232d      	movs	r3, #45	@ 0x2d
20007c8e:	426d      	negs	r5, r5
20007c90:	f884 3043 	strb.w	r3, [r4, #67]	@ 0x43
20007c94:	4859      	ldr	r0, [pc, #356]	@ (20007dfc <_printf_i+0x238>)
20007c96:	230a      	movs	r3, #10
20007c98:	e010      	b.n	20007cbc <_printf_i+0xf8>
20007c9a:	6821      	ldr	r1, [r4, #0]
20007c9c:	6833      	ldr	r3, [r6, #0]
20007c9e:	0608      	lsls	r0, r1, #24
20007ca0:	f853 5b04 	ldr.w	r5, [r3], #4
20007ca4:	d402      	bmi.n	20007cac <_printf_i+0xe8>
20007ca6:	0649      	lsls	r1, r1, #25
20007ca8:	bf48      	it	mi
20007caa:	b2ad      	uxthmi	r5, r5
20007cac:	2f6f      	cmp	r7, #111	@ 0x6f
20007cae:	4853      	ldr	r0, [pc, #332]	@ (20007dfc <_printf_i+0x238>)
20007cb0:	6033      	str	r3, [r6, #0]
20007cb2:	d159      	bne.n	20007d68 <_printf_i+0x1a4>
20007cb4:	2308      	movs	r3, #8
20007cb6:	2100      	movs	r1, #0
20007cb8:	f884 1043 	strb.w	r1, [r4, #67]	@ 0x43
20007cbc:	6866      	ldr	r6, [r4, #4]
20007cbe:	60a6      	str	r6, [r4, #8]
20007cc0:	2e00      	cmp	r6, #0
20007cc2:	db05      	blt.n	20007cd0 <_printf_i+0x10c>
20007cc4:	6821      	ldr	r1, [r4, #0]
20007cc6:	432e      	orrs	r6, r5
20007cc8:	f021 0104 	bic.w	r1, r1, #4
20007ccc:	6021      	str	r1, [r4, #0]
20007cce:	d04d      	beq.n	20007d6c <_printf_i+0x1a8>
20007cd0:	4616      	mov	r6, r2
20007cd2:	fbb5 f1f3 	udiv	r1, r5, r3
20007cd6:	fb03 5711 	mls	r7, r3, r1, r5
20007cda:	5dc7      	ldrb	r7, [r0, r7]
20007cdc:	f806 7d01 	strb.w	r7, [r6, #-1]!
20007ce0:	462f      	mov	r7, r5
20007ce2:	42bb      	cmp	r3, r7
20007ce4:	460d      	mov	r5, r1
20007ce6:	d9f4      	bls.n	20007cd2 <_printf_i+0x10e>
20007ce8:	2b08      	cmp	r3, #8
20007cea:	d10b      	bne.n	20007d04 <_printf_i+0x140>
20007cec:	6823      	ldr	r3, [r4, #0]
20007cee:	07df      	lsls	r7, r3, #31
20007cf0:	d508      	bpl.n	20007d04 <_printf_i+0x140>
20007cf2:	6923      	ldr	r3, [r4, #16]
20007cf4:	6861      	ldr	r1, [r4, #4]
20007cf6:	4299      	cmp	r1, r3
20007cf8:	bfde      	ittt	le
20007cfa:	2330      	movle	r3, #48	@ 0x30
20007cfc:	f806 3c01 	strble.w	r3, [r6, #-1]
20007d00:	f106 36ff 	addle.w	r6, r6, #4294967295
20007d04:	1b92      	subs	r2, r2, r6
20007d06:	6122      	str	r2, [r4, #16]
20007d08:	f8cd a000 	str.w	sl, [sp]
20007d0c:	464b      	mov	r3, r9
20007d0e:	aa03      	add	r2, sp, #12
20007d10:	4621      	mov	r1, r4
20007d12:	4640      	mov	r0, r8
20007d14:	f7ff fee8 	bl	20007ae8 <_printf_common>
20007d18:	3001      	adds	r0, #1
20007d1a:	d14c      	bne.n	20007db6 <_printf_i+0x1f2>
20007d1c:	f04f 30ff 	mov.w	r0, #4294967295
20007d20:	b004      	add	sp, #16
20007d22:	e8bd 87f0 	ldmia.w	sp!, {r4, r5, r6, r7, r8, r9, sl, pc}
20007d26:	6823      	ldr	r3, [r4, #0]
20007d28:	f043 0320 	orr.w	r3, r3, #32
20007d2c:	6023      	str	r3, [r4, #0]
20007d2e:	4834      	ldr	r0, [pc, #208]	@ (20007e00 <_printf_i+0x23c>)
20007d30:	2778      	movs	r7, #120	@ 0x78
20007d32:	f884 7045 	strb.w	r7, [r4, #69]	@ 0x45
20007d36:	6823      	ldr	r3, [r4, #0]
20007d38:	6831      	ldr	r1, [r6, #0]
20007d3a:	061f      	lsls	r7, r3, #24
20007d3c:	f851 5b04 	ldr.w	r5, [r1], #4
20007d40:	d402      	bmi.n	20007d48 <_printf_i+0x184>
20007d42:	065f      	lsls	r7, r3, #25
20007d44:	bf48      	it	mi
20007d46:	b2ad      	uxthmi	r5, r5
20007d48:	6031      	str	r1, [r6, #0]
20007d4a:	07d9      	lsls	r1, r3, #31
20007d4c:	bf44      	itt	mi
20007d4e:	f043 0320 	orrmi.w	r3, r3, #32
20007d52:	6023      	strmi	r3, [r4, #0]
20007d54:	b11d      	cbz	r5, 20007d5e <_printf_i+0x19a>
20007d56:	2310      	movs	r3, #16
20007d58:	e7ad      	b.n	20007cb6 <_printf_i+0xf2>
20007d5a:	4828      	ldr	r0, [pc, #160]	@ (20007dfc <_printf_i+0x238>)
20007d5c:	e7e9      	b.n	20007d32 <_printf_i+0x16e>
20007d5e:	6823      	ldr	r3, [r4, #0]
20007d60:	f023 0320 	bic.w	r3, r3, #32
20007d64:	6023      	str	r3, [r4, #0]
20007d66:	e7f6      	b.n	20007d56 <_printf_i+0x192>
20007d68:	230a      	movs	r3, #10
20007d6a:	e7a4      	b.n	20007cb6 <_printf_i+0xf2>
20007d6c:	4616      	mov	r6, r2
20007d6e:	e7bb      	b.n	20007ce8 <_printf_i+0x124>
20007d70:	6833      	ldr	r3, [r6, #0]
20007d72:	6825      	ldr	r5, [r4, #0]
20007d74:	6961      	ldr	r1, [r4, #20]
20007d76:	1d18      	adds	r0, r3, #4
20007d78:	6030      	str	r0, [r6, #0]
20007d7a:	062e      	lsls	r6, r5, #24
20007d7c:	681b      	ldr	r3, [r3, #0]
20007d7e:	d501      	bpl.n	20007d84 <_printf_i+0x1c0>
20007d80:	6019      	str	r1, [r3, #0]
20007d82:	e002      	b.n	20007d8a <_printf_i+0x1c6>
20007d84:	0668      	lsls	r0, r5, #25
20007d86:	d5fb      	bpl.n	20007d80 <_printf_i+0x1bc>
20007d88:	8019      	strh	r1, [r3, #0]
20007d8a:	2300      	movs	r3, #0
20007d8c:	6123      	str	r3, [r4, #16]
20007d8e:	4616      	mov	r6, r2
20007d90:	e7ba      	b.n	20007d08 <_printf_i+0x144>
20007d92:	6833      	ldr	r3, [r6, #0]
20007d94:	1d1a      	adds	r2, r3, #4
20007d96:	6032      	str	r2, [r6, #0]
20007d98:	681e      	ldr	r6, [r3, #0]
20007d9a:	6862      	ldr	r2, [r4, #4]
20007d9c:	2100      	movs	r1, #0
20007d9e:	4630      	mov	r0, r6
20007da0:	f7ff fb76 	bl	20007490 <memchr>
20007da4:	b108      	cbz	r0, 20007daa <_printf_i+0x1e6>
20007da6:	1b80      	subs	r0, r0, r6
20007da8:	6060      	str	r0, [r4, #4]
20007daa:	6863      	ldr	r3, [r4, #4]
20007dac:	6123      	str	r3, [r4, #16]
20007dae:	2300      	movs	r3, #0
20007db0:	f884 3043 	strb.w	r3, [r4, #67]	@ 0x43
20007db4:	e7a8      	b.n	20007d08 <_printf_i+0x144>
20007db6:	6923      	ldr	r3, [r4, #16]
20007db8:	4632      	mov	r2, r6
20007dba:	4649      	mov	r1, r9
20007dbc:	4640      	mov	r0, r8
20007dbe:	47d0      	blx	sl
20007dc0:	3001      	adds	r0, #1
20007dc2:	d0ab      	beq.n	20007d1c <_printf_i+0x158>
20007dc4:	6823      	ldr	r3, [r4, #0]
20007dc6:	079b      	lsls	r3, r3, #30
20007dc8:	d413      	bmi.n	20007df2 <_printf_i+0x22e>
20007dca:	68e0      	ldr	r0, [r4, #12]
20007dcc:	9b03      	ldr	r3, [sp, #12]
20007dce:	4298      	cmp	r0, r3
20007dd0:	bfb8      	it	lt
20007dd2:	4618      	movlt	r0, r3
20007dd4:	e7a4      	b.n	20007d20 <_printf_i+0x15c>
20007dd6:	2301      	movs	r3, #1
20007dd8:	4632      	mov	r2, r6
20007dda:	4649      	mov	r1, r9
20007ddc:	4640      	mov	r0, r8
20007dde:	47d0      	blx	sl
20007de0:	3001      	adds	r0, #1
20007de2:	d09b      	beq.n	20007d1c <_printf_i+0x158>
20007de4:	3501      	adds	r5, #1
20007de6:	68e3      	ldr	r3, [r4, #12]
20007de8:	9903      	ldr	r1, [sp, #12]
20007dea:	1a5b      	subs	r3, r3, r1
20007dec:	42ab      	cmp	r3, r5
20007dee:	dcf2      	bgt.n	20007dd6 <_printf_i+0x212>
20007df0:	e7eb      	b.n	20007dca <_printf_i+0x206>
20007df2:	2500      	movs	r5, #0
20007df4:	f104 0619 	add.w	r6, r4, #25
20007df8:	e7f5      	b.n	20007de6 <_printf_i+0x222>
20007dfa:	bf00      	nop
20007dfc:	200085a2 	.word	0x200085a2
20007e00:	200085b3 	.word	0x200085b3

20007e04 <memmove>:
20007e04:	4288      	cmp	r0, r1
20007e06:	b510      	push	{r4, lr}
20007e08:	eb01 0402 	add.w	r4, r1, r2
20007e0c:	d902      	bls.n	20007e14 <memmove+0x10>
20007e0e:	4284      	cmp	r4, r0
20007e10:	4623      	mov	r3, r4
20007e12:	d807      	bhi.n	20007e24 <memmove+0x20>
20007e14:	1e43      	subs	r3, r0, #1
20007e16:	42a1      	cmp	r1, r4
20007e18:	d007      	beq.n	20007e2a <memmove+0x26>
20007e1a:	f811 2b01 	ldrb.w	r2, [r1], #1
20007e1e:	f803 2f01 	strb.w	r2, [r3, #1]!
20007e22:	e7f8      	b.n	20007e16 <memmove+0x12>
20007e24:	4402      	add	r2, r0
20007e26:	4282      	cmp	r2, r0
20007e28:	d100      	bne.n	20007e2c <memmove+0x28>
20007e2a:	bd10      	pop	{r4, pc}
20007e2c:	f813 1d01 	ldrb.w	r1, [r3, #-1]!
20007e30:	f802 1d01 	strb.w	r1, [r2, #-1]!
20007e34:	e7f7      	b.n	20007e26 <memmove+0x22>

20007e36 <memcpy>:
20007e36:	440a      	add	r2, r1
20007e38:	4291      	cmp	r1, r2
20007e3a:	f100 33ff 	add.w	r3, r0, #4294967295
20007e3e:	d100      	bne.n	20007e42 <memcpy+0xc>
20007e40:	4770      	bx	lr
20007e42:	b510      	push	{r4, lr}
20007e44:	f811 4b01 	ldrb.w	r4, [r1], #1
20007e48:	f803 4f01 	strb.w	r4, [r3, #1]!
20007e4c:	4291      	cmp	r1, r2
20007e4e:	d1f9      	bne.n	20007e44 <memcpy+0xe>
20007e50:	bd10      	pop	{r4, pc}
	...

20007e54 <_free_r>:
20007e54:	b538      	push	{r3, r4, r5, lr}
20007e56:	4605      	mov	r5, r0
20007e58:	2900      	cmp	r1, #0
20007e5a:	d041      	beq.n	20007ee0 <_free_r+0x8c>
20007e5c:	f851 3c04 	ldr.w	r3, [r1, #-4]
20007e60:	1f0c      	subs	r4, r1, #4
20007e62:	2b00      	cmp	r3, #0
20007e64:	bfb8      	it	lt
20007e66:	18e4      	addlt	r4, r4, r3
20007e68:	f000 f8e0 	bl	2000802c <__malloc_lock>
20007e6c:	4a1d      	ldr	r2, [pc, #116]	@ (20007ee4 <_free_r+0x90>)
20007e6e:	6813      	ldr	r3, [r2, #0]
20007e70:	b933      	cbnz	r3, 20007e80 <_free_r+0x2c>
20007e72:	6063      	str	r3, [r4, #4]
20007e74:	6014      	str	r4, [r2, #0]
20007e76:	4628      	mov	r0, r5
20007e78:	e8bd 4038 	ldmia.w	sp!, {r3, r4, r5, lr}
20007e7c:	f000 b8dc 	b.w	20008038 <__malloc_unlock>
20007e80:	42a3      	cmp	r3, r4
20007e82:	d908      	bls.n	20007e96 <_free_r+0x42>
20007e84:	6820      	ldr	r0, [r4, #0]
20007e86:	1821      	adds	r1, r4, r0
20007e88:	428b      	cmp	r3, r1
20007e8a:	bf01      	itttt	eq
20007e8c:	6819      	ldreq	r1, [r3, #0]
20007e8e:	685b      	ldreq	r3, [r3, #4]
20007e90:	1809      	addeq	r1, r1, r0
20007e92:	6021      	streq	r1, [r4, #0]
20007e94:	e7ed      	b.n	20007e72 <_free_r+0x1e>
20007e96:	461a      	mov	r2, r3
20007e98:	685b      	ldr	r3, [r3, #4]
20007e9a:	b10b      	cbz	r3, 20007ea0 <_free_r+0x4c>
20007e9c:	42a3      	cmp	r3, r4
20007e9e:	d9fa      	bls.n	20007e96 <_free_r+0x42>
20007ea0:	6811      	ldr	r1, [r2, #0]
20007ea2:	1850      	adds	r0, r2, r1
20007ea4:	42a0      	cmp	r0, r4
20007ea6:	d10b      	bne.n	20007ec0 <_free_r+0x6c>
20007ea8:	6820      	ldr	r0, [r4, #0]
20007eaa:	4401      	add	r1, r0
20007eac:	1850      	adds	r0, r2, r1
20007eae:	4283      	cmp	r3, r0
20007eb0:	6011      	str	r1, [r2, #0]
20007eb2:	d1e0      	bne.n	20007e76 <_free_r+0x22>
20007eb4:	6818      	ldr	r0, [r3, #0]
20007eb6:	685b      	ldr	r3, [r3, #4]
20007eb8:	6053      	str	r3, [r2, #4]
20007eba:	4408      	add	r0, r1
20007ebc:	6010      	str	r0, [r2, #0]
20007ebe:	e7da      	b.n	20007e76 <_free_r+0x22>
20007ec0:	d902      	bls.n	20007ec8 <_free_r+0x74>
20007ec2:	230c      	movs	r3, #12
20007ec4:	602b      	str	r3, [r5, #0]
20007ec6:	e7d6      	b.n	20007e76 <_free_r+0x22>
20007ec8:	6820      	ldr	r0, [r4, #0]
20007eca:	1821      	adds	r1, r4, r0
20007ecc:	428b      	cmp	r3, r1
20007ece:	bf04      	itt	eq
20007ed0:	6819      	ldreq	r1, [r3, #0]
20007ed2:	685b      	ldreq	r3, [r3, #4]
20007ed4:	6063      	str	r3, [r4, #4]
20007ed6:	bf04      	itt	eq
20007ed8:	1809      	addeq	r1, r1, r0
20007eda:	6021      	streq	r1, [r4, #0]
20007edc:	6054      	str	r4, [r2, #4]
20007ede:	e7ca      	b.n	20007e76 <_free_r+0x22>
20007ee0:	bd38      	pop	{r3, r4, r5, pc}
20007ee2:	bf00      	nop
20007ee4:	200123e4 	.word	0x200123e4

20007ee8 <sbrk_aligned>:
20007ee8:	b570      	push	{r4, r5, r6, lr}
20007eea:	4e0f      	ldr	r6, [pc, #60]	@ (20007f28 <sbrk_aligned+0x40>)
20007eec:	460c      	mov	r4, r1
20007eee:	6831      	ldr	r1, [r6, #0]
20007ef0:	4605      	mov	r5, r0
20007ef2:	b911      	cbnz	r1, 20007efa <sbrk_aligned+0x12>
20007ef4:	f000 f8d4 	bl	200080a0 <_sbrk_r>
20007ef8:	6030      	str	r0, [r6, #0]
20007efa:	4621      	mov	r1, r4
20007efc:	4628      	mov	r0, r5
20007efe:	f000 f8cf 	bl	200080a0 <_sbrk_r>
20007f02:	1c43      	adds	r3, r0, #1
20007f04:	d103      	bne.n	20007f0e <sbrk_aligned+0x26>
20007f06:	f04f 34ff 	mov.w	r4, #4294967295
20007f0a:	4620      	mov	r0, r4
20007f0c:	bd70      	pop	{r4, r5, r6, pc}
20007f0e:	1cc4      	adds	r4, r0, #3
20007f10:	f024 0403 	bic.w	r4, r4, #3
20007f14:	42a0      	cmp	r0, r4
20007f16:	d0f8      	beq.n	20007f0a <sbrk_aligned+0x22>
20007f18:	1a21      	subs	r1, r4, r0
20007f1a:	4628      	mov	r0, r5
20007f1c:	f000 f8c0 	bl	200080a0 <_sbrk_r>
20007f20:	3001      	adds	r0, #1
20007f22:	d1f2      	bne.n	20007f0a <sbrk_aligned+0x22>
20007f24:	e7ef      	b.n	20007f06 <sbrk_aligned+0x1e>
20007f26:	bf00      	nop
20007f28:	200123e0 	.word	0x200123e0

20007f2c <_malloc_r>:
20007f2c:	e92d 43f8 	stmdb	sp!, {r3, r4, r5, r6, r7, r8, r9, lr}
20007f30:	1ccd      	adds	r5, r1, #3
20007f32:	f025 0503 	bic.w	r5, r5, #3
20007f36:	3508      	adds	r5, #8
20007f38:	2d0c      	cmp	r5, #12
20007f3a:	bf38      	it	cc
20007f3c:	250c      	movcc	r5, #12
20007f3e:	2d00      	cmp	r5, #0
20007f40:	4606      	mov	r6, r0
20007f42:	db01      	blt.n	20007f48 <_malloc_r+0x1c>
20007f44:	42a9      	cmp	r1, r5
20007f46:	d904      	bls.n	20007f52 <_malloc_r+0x26>
20007f48:	230c      	movs	r3, #12
20007f4a:	6033      	str	r3, [r6, #0]
20007f4c:	2000      	movs	r0, #0
20007f4e:	e8bd 83f8 	ldmia.w	sp!, {r3, r4, r5, r6, r7, r8, r9, pc}
20007f52:	f8df 80d4 	ldr.w	r8, [pc, #212]	@ 20008028 <_malloc_r+0xfc>
20007f56:	f000 f869 	bl	2000802c <__malloc_lock>
20007f5a:	f8d8 3000 	ldr.w	r3, [r8]
20007f5e:	461c      	mov	r4, r3
20007f60:	bb44      	cbnz	r4, 20007fb4 <_malloc_r+0x88>
20007f62:	4629      	mov	r1, r5
20007f64:	4630      	mov	r0, r6
20007f66:	f7ff ffbf 	bl	20007ee8 <sbrk_aligned>
20007f6a:	1c43      	adds	r3, r0, #1
20007f6c:	4604      	mov	r4, r0
20007f6e:	d158      	bne.n	20008022 <_malloc_r+0xf6>
20007f70:	f8d8 4000 	ldr.w	r4, [r8]
20007f74:	4627      	mov	r7, r4
20007f76:	2f00      	cmp	r7, #0
20007f78:	d143      	bne.n	20008002 <_malloc_r+0xd6>
20007f7a:	2c00      	cmp	r4, #0
20007f7c:	d04b      	beq.n	20008016 <_malloc_r+0xea>
20007f7e:	6823      	ldr	r3, [r4, #0]
20007f80:	4639      	mov	r1, r7
20007f82:	4630      	mov	r0, r6
20007f84:	eb04 0903 	add.w	r9, r4, r3
20007f88:	f000 f88a 	bl	200080a0 <_sbrk_r>
20007f8c:	4581      	cmp	r9, r0
20007f8e:	d142      	bne.n	20008016 <_malloc_r+0xea>
20007f90:	6821      	ldr	r1, [r4, #0]
20007f92:	1a6d      	subs	r5, r5, r1
20007f94:	4629      	mov	r1, r5
20007f96:	4630      	mov	r0, r6
20007f98:	f7ff ffa6 	bl	20007ee8 <sbrk_aligned>
20007f9c:	3001      	adds	r0, #1
20007f9e:	d03a      	beq.n	20008016 <_malloc_r+0xea>
20007fa0:	6823      	ldr	r3, [r4, #0]
20007fa2:	442b      	add	r3, r5
20007fa4:	6023      	str	r3, [r4, #0]
20007fa6:	f8d8 3000 	ldr.w	r3, [r8]
20007faa:	685a      	ldr	r2, [r3, #4]
20007fac:	bb62      	cbnz	r2, 20008008 <_malloc_r+0xdc>
20007fae:	f8c8 7000 	str.w	r7, [r8]
20007fb2:	e00f      	b.n	20007fd4 <_malloc_r+0xa8>
20007fb4:	6822      	ldr	r2, [r4, #0]
20007fb6:	1b52      	subs	r2, r2, r5
20007fb8:	d420      	bmi.n	20007ffc <_malloc_r+0xd0>
20007fba:	2a0b      	cmp	r2, #11
20007fbc:	d917      	bls.n	20007fee <_malloc_r+0xc2>
20007fbe:	1961      	adds	r1, r4, r5
20007fc0:	42a3      	cmp	r3, r4
20007fc2:	6025      	str	r5, [r4, #0]
20007fc4:	bf18      	it	ne
20007fc6:	6059      	strne	r1, [r3, #4]
20007fc8:	6863      	ldr	r3, [r4, #4]
20007fca:	bf08      	it	eq
20007fcc:	f8c8 1000 	streq.w	r1, [r8]
20007fd0:	5162      	str	r2, [r4, r5]
20007fd2:	604b      	str	r3, [r1, #4]
20007fd4:	4630      	mov	r0, r6
20007fd6:	f000 f82f 	bl	20008038 <__malloc_unlock>
20007fda:	f104 000b 	add.w	r0, r4, #11
20007fde:	1d23      	adds	r3, r4, #4
20007fe0:	f020 0007 	bic.w	r0, r0, #7
20007fe4:	1ac2      	subs	r2, r0, r3
20007fe6:	bf1c      	itt	ne
20007fe8:	1a1b      	subne	r3, r3, r0
20007fea:	50a3      	strne	r3, [r4, r2]
20007fec:	e7af      	b.n	20007f4e <_malloc_r+0x22>
20007fee:	6862      	ldr	r2, [r4, #4]
20007ff0:	42a3      	cmp	r3, r4
20007ff2:	bf0c      	ite	eq
20007ff4:	f8c8 2000 	streq.w	r2, [r8]
20007ff8:	605a      	strne	r2, [r3, #4]
20007ffa:	e7eb      	b.n	20007fd4 <_malloc_r+0xa8>
20007ffc:	4623      	mov	r3, r4
20007ffe:	6864      	ldr	r4, [r4, #4]
20008000:	e7ae      	b.n	20007f60 <_malloc_r+0x34>
20008002:	463c      	mov	r4, r7
20008004:	687f      	ldr	r7, [r7, #4]
20008006:	e7b6      	b.n	20007f76 <_malloc_r+0x4a>
20008008:	461a      	mov	r2, r3
2000800a:	685b      	ldr	r3, [r3, #4]
2000800c:	42a3      	cmp	r3, r4
2000800e:	d1fb      	bne.n	20008008 <_malloc_r+0xdc>
20008010:	2300      	movs	r3, #0
20008012:	6053      	str	r3, [r2, #4]
20008014:	e7de      	b.n	20007fd4 <_malloc_r+0xa8>
20008016:	230c      	movs	r3, #12
20008018:	6033      	str	r3, [r6, #0]
2000801a:	4630      	mov	r0, r6
2000801c:	f000 f80c 	bl	20008038 <__malloc_unlock>
20008020:	e794      	b.n	20007f4c <_malloc_r+0x20>
20008022:	6005      	str	r5, [r0, #0]
20008024:	e7d6      	b.n	20007fd4 <_malloc_r+0xa8>
20008026:	bf00      	nop
20008028:	200123e4 	.word	0x200123e4

2000802c <__malloc_lock>:
2000802c:	4801      	ldr	r0, [pc, #4]	@ (20008034 <__malloc_lock+0x8>)
2000802e:	f000 b84c 	b.w	200080ca <__retarget_lock_acquire_recursive>
20008032:	bf00      	nop
20008034:	200123ec 	.word	0x200123ec

20008038 <__malloc_unlock>:
20008038:	4801      	ldr	r0, [pc, #4]	@ (20008040 <__malloc_unlock+0x8>)
2000803a:	f000 b84c 	b.w	200080d6 <__retarget_lock_release_recursive>
2000803e:	bf00      	nop
20008040:	200123ec 	.word	0x200123ec

20008044 <_realloc_r>:
20008044:	e92d 41f0 	stmdb	sp!, {r4, r5, r6, r7, r8, lr}
20008048:	4607      	mov	r7, r0
2000804a:	4614      	mov	r4, r2
2000804c:	460d      	mov	r5, r1
2000804e:	b921      	cbnz	r1, 2000805a <_realloc_r+0x16>
20008050:	e8bd 41f0 	ldmia.w	sp!, {r4, r5, r6, r7, r8, lr}
20008054:	4611      	mov	r1, r2
20008056:	f7ff bf69 	b.w	20007f2c <_malloc_r>
2000805a:	b92a      	cbnz	r2, 20008068 <_realloc_r+0x24>
2000805c:	f7ff fefa 	bl	20007e54 <_free_r>
20008060:	4625      	mov	r5, r4
20008062:	4628      	mov	r0, r5
20008064:	e8bd 81f0 	ldmia.w	sp!, {r4, r5, r6, r7, r8, pc}
20008068:	f000 f836 	bl	200080d8 <_malloc_usable_size_r>
2000806c:	4284      	cmp	r4, r0
2000806e:	4606      	mov	r6, r0
20008070:	d802      	bhi.n	20008078 <_realloc_r+0x34>
20008072:	ebb4 0f50 	cmp.w	r4, r0, lsr #1
20008076:	d8f4      	bhi.n	20008062 <_realloc_r+0x1e>
20008078:	4621      	mov	r1, r4
2000807a:	4638      	mov	r0, r7
2000807c:	f7ff ff56 	bl	20007f2c <_malloc_r>
20008080:	4680      	mov	r8, r0
20008082:	b908      	cbnz	r0, 20008088 <_realloc_r+0x44>
20008084:	4645      	mov	r5, r8
20008086:	e7ec      	b.n	20008062 <_realloc_r+0x1e>
20008088:	42b4      	cmp	r4, r6
2000808a:	4622      	mov	r2, r4
2000808c:	4629      	mov	r1, r5
2000808e:	bf28      	it	cs
20008090:	4632      	movcs	r2, r6
20008092:	f7ff fed0 	bl	20007e36 <memcpy>
20008096:	4629      	mov	r1, r5
20008098:	4638      	mov	r0, r7
2000809a:	f7ff fedb 	bl	20007e54 <_free_r>
2000809e:	e7f1      	b.n	20008084 <_realloc_r+0x40>

200080a0 <_sbrk_r>:
200080a0:	b538      	push	{r3, r4, r5, lr}
200080a2:	4d06      	ldr	r5, [pc, #24]	@ (200080bc <_sbrk_r+0x1c>)
200080a4:	2300      	movs	r3, #0
200080a6:	4604      	mov	r4, r0
200080a8:	4608      	mov	r0, r1
200080aa:	602b      	str	r3, [r5, #0]
200080ac:	f7f8 fcc0 	bl	20000a30 <_sbrk>
200080b0:	1c43      	adds	r3, r0, #1
200080b2:	d102      	bne.n	200080ba <_sbrk_r+0x1a>
200080b4:	682b      	ldr	r3, [r5, #0]
200080b6:	b103      	cbz	r3, 200080ba <_sbrk_r+0x1a>
200080b8:	6023      	str	r3, [r4, #0]
200080ba:	bd38      	pop	{r3, r4, r5, pc}
200080bc:	200123f0 	.word	0x200123f0

200080c0 <__retarget_lock_init>:
200080c0:	4770      	bx	lr

200080c2 <__retarget_lock_init_recursive>:
200080c2:	4770      	bx	lr

200080c4 <__retarget_lock_close>:
200080c4:	4770      	bx	lr

200080c6 <__retarget_lock_close_recursive>:
200080c6:	4770      	bx	lr

200080c8 <__retarget_lock_acquire>:
200080c8:	4770      	bx	lr

200080ca <__retarget_lock_acquire_recursive>:
200080ca:	4770      	bx	lr

200080cc <__retarget_lock_try_acquire>:
200080cc:	2001      	movs	r0, #1
200080ce:	4770      	bx	lr

200080d0 <__retarget_lock_try_acquire_recursive>:
200080d0:	2001      	movs	r0, #1
200080d2:	4770      	bx	lr

200080d4 <__retarget_lock_release>:
200080d4:	4770      	bx	lr

200080d6 <__retarget_lock_release_recursive>:
200080d6:	4770      	bx	lr

200080d8 <_malloc_usable_size_r>:
200080d8:	f851 3c04 	ldr.w	r3, [r1, #-4]
200080dc:	1f18      	subs	r0, r3, #4
200080de:	2b00      	cmp	r3, #0
200080e0:	bfbc      	itt	lt
200080e2:	580b      	ldrlt	r3, [r1, r0]
200080e4:	18c0      	addlt	r0, r0, r3
200080e6:	4770      	bx	lr

200080e8 <_reclaim_reent>:
200080e8:	4b2d      	ldr	r3, [pc, #180]	@ (200081a0 <_reclaim_reent+0xb8>)
200080ea:	681b      	ldr	r3, [r3, #0]
200080ec:	4283      	cmp	r3, r0
200080ee:	b570      	push	{r4, r5, r6, lr}
200080f0:	4604      	mov	r4, r0
200080f2:	d053      	beq.n	2000819c <_reclaim_reent+0xb4>
200080f4:	69c3      	ldr	r3, [r0, #28]
200080f6:	b31b      	cbz	r3, 20008140 <_reclaim_reent+0x58>
200080f8:	68db      	ldr	r3, [r3, #12]
200080fa:	b163      	cbz	r3, 20008116 <_reclaim_reent+0x2e>
200080fc:	2500      	movs	r5, #0
200080fe:	69e3      	ldr	r3, [r4, #28]
20008100:	68db      	ldr	r3, [r3, #12]
20008102:	5959      	ldr	r1, [r3, r5]
20008104:	b9b1      	cbnz	r1, 20008134 <_reclaim_reent+0x4c>
20008106:	3504      	adds	r5, #4
20008108:	2d80      	cmp	r5, #128	@ 0x80
2000810a:	d1f8      	bne.n	200080fe <_reclaim_reent+0x16>
2000810c:	69e3      	ldr	r3, [r4, #28]
2000810e:	4620      	mov	r0, r4
20008110:	68d9      	ldr	r1, [r3, #12]
20008112:	f7ff fe9f 	bl	20007e54 <_free_r>
20008116:	69e3      	ldr	r3, [r4, #28]
20008118:	6819      	ldr	r1, [r3, #0]
2000811a:	b111      	cbz	r1, 20008122 <_reclaim_reent+0x3a>
2000811c:	4620      	mov	r0, r4
2000811e:	f7ff fe99 	bl	20007e54 <_free_r>
20008122:	69e3      	ldr	r3, [r4, #28]
20008124:	689d      	ldr	r5, [r3, #8]
20008126:	b15d      	cbz	r5, 20008140 <_reclaim_reent+0x58>
20008128:	4629      	mov	r1, r5
2000812a:	4620      	mov	r0, r4
2000812c:	682d      	ldr	r5, [r5, #0]
2000812e:	f7ff fe91 	bl	20007e54 <_free_r>
20008132:	e7f8      	b.n	20008126 <_reclaim_reent+0x3e>
20008134:	680e      	ldr	r6, [r1, #0]
20008136:	4620      	mov	r0, r4
20008138:	f7ff fe8c 	bl	20007e54 <_free_r>
2000813c:	4631      	mov	r1, r6
2000813e:	e7e1      	b.n	20008104 <_reclaim_reent+0x1c>
20008140:	6961      	ldr	r1, [r4, #20]
20008142:	b111      	cbz	r1, 2000814a <_reclaim_reent+0x62>
20008144:	4620      	mov	r0, r4
20008146:	f7ff fe85 	bl	20007e54 <_free_r>
2000814a:	69e1      	ldr	r1, [r4, #28]
2000814c:	b111      	cbz	r1, 20008154 <_reclaim_reent+0x6c>
2000814e:	4620      	mov	r0, r4
20008150:	f7ff fe80 	bl	20007e54 <_free_r>
20008154:	6b21      	ldr	r1, [r4, #48]	@ 0x30
20008156:	b111      	cbz	r1, 2000815e <_reclaim_reent+0x76>
20008158:	4620      	mov	r0, r4
2000815a:	f7ff fe7b 	bl	20007e54 <_free_r>
2000815e:	6b61      	ldr	r1, [r4, #52]	@ 0x34
20008160:	b111      	cbz	r1, 20008168 <_reclaim_reent+0x80>
20008162:	4620      	mov	r0, r4
20008164:	f7ff fe76 	bl	20007e54 <_free_r>
20008168:	6ba1      	ldr	r1, [r4, #56]	@ 0x38
2000816a:	b111      	cbz	r1, 20008172 <_reclaim_reent+0x8a>
2000816c:	4620      	mov	r0, r4
2000816e:	f7ff fe71 	bl	20007e54 <_free_r>
20008172:	6ca1      	ldr	r1, [r4, #72]	@ 0x48
20008174:	b111      	cbz	r1, 2000817c <_reclaim_reent+0x94>
20008176:	4620      	mov	r0, r4
20008178:	f7ff fe6c 	bl	20007e54 <_free_r>
2000817c:	6c61      	ldr	r1, [r4, #68]	@ 0x44
2000817e:	b111      	cbz	r1, 20008186 <_reclaim_reent+0x9e>
20008180:	4620      	mov	r0, r4
20008182:	f7ff fe67 	bl	20007e54 <_free_r>
20008186:	6ae1      	ldr	r1, [r4, #44]	@ 0x2c
20008188:	b111      	cbz	r1, 20008190 <_reclaim_reent+0xa8>
2000818a:	4620      	mov	r0, r4
2000818c:	f7ff fe62 	bl	20007e54 <_free_r>
20008190:	6a23      	ldr	r3, [r4, #32]
20008192:	b11b      	cbz	r3, 2000819c <_reclaim_reent+0xb4>
20008194:	4620      	mov	r0, r4
20008196:	e8bd 4070 	ldmia.w	sp!, {r4, r5, r6, lr}
2000819a:	4718      	bx	r3
2000819c:	bd70      	pop	{r4, r5, r6, pc}
2000819e:	bf00      	nop
200081a0:	20009570 	.word	0x20009570
200081a4:	206e6143 	.word	0x206e6143
200081a8:	2067736d 	.word	0x2067736d
200081ac:	65636572 	.word	0x65636572
200081b0:	64657669 	.word	0x64657669
200081b4:	0000203a 	.word	0x0000203a
200081b8:	75706e49 	.word	0x75706e49
200081bc:	656b2074 	.word	0x656b2074
200081c0:	6f6e2079 	.word	0x6f6e2079
200081c4:	6c612074 	.word	0x6c612074
200081c8:	65776f6c 	.word	0x65776f6c
200081cc:	3e202164 	.word	0x3e202164
200081d0:	0000283a 	.word	0x0000283a
200081d4:	75706e49 	.word	0x75706e49
200081d8:	65742074 	.word	0x65742074
200081dc:	206f706d 	.word	0x206f706d
200081e0:	20746f6e 	.word	0x20746f6e
200081e4:	6f6c6c61 	.word	0x6f6c6c61
200081e8:	21646577 	.word	0x21646577
200081ec:	283a3e20 	.word	0x283a3e20
200081f0:	00000000 	.word	0x00000000
200081f4:	6c6c6548 	.word	0x6c6c6548
200081f8:	68202c6f 	.word	0x68202c6f
200081fc:	6f6c6c65 	.word	0x6f6c6c65
20008200:	0a2e2e2e 	.word	0x0a2e2e2e
20008204:	00000000 	.word	0x00000000

20008208 <notes>:
20008208:	00000000 00000002 00000004 00000000     ................
20008218:	00000000 00000002 00000004 00000000     ................
20008228:	00000004 00000005 00000007 00000004     ................
20008238:	00000005 00000007 00000007 00000009     ................
20008248:	00000007 00000005 00000004 00000000     ................
20008258:	00000007 00000009 00000007 00000005     ................
20008268:	00000004 00000000 00000000 fffffffb     ................
	...
20008280:	fffffffb 00000000                       ........

20008288 <periods>:
20008288:	000007e8 00000777 0000070c 000006a7     ....w...........
20008298:	00000647 000005ed 00000598 00000547     G...........G...
200082a8:	000004fc 000004b4 00000470 00000431     ........p...1...
200082b8:	000003f4 000003bc 00000386 00000353     ............S...
200082c8:	00000324 000002f6 000002cc 000002a4     $...............
200082d8:	0000027e 0000025a 00000238 00000218     ~...Z...8.......
200082e8:	000001fa                                ....

200082ec <noteLens>:
200082ec:	02020202 02020202 02040202 01010402     ................
200082fc:	02020101 01010101 02020202 04020204     ................
2000830c:	2077656e 706d6574 25203a6f 00000a64     new tempo: %d...
2000831c:	2077656e 3a79656b 0a642520 00000000     new key: %d.....
2000832c:	756c6f76 6920656d 64252073 0000000a     volume is %d....
2000833c:	6574756d 0000000a 756d6e75 000a6574     mute....unmute..
2000834c:	45544f4e 735f203a 206b7262 75206e69     NOTE: _sbrk in u
2000835c:	0a216573 0000000d 494e4150 21212143     se!.....PANIC!!!
2000836c:	00000020 74706d45 75712079 00657565      ...Empty queue.
2000837c:	74706d45 6f702079 00006c6f 00000d0a     Empty pool......
2000838c:	796e6954 626d6954 00207265 302e3276     TinyTimber .v2.0
2000839c:	20316136 32303228 33302d31 2931312d     6a1 (2021-03-11)
200083ac:	00000000 69766544 49206563 6e205152     ....Device IRQ n
200083bc:	7320746f 6f707075 64657472 2e2e2e20     ot supported ...
200083cc:	00000000 41430d0a 3123204e 696e4920     ......CAN #1 Ini
200083dc:	61662074 64656c69 000d0a21 204e4143     t failed!...CAN 
200083ec:	49203223 2074696e 6c696166 0a216465     #2 Init failed!.
200083fc:	0000000d 74530d0a 676e6172 4e203a65     ......Strange: N
2000840c:	6120746f 4e414320 20312320 4f464946     ot a CAN #1 FIFO
2000841c:	52492030 0d0a2151 00000000 74530d0a     0 IRQ!........St
2000842c:	676e6172 43203a65 23204e41 49462031     range: CAN #1 FI
2000843c:	20304f46 6c6c7546 000d0a21 204e4143     FO0 Full!...CAN 
2000844c:	75427854 75662066 0a216c6c 0000000d     TxBuf full!.....
2000845c:	74530d0a 676e6172 4e203a65 6120746f     ..Strange: Not a
2000846c:	49504720 6220424f 20377469 21515249      GPIOB bit7 IRQ!
2000847c:	00000d0a                                ....

20008480 <APBAHBPrescTable>:
20008480:	00000000 04030201 04030201 09080706     ................

20008490 <_ctype_>:
20008490:	20202000 20202020 28282020 20282828     .         ((((( 
200084a0:	20202020 20202020 20202020 20202020                     
200084b0:	10108820 10101010 10101010 10101010      ...............
200084c0:	04040410 04040404 10040404 10101010     ................
200084d0:	41411010 41414141 01010101 01010101     ..AAAAAA........
200084e0:	01010101 01010101 01010101 10101010     ................
200084f0:	42421010 42424242 02020202 02020202     ..BBBBBB........
20008500:	02020202 02020202 02020202 10101010     ................
20008510:	00000020 00000000 00000000 00000000      ...............
	...
20008590:	302d2300 6800202b 65004c6c 46456766     .#-0+ .hlL.efgEF
200085a0:	31300047 35343332 39383736 44434241     G.0123456789ABCD
200085b0:	30004645 34333231 38373635 63626139     EF.0123456789abc
200085c0:	00666564                                def.
